FailureID,FailureTimestamp,DateKey,UnitCode,ComponentID,FailureMode,WorkOrderID,RepairStart,RepairEnd,ActiveRepairHours,LogisticsWaitHours,TotalDownHours,SMUHours,FailureCode,SourceSystem
F-000001,2025-10-04 01:30:00,20251004,TR-001,CMP-ENG,Turbo fault,WO-000001,2025-10-04 03:21:02,2025-10-04 09:23:38,6.04,1.85,7.89,8061.6,ENG-13,CMMS-SIM
F-000002,2025-10-04 10:00:00,20251004,TR-001,CMP-TYR,Track tension failure,WO-000002,2025-10-04 10:30:00,2025-10-04 23:27:37,12.96,0.5,13.46,8114.9,TYR-18,CMMS-SIM
F-000003,2025-10-07 01:30:00,20251007,TR-001,CMP-ELE,Harness damage,WO-000004,2025-10-07 03:27:11,2025-10-07 18:11:00,14.73,1.95,16.68,8145.6,ELE-52,CMMS-SIM
F-000004,2025-10-08 07:30:00,20251008,TR-001,CMP-HYD,Hose burst,WO-000005,2025-10-08 07:54:55,2025-10-08 10:43:02,2.8,0.42,3.22,8221.9,HYD-08,CMMS-SIM
F-000005,2025-10-08 16:00:00,20251008,TR-001,CMP-HYD,Boom cylinder seal leak,WO-000006,2025-10-08 17:33:59,2025-10-08 20:24:46,2.85,1.57,4.41,8282.8,HYD-55,CMMS-SIM
F-000006,2025-10-12 01:30:00,20251012,TR-001,CMP-HYD,Boom cylinder seal leak,WO-000007,2025-10-12 04:38:12,2025-10-12 10:26:44,5.81,3.14,8.95,8308.0,HYD-69,CMMS-SIM
F-000007,2025-10-12 07:30:00,20251012,TR-001,CMP-ELE,Lighting circuit fault,WO-000008,2025-10-12 09:21:44,2025-10-12 12:34:58,3.22,1.86,5.08,8320.3,ELE-41,CMMS-SIM
F-000008,2025-10-15 12:30:00,20251015,TR-001,CMP-ELE,Lighting circuit fault,WO-000009,2025-10-15 13:02:03,2025-10-15 14:45:23,1.72,0.53,2.26,8409.0,ELE-50,CMMS-SIM
F-000009,2025-10-18 05:00:00,20251018,TR-001,CMP-HYD,Boom cylinder seal leak,WO-000011,2025-10-18 05:25:28,2025-10-18 09:38:47,4.22,0.42,4.65,8422.8,HYD-05,CMMS-SIM
F-000010,2025-10-24 10:30:00,20251024,TR-001,CMP-BRK,Brake wear alarm,WO-000015,2025-10-24 10:48:03,2025-10-24 16:46:20,5.97,0.3,6.27,8480.0,BRK-80,CMMS-SIM
F-000011,2025-10-25 12:30:00,20251025,TR-001,CMP-HYD,Main pump failure,WO-000016,2025-10-25 13:25:26,2025-10-25 16:19:25,2.9,0.92,3.82,8501.1,HYD-69,CMMS-SIM
F-000012,2025-10-27 15:30:00,20251027,TR-001,CMP-HYD,Boom cylinder seal leak,WO-000018,2025-10-27 15:47:07,2025-10-27 22:22:12,6.58,0.29,6.87,8582.7,HYD-35,CMMS-SIM
F-000013,2025-10-28 04:30:00,20251028,TR-001,CMP-HYD,Main pump failure,WO-000019,2025-10-28 04:56:53,2025-10-28 07:06:38,2.16,0.45,2.61,8650.1,HYD-90,CMMS-SIM
F-000014,2025-10-28 13:00:00,20251028,TR-001,CMP-TYR,Tyre change,WO-000020,2025-10-28 13:37:33,2025-10-28 21:47:46,8.17,0.63,8.8,8668.9,TYR-42,CMMS-SIM
F-000015,2025-10-30 01:00:00,20251030,TR-001,CMP-HYD,Valve block leak,WO-000022,2025-10-30 01:27:13,2025-10-30 10:48:16,9.35,0.45,9.8,8746.8,HYD-13,CMMS-SIM
F-000016,2025-10-30 14:30:00,20251030,TR-001,CMP-ELE,Lighting circuit fault,WO-000023,2025-10-30 15:33:31,2025-10-31 04:24:00,12.84,1.06,13.9,8767.9,ELE-11,CMMS-SIM
F-000017,2025-11-06 12:00:00,20251106,TR-001,CMP-ENG,Cooling issue,WO-000024,2025-11-06 12:35:14,2025-11-06 19:03:01,6.46,0.59,7.05,8790.7,ENG-02,CMMS-SIM
F-000018,2025-11-06 19:30:00,20251106,TR-001,CMP-HYD,Main pump failure,WO-000025,2025-11-06 19:38:53,2025-11-07 00:26:05,4.79,0.15,4.93,8834.1,HYD-34,CMMS-SIM
F-000019,2025-11-10 01:30:00,20251110,TR-001,CMP-STR,Crack inspection,WO-000027,2025-11-10 03:56:55,2025-11-10 10:11:08,6.24,2.45,8.69,8874.3,STR-11,CMMS-SIM
F-000020,2025-11-11 12:00:00,20251111,TR-001,CMP-TYR,Sidewall damage,WO-000028,2025-11-11 14:19:56,2025-11-11 23:40:22,9.34,2.33,11.67,8957.6,TYR-64,CMMS-SIM
F-000021,2025-11-13 00:30:00,20251113,TR-001,CMP-HYD,Hose burst,WO-000029,2025-11-13 01:42:19,2025-11-13 09:38:03,7.93,1.21,9.13,8992.9,HYD-33,CMMS-SIM
F-000022,2025-11-14 07:30:00,20251114,TR-001,CMP-TYR,Tyre change,WO-000031,2025-11-14 08:00:27,2025-11-14 12:50:33,4.83,0.51,5.34,9007.6,TYR-96,CMMS-SIM
F-000023,2025-11-20 17:00:00,20251120,TR-001,CMP-HYD,Valve block leak,WO-000033,2025-11-20 19:05:17,2025-11-21 05:55:30,10.84,2.09,12.93,9088.1,HYD-88,CMMS-SIM
F-000024,2025-11-26 02:30:00,20251126,TR-001,CMP-BRK,Brake wear alarm,WO-000035,2025-11-26 04:41:41,2025-11-26 09:28:42,4.78,2.19,6.98,9123.2,BRK-73,CMMS-SIM
F-000025,2025-11-27 00:00:00,20251127,TR-001,CMP-HYD,Main pump failure,WO-000037,2025-11-27 02:11:46,2025-11-27 14:55:51,12.73,2.2,14.93,9188.3,HYD-14,CMMS-SIM
F-000026,2025-11-28 09:00:00,20251128,TR-001,CMP-HYD,Boom cylinder seal leak,WO-000038,2025-11-28 12:09:16,2025-11-28 19:53:09,7.73,3.15,10.89,9246.8,HYD-79,CMMS-SIM
F-000027,2025-12-04 11:30:00,20251204,TR-001,CMP-ENG,Cooling issue,WO-000041,2025-12-04 13:30:01,2025-12-04 17:12:48,3.71,2.0,5.71,9279.2,ENG-99,CMMS-SIM
F-000028,2025-12-06 21:30:00,20251206,TR-001,CMP-ELE,Sensor failure,WO-000042,2025-12-07 03:36:23,2025-12-07 19:25:46,15.82,6.11,21.93,9355.7,ELE-24,CMMS-SIM
F-000029,2025-12-07 12:00:00,20251207,TR-001,CMP-HYD,Boom cylinder seal leak,WO-000043,2025-12-07 14:01:00,2025-12-07 17:38:39,3.63,2.02,5.64,9428.3,HYD-57,CMMS-SIM
F-000030,2025-12-10 19:00:00,20251210,TR-001,CMP-ELE,Sensor failure,WO-000046,2025-12-10 20:35:13,2025-12-10 21:51:26,1.27,1.59,2.86,9490.7,ELE-88,CMMS-SIM
F-000031,2025-12-17 10:30:00,20251217,TR-001,CMP-SVC,Service-related defect,WO-000052,2025-12-17 11:51:21,2025-12-17 18:44:08,6.88,1.36,8.24,9579.6,SVC-72,CMMS-SIM
F-000032,2025-12-18 08:00:00,20251218,TR-001,CMP-HYD,Valve block leak,WO-000053,2025-12-18 10:01:54,2025-12-18 20:12:39,10.18,2.03,12.21,9609.2,HYD-54,CMMS-SIM
F-000033,2025-12-27 19:30:00,20251227,TR-001,CMP-ELE,Sensor failure,WO-000057,2025-12-27 20:09:25,2025-12-27 23:53:59,3.74,0.66,4.4,9620.8,ELE-71,CMMS-SIM
F-000034,2025-12-31 19:00:00,20251231,TR-001,CMP-BRK,Brake pressure fault,WO-000059,2025-12-31 19:33:46,2026-01-01 01:28:26,5.91,0.56,6.47,9674.4,BRK-69,CMMS-SIM
F-000035,2026-01-11 17:30:00,20260111,TR-001,CMP-HYD,Hose burst,WO-000062,2026-01-11 17:52:42,2026-01-12 10:44:03,16.86,0.38,17.23,9701.1,HYD-24,CMMS-SIM
F-000036,2026-01-13 18:30:00,20260113,TR-001,CMP-TYR,Tyre change,WO-000064,2026-01-13 20:22:47,2026-01-13 23:49:27,3.44,1.88,5.32,9785.3,TYR-57,CMMS-SIM
F-000037,2026-01-16 18:00:00,20260116,TR-001,CMP-ENG,Cooling issue,WO-000067,2026-01-16 22:33:49,2026-01-17 02:02:10,3.47,4.56,8.04,9806.9,ENG-77,CMMS-SIM
F-000038,2026-01-17 23:00:00,20260117,TR-001,CMP-TYR,Sidewall damage,WO-000068,2026-01-18 02:45:11,2026-01-18 09:28:32,6.72,3.75,10.48,9844.8,TYR-26,CMMS-SIM
F-000039,2026-01-22 06:30:00,20260122,TR-001,CMP-ELE,Lighting circuit fault,WO-000072,2026-01-22 10:20:24,2026-01-22 12:49:22,2.48,3.84,6.32,9910.2,ELE-11,CMMS-SIM
F-000040,2026-01-24 12:30:00,20260124,TR-001,CMP-HYD,Hose burst,WO-000073,2026-01-24 12:36:34,2026-01-24 22:18:05,9.69,0.11,9.8,9967.4,HYD-69,CMMS-SIM
F-000041,2026-01-28 04:30:00,20260128,TR-001,CMP-ENG,Turbo fault,WO-000075,2026-01-28 06:17:47,2026-01-28 21:33:03,15.25,1.8,17.05,10004.8,ENG-11,CMMS-SIM
F-000042,2026-01-30 01:00:00,20260130,TR-001,CMP-ENG,Fuel system fault,WO-000076,2026-01-30 01:47:55,2026-01-30 04:52:47,3.08,0.8,3.88,10055.7,ENG-09,CMMS-SIM
F-000043,2026-01-30 22:00:00,20260130,TR-001,CMP-BRK,Brake pressure fault,WO-000077,2026-01-30 22:24:42,2026-01-31 07:25:24,9.01,0.41,9.42,10135.2,BRK-53,CMMS-SIM
F-000044,2026-02-01 09:00:00,20260201,TR-001,CMP-HYD,Main pump failure,WO-000079,2026-02-01 14:12:19,2026-02-01 20:19:44,6.12,5.21,11.33,10224.5,HYD-39,CMMS-SIM
F-000045,2026-02-02 12:00:00,20260202,TR-001,CMP-ELE,Starter fault,WO-000081,2026-02-02 13:12:06,2026-02-02 19:36:01,6.4,1.2,7.6,10263.4,ELE-97,CMMS-SIM
F-000046,2026-02-20 09:30:00,20260220,TR-001,CMP-HYD,Valve block leak,WO-000086,2026-02-20 11:38:15,2026-02-20 20:06:55,8.48,2.14,10.62,10326.3,HYD-26,CMMS-SIM
F-000047,2026-02-22 21:30:00,20260222,TR-001,CMP-BRK,Brake pressure fault,WO-000088,2026-02-23 01:16:51,2026-02-23 03:48:59,2.54,3.78,6.32,10395.2,BRK-11,CMMS-SIM
F-000048,2026-02-25 18:00:00,20260225,TR-001,CMP-ELE,Harness damage,WO-000090,2026-02-25 21:51:01,2026-02-26 16:15:07,18.4,3.85,22.25,10433.3,ELE-13,CMMS-SIM
F-000049,2026-03-02 06:00:00,20260302,TR-001,CMP-HYD,Main pump failure,WO-000093,2026-03-02 06:46:06,2026-03-02 10:40:14,3.9,0.77,4.67,10474.0,HYD-40,CMMS-SIM
F-000050,2026-03-03 19:30:00,20260303,TR-001,CMP-TRN,Torque converter issue,WO-000094,2026-03-03 19:31:39,2026-03-04 03:44:10,8.21,0.03,8.24,10504.3,TRN-89,CMMS-SIM
F-000051,2026-03-06 02:00:00,20260306,TR-001,CMP-HYD,Main pump failure,WO-000095,2026-03-06 03:03:01,2026-03-06 06:55:00,3.87,1.05,4.92,10527.8,HYD-87,CMMS-SIM
F-000052,2026-03-07 14:30:00,20260307,TR-001,CMP-ELE,Sensor failure,WO-000096,2026-03-07 14:34:28,2026-03-07 17:54:24,3.33,0.07,3.41,10548.8,ELE-37,CMMS-SIM
F-000053,2026-03-20 07:30:00,20260320,TR-001,CMP-HYD,Valve block leak,WO-000100,2026-03-20 09:09:33,2026-03-20 13:22:26,4.21,1.66,5.87,10611.0,HYD-51,CMMS-SIM
F-000054,2026-03-26 16:00:00,20260326,TR-001,CMP-HYD,Valve block leak,WO-000101,2026-03-26 16:22:05,2026-03-26 23:29:50,7.13,0.37,7.5,10627.1,HYD-34,CMMS-SIM
F-000055,2026-04-01 16:00:00,20260401,TR-001,CMP-HYD,Boom cylinder seal leak,WO-000103,2026-04-01 20:38:13,2026-04-02 04:15:09,7.62,4.64,12.25,10682.6,HYD-49,CMMS-SIM
F-000056,2026-04-05 03:30:00,20260405,TR-001,CMP-ENG,Turbo fault,WO-000106,2026-04-05 03:49:05,2026-04-05 04:48:58,1.0,0.32,1.32,10710.3,ENG-71,CMMS-SIM
F-000057,2026-04-05 20:00:00,20260405,TR-001,CMP-TYR,Tyre change,WO-000107,2026-04-05 23:16:48,2026-04-06 04:28:18,5.19,3.28,8.47,10770.5,TYR-78,CMMS-SIM
F-000058,2026-04-15 09:30:00,20260415,TR-001,CMP-HYD,Valve block leak,WO-000110,2026-04-15 10:33:49,2026-04-15 14:29:43,3.93,1.06,5.0,10850.8,HYD-02,CMMS-SIM
F-000059,2026-04-16 00:00:00,20260416,TR-001,CMP-ELE,Lighting circuit fault,WO-000111,2026-04-16 00:41:14,2026-04-16 06:28:51,5.79,0.69,6.48,10920.2,ELE-93,CMMS-SIM
F-000060,2026-04-18 18:30:00,20260418,TR-001,CMP-ENG,Turbo fault,WO-000112,2026-04-18 20:01:13,2026-04-19 03:48:48,7.79,1.52,9.31,10962.5,ENG-70,CMMS-SIM
F-000061,2026-04-23 02:00:00,20260423,TR-001,CMP-ELE,Starter fault,WO-000115,2026-04-23 04:06:21,2026-04-23 07:17:35,3.19,2.11,5.29,10975.6,ELE-44,CMMS-SIM
F-000062,2026-05-01 03:30:00,20260501,TR-001,CMP-ELE,Harness damage,WO-000116,2026-05-01 04:21:40,2026-05-01 06:52:42,2.52,0.86,3.38,11044.5,ELE-06,CMMS-SIM
F-000063,2026-05-07 00:30:00,20260507,TR-001,CMP-ELE,Lighting circuit fault,WO-000121,2026-05-07 01:58:32,2026-05-07 13:15:24,11.28,1.48,12.76,11094.0,ELE-89,CMMS-SIM
F-000064,2026-05-12 05:00:00,20260512,TR-001,CMP-ENG,Fuel system fault,WO-000123,2026-05-12 05:36:55,2026-05-12 11:30:57,5.9,0.62,6.52,11177.9,ENG-49,CMMS-SIM
F-000065,2026-05-12 21:30:00,20260512,TR-001,CMP-BRK,Brake pressure fault,WO-000124,2026-05-12 22:11:19,2026-05-13 06:17:10,8.1,0.69,8.79,11205.0,BRK-30,CMMS-SIM
F-000066,2026-05-18 20:00:00,20260518,TR-001,CMP-ELE,Lighting circuit fault,WO-000126,2026-05-18 21:11:01,2026-05-19 00:20:26,3.16,1.18,4.34,11267.9,ELE-49,CMMS-SIM
F-000067,2026-05-20 07:30:00,20260520,TR-001,CMP-HYD,Main pump failure,WO-000127,2026-05-20 09:52:43,2026-05-20 13:27:24,3.58,2.38,5.96,11286.9,HYD-50,CMMS-SIM
F-000068,2026-05-29 17:30:00,20260529,TR-001,CMP-HYD,Main pump failure,WO-000129,2026-05-29 17:47:44,2026-05-29 20:54:20,3.11,0.3,3.41,11324.0,HYD-86,CMMS-SIM
F-000069,2026-05-30 14:00:00,20260530,TR-001,CMP-HYD,Main pump failure,WO-000130,2026-05-30 17:24:27,2026-05-30 22:59:01,5.58,3.41,8.98,11378.7,HYD-83,CMMS-SIM
F-000070,2026-05-31 03:30:00,20260531,TR-001,CMP-TYR,Track tension failure,WO-000131,2026-05-31 05:34:30,2026-05-31 07:10:49,1.61,2.08,3.68,11464.2,TYR-92,CMMS-SIM
F-000071,2026-06-04 11:30:00,20260604,TR-001,CMP-HYD,Boom cylinder seal leak,WO-000132,2026-06-04 11:48:58,2026-06-04 21:17:55,9.48,0.32,9.8,11516.4,HYD-41,CMMS-SIM
F-000072,2026-06-07 10:30:00,20260607,TR-001,CMP-HYD,Valve block leak,WO-000133,2026-06-07 11:22:34,2026-06-07 16:54:52,5.54,0.88,6.41,11536.5,HYD-16,CMMS-SIM
F-000073,2026-06-10 17:00:00,20260610,TR-001,CMP-ELE,Sensor failure,WO-000135,2026-06-10 22:42:20,2026-06-11 06:55:02,8.21,5.71,13.92,11552.0,ELE-90,CMMS-SIM
F-000074,2026-06-15 08:30:00,20260615,TR-001,CMP-HYD,Main pump failure,WO-000137,2026-06-15 09:48:54,2026-06-15 13:33:52,3.75,1.32,5.06,11569.8,HYD-39,CMMS-SIM
F-000075,2026-07-01 17:00:00,20260701,TR-001,CMP-ELE,Sensor failure,WO-000143,2026-07-01 18:20:47,2026-07-01 22:51:41,4.51,1.35,5.86,11623.3,ELE-39,CMMS-SIM
F-000076,2026-07-06 11:30:00,20260706,TR-001,CMP-ELE,Sensor failure,WO-000145,2026-07-06 15:24:07,2026-07-06 17:34:23,2.17,3.9,6.07,11705.5,ELE-23,CMMS-SIM
F-000077,2026-07-10 16:00:00,20260710,TR-001,CMP-HYD,Valve block leak,WO-000146,2026-07-10 16:25:27,2026-07-10 22:42:51,6.29,0.42,6.71,11760.5,HYD-09,CMMS-SIM
F-000078,2026-07-14 01:00:00,20260714,TR-001,CMP-BRK,Brake pressure fault,WO-000148,2026-07-14 02:10:08,2026-07-14 06:17:39,4.13,1.17,5.29,11815.8,BRK-15,CMMS-SIM
F-000079,2026-07-16 20:30:00,20260716,TR-001,CMP-TYR,Sidewall damage,WO-000150,2026-07-16 20:45:54,2026-07-17 03:05:18,6.32,0.27,6.59,11892.7,TYR-80,CMMS-SIM
F-000080,2026-07-28 12:30:00,20260728,TR-001,CMP-STR,Frame repair,WO-000151,2026-07-28 16:12:37,2026-07-29 07:03:28,14.85,3.71,18.56,11958.2,STR-31,CMMS-SIM
F-000081,2026-08-16 16:00:00,20260816,TR-001,CMP-TYR,Tyre change,WO-000154,2026-08-16 17:27:21,2026-08-16 20:41:26,3.23,1.46,4.69,11981.4,TYR-13,CMMS-SIM
F-000082,2026-08-24 09:00:00,20260824,TR-001,CMP-TRN,Torque converter issue,WO-000156,2026-08-24 10:21:49,2026-08-24 14:13:27,3.86,1.36,5.22,12025.5,TRN-06,CMMS-SIM
F-000083,2026-08-26 09:00:00,20260826,TR-001,CMP-HYD,Boom cylinder seal leak,WO-000159,2026-08-26 09:49:49,2026-08-26 10:56:28,1.11,0.83,1.94,12067.8,HYD-21,CMMS-SIM
F-000084,2025-10-04 02:30:00,20251004,TR-002,CMP-HYD,Main pump failure,WO-000163,2025-10-04 04:43:00,2025-10-04 15:22:53,10.66,2.22,12.88,8051.4,HYD-92,CMMS-SIM
F-000085,2025-10-04 17:00:00,20251004,TR-002,CMP-HYD,Boom cylinder seal leak,WO-000164,2025-10-04 18:25:19,2025-10-05 01:05:17,6.67,1.42,8.09,8114.6,HYD-30,CMMS-SIM
F-000086,2025-10-07 05:00:00,20251007,TR-002,CMP-HYD,Boom cylinder seal leak,WO-000165,2025-10-07 08:05:24,2025-10-07 19:29:21,11.4,3.09,14.49,8175.4,HYD-14,CMMS-SIM
F-000087,2025-10-11 08:00:00,20251011,TR-002,CMP-HYD,Boom cylinder seal leak,WO-000169,2025-10-11 08:19:52,2025-10-11 20:53:46,12.57,0.33,12.9,8255.9,HYD-75,CMMS-SIM
F-000088,2025-10-15 00:00:00,20251015,TR-002,CMP-ELE,Lighting circuit fault,WO-000173,2025-10-15 00:47:06,2025-10-15 02:09:04,1.37,0.79,2.15,8342.3,ELE-02,CMMS-SIM
F-000089,2025-10-19 04:30:00,20251019,TR-002,CMP-ELE,Starter fault,WO-000178,2025-10-19 07:49:18,2025-10-19 14:44:46,6.92,3.32,10.25,8352.6,ELE-63,CMMS-SIM
F-000090,2025-10-21 10:00:00,20251021,TR-002,CMP-TYR,Track tension failure,WO-000179,2025-10-21 11:39:30,2025-10-21 13:44:27,2.08,1.66,3.74,8393.9,TYR-24,CMMS-SIM
F-000091,2025-10-22 16:00:00,20251022,TR-002,CMP-ELE,Lighting circuit fault,WO-000180,2025-10-22 16:57:00,2025-10-22 21:29:10,4.54,0.95,5.49,8448.1,ELE-42,CMMS-SIM
F-000092,2025-10-25 10:00:00,20251025,TR-002,CMP-HYD,Hose burst,WO-000183,2025-10-25 11:17:08,2025-10-25 15:07:49,3.84,1.29,5.13,8511.2,HYD-96,CMMS-SIM
F-000093,2025-10-29 06:00:00,20251029,TR-002,CMP-ELE,Sensor failure,WO-000185,2025-10-29 09:31:58,2025-10-29 11:50:00,2.3,3.53,5.83,8541.7,ELE-76,CMMS-SIM
F-000094,2025-10-30 18:00:00,20251030,TR-002,CMP-HYD,Valve block leak,WO-000186,2025-10-30 22:13:13,2025-10-31 08:37:22,10.4,4.22,14.62,8624.7,HYD-63,CMMS-SIM
F-000095,2025-11-01 10:30:00,20251101,TR-002,CMP-ELE,Starter fault,WO-000187,2025-11-01 13:17:25,2025-11-01 15:25:54,2.14,2.79,4.93,8653.8,ELE-76,CMMS-SIM
F-000096,2025-11-04 13:00:00,20251104,TR-002,CMP-HYD,Main pump failure,WO-000191,2025-11-04 13:35:19,2025-11-04 20:05:03,6.5,0.59,7.08,8725.1,HYD-89,CMMS-SIM
F-000097,2025-11-07 11:00:00,20251107,TR-002,CMP-ELE,Harness damage,WO-000193,2025-11-07 12:24:19,2025-11-07 18:53:34,6.49,1.41,7.89,8768.6,ELE-06,CMMS-SIM
F-000098,2025-11-08 23:30:00,20251108,TR-002,CMP-BRK,Brake pressure fault,WO-000194,2025-11-09 00:28:15,2025-11-09 05:52:44,5.41,0.97,6.38,8791.8,BRK-52,CMMS-SIM
F-000099,2025-11-09 09:00:00,20251109,TR-002,CMP-ELE,Lighting circuit fault,WO-000195,2025-11-09 11:09:40,2025-11-09 18:19:04,7.16,2.16,9.32,8837.0,ELE-16,CMMS-SIM
F-000100,2025-11-15 20:30:00,20251115,TR-002,CMP-OTH,Other mechanical fault,WO-000196,2025-11-15 21:56:44,2025-11-16 02:42:04,4.76,1.45,6.2,8870.2,OTH-01,CMMS-SIM
F-000101,2025-11-18 09:30:00,20251118,TR-002,CMP-HYD,Hose burst,WO-000198,2025-11-18 09:54:56,2025-11-18 11:40:38,1.76,0.42,2.18,8915.5,HYD-38,CMMS-SIM
F-000102,2025-11-23 22:00:00,20251123,TR-002,CMP-HYD,Hose burst,WO-000199,2025-11-24 01:15:57,2025-11-24 05:07:51,3.86,3.27,7.13,8977.8,HYD-89,CMMS-SIM
F-000103,2025-12-01 13:00:00,20251201,TR-002,CMP-HYD,Main pump failure,WO-000203,2025-12-01 16:01:12,2025-12-01 20:48:37,4.79,3.02,7.81,9015.9,HYD-82,CMMS-SIM
F-000104,2025-12-05 17:00:00,20251205,TR-002,CMP-TRN,Transmission shift fault,WO-000205,2025-12-05 17:16:27,2025-12-06 01:07:32,7.85,0.27,8.13,9059.6,TRN-42,CMMS-SIM
F-000105,2025-12-06 01:30:00,20251206,TR-002,CMP-BRK,Brake wear alarm,WO-000206,2025-12-06 03:25:14,2025-12-06 07:18:18,3.88,1.92,5.81,9091.6,BRK-81,CMMS-SIM
F-000106,2025-12-09 01:30:00,20251209,TR-002,CMP-HYD,Hose burst,WO-000209,2025-12-09 03:51:00,2025-12-09 14:29:49,10.65,2.35,13.0,9148.0,HYD-12,CMMS-SIM
F-000107,2025-12-10 00:00:00,20251210,TR-002,CMP-ELE,Harness damage,WO-000211,2025-12-10 01:38:39,2025-12-10 09:57:09,8.31,1.64,9.95,9162.1,ELE-96,CMMS-SIM
F-000108,2025-12-15 22:30:00,20251215,TR-002,CMP-HYD,Valve block leak,WO-000215,2025-12-16 00:09:20,2025-12-16 03:22:45,3.22,1.66,4.88,9244.0,HYD-11,CMMS-SIM
F-000109,2025-12-17 11:00:00,20251217,TR-002,CMP-ELE,Lighting circuit fault,WO-000217,2025-12-17 12:56:46,2025-12-17 16:01:43,3.08,1.95,5.03,9292.1,ELE-46,CMMS-SIM
F-000110,2025-12-17 17:00:00,20251217,TR-002,CMP-TRN,Transmission shift fault,WO-000218,2025-12-17 17:11:09,2025-12-17 18:20:31,1.16,0.19,1.34,9352.0,TRN-26,CMMS-SIM
F-000111,2025-12-18 20:00:00,20251218,TR-002,CMP-ELE,Starter fault,WO-000220,2025-12-18 21:25:26,2025-12-19 06:03:50,8.64,1.42,10.06,9400.3,ELE-93,CMMS-SIM
F-000112,2025-12-19 02:00:00,20251219,TR-002,CMP-OTH,Other mechanical fault,WO-000221,2025-12-19 04:30:57,2025-12-19 08:19:36,3.81,2.52,6.33,9425.3,OTH-31,CMMS-SIM
F-000113,2025-12-25 08:30:00,20251225,TR-002,CMP-ELE,Lighting circuit fault,WO-000226,2025-12-25 09:21:27,2025-12-25 12:00:56,2.66,0.86,3.52,9484.2,ELE-57,CMMS-SIM
F-000114,2025-12-28 23:00:00,20251228,TR-002,CMP-HYD,Hose burst,WO-000228,2025-12-29 00:55:31,2025-12-29 04:26:28,3.52,1.93,5.44,9549.1,HYD-59,CMMS-SIM
F-000115,2025-12-30 12:00:00,20251230,TR-002,CMP-HYD,Hose burst,WO-000229,2025-12-30 13:01:42,2025-12-30 14:34:07,1.54,1.03,2.57,9572.2,HYD-46,CMMS-SIM
F-000116,2026-01-08 21:30:00,20260108,TR-002,CMP-HYD,Main pump failure,WO-000234,2026-01-08 21:55:56,2026-01-09 08:51:43,10.93,0.43,11.36,9584.5,HYD-94,CMMS-SIM
F-000117,2026-01-12 18:30:00,20260112,TR-002,CMP-ELE,Starter fault,WO-000235,2026-01-12 19:10:38,2026-01-12 21:59:45,2.82,0.68,3.5,9628.2,ELE-16,CMMS-SIM
F-000118,2026-01-13 17:30:00,20260113,TR-002,CMP-ELE,Harness damage,WO-000236,2026-01-13 19:33:03,2026-01-14 00:09:04,4.6,2.05,6.65,9648.0,ELE-69,CMMS-SIM
F-000119,2026-01-15 00:30:00,20260115,TR-002,CMP-HYD,Boom cylinder seal leak,WO-000237,2026-01-15 01:35:06,2026-01-15 07:02:11,5.45,1.09,6.54,9699.2,HYD-18,CMMS-SIM
F-000120,2026-01-21 02:30:00,20260121,TR-002,CMP-SVC,Service-related defect,WO-000238,2026-01-21 03:27:57,2026-01-21 06:02:33,2.58,0.97,3.54,9729.5,SVC-63,CMMS-SIM
F-000121,2026-02-04 18:00:00,20260204,TR-002,CMP-ELE,Harness damage,WO-000244,2026-02-04 18:25:50,2026-02-05 08:56:00,14.5,0.43,14.93,9766.4,ELE-60,CMMS-SIM
F-000122,2026-02-09 23:00:00,20260209,TR-002,CMP-ELE,Harness damage,WO-000245,2026-02-10 00:41:40,2026-02-10 02:31:29,1.83,1.69,3.52,9803.6,ELE-67,CMMS-SIM
F-000123,2026-02-10 14:30:00,20260210,TR-002,CMP-TYR,Track tension failure,WO-000246,2026-02-10 15:29:31,2026-02-10 17:07:53,1.64,0.99,2.63,9854.8,TYR-11,CMMS-SIM
F-000124,2026-02-13 19:00:00,20260213,TR-002,CMP-HYD,Valve block leak,WO-000247,2026-02-14 00:55:38,2026-02-14 03:38:30,2.71,5.93,8.64,9878.5,HYD-70,CMMS-SIM
F-000125,2026-02-15 04:00:00,20260215,TR-002,CMP-BRK,Brake wear alarm,WO-000248,2026-02-15 04:34:15,2026-02-15 09:35:33,5.02,0.57,5.59,9934.6,BRK-59,CMMS-SIM
F-000126,2026-02-17 21:00:00,20260217,TR-002,CMP-HYD,Boom cylinder seal leak,WO-000249,2026-02-17 21:35:56,2026-02-18 01:48:16,4.21,0.6,4.8,9975.3,HYD-76,CMMS-SIM
F-000127,2026-02-18 04:00:00,20260218,TR-002,CMP-HYD,Main pump failure,WO-000250,2026-02-18 08:20:30,2026-02-18 14:38:27,6.3,4.34,10.64,10055.6,HYD-84,CMMS-SIM
F-000128,2026-02-18 11:30:00,20260218,TR-002,CMP-HYD,Hose burst,WO-000251,2026-02-18 15:54:57,2026-02-19 01:04:22,9.16,4.42,13.57,10117.6,HYD-87,CMMS-SIM
F-000129,2026-03-07 23:00:00,20260307,TR-002,CMP-HYD,Boom cylinder seal leak,WO-000257,2026-03-08 00:27:09,2026-03-08 04:58:44,4.53,1.45,5.98,10150.5,HYD-29,CMMS-SIM
F-000130,2026-03-10 22:30:00,20260310,TR-002,CMP-ELE,Lighting circuit fault,WO-000259,2026-03-10 23:47:06,2026-03-11 04:28:03,4.68,1.29,5.97,10213.8,ELE-79,CMMS-SIM
F-000131,2026-03-20 14:00:00,20260320,TR-002,CMP-ELE,Lighting circuit fault,WO-000262,2026-03-20 14:32:38,2026-03-20 16:22:42,1.83,0.54,2.38,10234.5,ELE-97,CMMS-SIM
F-000132,2026-03-24 13:00:00,20260324,TR-002,CMP-ELE,Starter fault,WO-000264,2026-03-24 13:24:34,2026-03-25 05:21:32,15.95,0.41,16.36,10311.4,ELE-72,CMMS-SIM
F-000133,2026-03-25 21:30:00,20260325,TR-002,CMP-ELE,Sensor failure,WO-000265,2026-03-25 21:47:39,2026-03-25 23:19:48,1.54,0.29,1.83,10401.1,ELE-92,CMMS-SIM
F-000134,2026-03-26 03:00:00,20260326,TR-002,CMP-HYD,Valve block leak,WO-000266,2026-03-26 04:11:53,2026-03-26 05:04:39,0.88,1.2,2.08,10474.4,HYD-99,CMMS-SIM
F-000135,2026-03-28 12:30:00,20260328,TR-002,CMP-TYR,Tyre change,WO-000268,2026-03-28 13:53:17,2026-03-28 21:02:49,7.16,1.39,8.55,10510.6,TYR-22,CMMS-SIM
F-000136,2026-03-31 05:30:00,20260331,TR-002,CMP-HYD,Boom cylinder seal leak,WO-000270,2026-03-31 07:19:33,2026-03-31 19:27:35,12.13,1.83,13.96,10523.4,HYD-11,CMMS-SIM
F-000137,2026-03-31 16:30:00,20260331,TR-002,CMP-HYD,Valve block leak,WO-000271,2026-03-31 22:24:11,2026-04-01 04:21:30,5.96,5.9,11.86,10579.6,HYD-39,CMMS-SIM
F-000138,2026-04-01 21:00:00,20260401,TR-002,CMP-HYD,Boom cylinder seal leak,WO-000272,2026-04-02 03:54:31,2026-04-02 07:10:53,3.27,6.91,10.18,10612.0,HYD-49,CMMS-SIM
F-000139,2026-04-05 15:30:00,20260405,TR-002,CMP-TYR,Tyre change,WO-000273,2026-04-05 18:23:11,2026-04-05 23:16:25,4.89,2.89,7.77,10661.4,TYR-24,CMMS-SIM
F-000140,2026-04-07 20:30:00,20260407,TR-002,CMP-TYR,Tyre change,WO-000275,2026-04-07 21:08:38,2026-04-08 02:13:31,5.08,0.64,5.73,10690.9,TYR-49,CMMS-SIM
F-000141,2026-04-11 10:30:00,20260411,TR-002,CMP-BRK,Brake pressure fault,WO-000277,2026-04-11 11:25:14,2026-04-11 18:19:40,6.91,0.92,7.83,10711.0,BRK-93,CMMS-SIM
F-000142,2026-04-12 02:00:00,20260412,TR-002,CMP-SVC,Service-related defect,WO-000278,2026-04-12 02:53:58,2026-04-12 07:49:45,4.93,0.9,5.83,10758.0,SVC-23,CMMS-SIM
F-000143,2026-04-22 11:00:00,20260422,TR-002,CMP-ELE,Sensor failure,WO-000282,2026-04-22 11:58:01,2026-04-22 14:24:44,2.45,0.97,3.41,10768.2,ELE-10,CMMS-SIM
F-000144,2026-05-01 01:30:00,20260501,TR-002,CMP-ENG,Cooling issue,WO-000285,2026-05-01 04:05:25,2026-05-01 11:58:58,7.89,2.59,10.48,10854.0,ENG-06,CMMS-SIM
F-000145,2026-05-02 06:00:00,20260502,TR-002,CMP-TYR,Tyre change,WO-000286,2026-05-02 06:20:31,2026-05-02 09:57:57,3.62,0.34,3.97,10889.9,TYR-22,CMMS-SIM
F-000146,2026-05-04 15:00:00,20260504,TR-002,CMP-HYD,Valve block leak,WO-000287,2026-05-04 15:01:59,2026-05-04 20:33:53,5.53,0.03,5.56,10908.0,HYD-29,CMMS-SIM
F-000147,2026-05-09 07:00:00,20260509,TR-002,CMP-ELE,Harness damage,WO-000290,2026-05-09 09:24:48,2026-05-09 14:45:44,5.35,2.41,7.76,10985.8,ELE-78,CMMS-SIM
F-000148,2026-05-11 08:00:00,20260511,TR-002,CMP-HYD,Valve block leak,WO-000292,2026-05-11 08:56:52,2026-05-11 09:53:42,0.95,0.95,1.9,11070.0,HYD-18,CMMS-SIM
F-000149,2026-05-11 13:30:00,20260511,TR-002,CMP-HYD,Main pump failure,WO-000293,2026-05-11 15:14:49,2026-05-11 20:14:32,5.0,1.75,6.74,11110.5,HYD-30,CMMS-SIM
F-000150,2026-05-15 07:30:00,20260515,TR-002,CMP-TYR,Tyre change,WO-000294,2026-05-15 09:05:39,2026-05-15 11:36:09,2.51,1.59,4.1,11195.7,TYR-35,CMMS-SIM
F-000151,2026-05-17 09:00:00,20260517,TR-002,CMP-HYD,Valve block leak,WO-000295,2026-05-17 10:12:28,2026-05-17 16:43:46,6.52,1.21,7.73,11283.4,HYD-46,CMMS-SIM
F-000152,2026-05-19 12:30:00,20260519,TR-002,CMP-TYR,Sidewall damage,WO-000297,2026-05-19 13:36:33,2026-05-19 17:38:58,4.04,1.11,5.15,11352.1,TYR-65,CMMS-SIM
F-000153,2026-05-25 04:00:00,20260525,TR-002,CMP-ELE,Lighting circuit fault,WO-000299,2026-05-25 05:18:22,2026-05-25 12:36:46,7.31,1.31,8.61,11368.5,ELE-27,CMMS-SIM
F-000154,2026-05-29 22:00:00,20260529,TR-002,CMP-TYR,Sidewall damage,WO-000302,2026-05-29 23:15:39,2026-05-30 06:03:32,6.8,1.26,8.06,11435.3,TYR-74,CMMS-SIM
F-000155,2026-06-03 04:00:00,20260603,TR-002,CMP-TYR,Sidewall damage,WO-000303,2026-06-03 04:59:39,2026-06-03 10:02:54,5.05,0.99,6.05,11501.8,TYR-77,CMMS-SIM
F-000156,2026-06-05 20:30:00,20260605,TR-002,CMP-OTH,Other mechanical fault,WO-000304,2026-06-05 22:09:46,2026-06-06 04:02:43,5.88,1.66,7.55,11537.1,OTH-20,CMMS-SIM
F-000157,2026-06-11 00:00:00,20260611,TR-002,CMP-HYD,Hose burst,WO-000305,2026-06-11 03:14:29,2026-06-11 08:10:24,4.93,3.24,8.17,11611.7,HYD-57,CMMS-SIM
F-000158,2026-06-23 12:00:00,20260623,TR-002,CMP-ELE,Sensor failure,WO-000309,2026-06-23 12:40:06,2026-06-23 15:26:07,2.77,0.67,3.44,11648.9,ELE-95,CMMS-SIM
F-000159,2026-07-04 02:30:00,20260704,TR-002,CMP-ELE,Starter fault,WO-000312,2026-07-04 04:33:27,2026-07-04 13:58:33,9.42,2.06,11.48,11734.9,ELE-19,CMMS-SIM
F-000160,2026-07-05 12:30:00,20260705,TR-002,CMP-HYD,Valve block leak,WO-000313,2026-07-05 12:53:48,2026-07-05 17:09:10,4.26,0.4,4.65,11759.4,HYD-04,CMMS-SIM
F-000161,2026-07-12 19:30:00,20260712,TR-002,CMP-HYD,Main pump failure,WO-000314,2026-07-12 19:51:56,2026-07-13 03:45:37,7.89,0.37,8.26,11838.4,HYD-17,CMMS-SIM
F-000162,2026-07-17 16:30:00,20260717,TR-002,CMP-ELE,Sensor failure,WO-000317,2026-07-17 17:09:17,2026-07-18 03:41:42,10.54,0.65,11.2,11876.3,ELE-44,CMMS-SIM
F-000163,2026-07-21 00:30:00,20260721,TR-002,CMP-BRK,Brake pressure fault,WO-000318,2026-07-21 02:10:36,2026-07-21 04:32:16,2.36,1.68,4.04,11954.4,BRK-60,CMMS-SIM
F-000164,2026-08-03 14:30:00,20260803,TR-002,CMP-ELE,Lighting circuit fault,WO-000322,2026-08-03 14:54:01,2026-08-03 16:38:57,1.75,0.4,2.15,12014.3,ELE-29,CMMS-SIM
F-000165,2026-09-07 17:30:00,20260907,TR-002,CMP-ELE,Harness damage,WO-000325,2026-09-07 18:11:38,2026-09-08 00:20:32,6.15,0.69,6.84,12041.8,ELE-85,CMMS-SIM
F-000166,2025-10-01 15:00:00,20251001,TR-003,CMP-ELE,Sensor failure,WO-000326,2025-10-01 17:07:29,2025-10-02 01:12:44,8.09,2.12,10.21,8083.4,ELE-77,CMMS-SIM
F-000167,2025-10-03 03:00:00,20251003,TR-003,CMP-TYR,Track tension failure,WO-000328,2025-10-03 04:02:41,2025-10-03 05:53:06,1.84,1.04,2.89,8139.8,TYR-63,CMMS-SIM
F-000168,2025-10-05 18:30:00,20251005,TR-003,CMP-TYR,Track tension failure,WO-000329,2025-10-05 19:01:41,2025-10-05 23:08:14,4.11,0.53,4.64,8171.5,TYR-56,CMMS-SIM
F-000169,2025-10-08 01:30:00,20251008,TR-003,CMP-HYD,Hose burst,WO-000330,2025-10-08 03:08:22,2025-10-08 06:20:18,3.2,1.64,4.84,8233.9,HYD-72,CMMS-SIM
F-000170,2025-10-11 16:00:00,20251011,TR-003,CMP-ELE,Lighting circuit fault,WO-000333,2025-10-11 17:37:09,2025-10-11 23:01:26,5.4,1.62,7.02,8304.3,ELE-44,CMMS-SIM
F-000171,2025-10-24 16:30:00,20251024,TR-003,CMP-ELE,Sensor failure,WO-000337,2025-10-24 17:50:09,2025-10-25 02:08:53,8.31,1.34,9.65,8365.5,ELE-13,CMMS-SIM
F-000172,2025-10-24 21:00:00,20251024,TR-003,CMP-ELE,Lighting circuit fault,WO-000338,2025-10-24 21:31:32,2025-10-25 05:34:43,8.05,0.53,8.58,8448.0,ELE-76,CMMS-SIM
F-000173,2025-10-25 11:00:00,20251025,TR-003,CMP-HYD,Boom cylinder seal leak,WO-000339,2025-10-25 13:53:15,2025-10-26 01:38:01,11.75,2.89,14.63,8525.7,HYD-72,CMMS-SIM
F-000174,2025-10-29 06:30:00,20251029,TR-003,CMP-ENG,Fuel system fault,WO-000344,2025-10-29 06:42:21,2025-10-29 13:07:30,6.42,0.21,6.63,8537.1,ENG-34,CMMS-SIM
F-000175,2025-10-31 21:30:00,20251031,TR-003,CMP-HYD,Valve block leak,WO-000345,2025-10-31 22:42:03,2025-11-01 01:14:29,2.54,1.2,3.74,8547.1,HYD-25,CMMS-SIM
F-000176,2025-11-05 02:30:00,20251105,TR-003,CMP-BRK,Brake wear alarm,WO-000347,2025-11-05 06:27:34,2025-11-05 19:26:37,12.98,3.96,16.94,8629.9,BRK-54,CMMS-SIM
F-000177,2025-11-08 19:00:00,20251108,TR-003,CMP-ELE,Lighting circuit fault,WO-000349,2025-11-08 22:40:59,2025-11-09 10:06:44,11.43,3.68,15.11,8645.6,ELE-93,CMMS-SIM
F-000178,2025-11-09 15:00:00,20251109,TR-003,CMP-ELE,Harness damage,WO-000350,2025-11-09 16:35:56,2025-11-10 00:31:59,7.93,1.6,9.53,8717.5,ELE-80,CMMS-SIM
F-000179,2025-11-18 11:30:00,20251118,TR-003,CMP-ELE,Lighting circuit fault,WO-000354,2025-11-18 12:48:54,2025-11-19 04:50:56,16.03,1.32,17.35,8734.1,ELE-33,CMMS-SIM
F-000180,2025-11-21 06:30:00,20251121,TR-003,CMP-TYR,Tyre change,WO-000357,2025-11-21 08:41:44,2025-11-21 16:40:19,7.98,2.2,10.17,8823.4,TYR-02,CMMS-SIM
F-000181,2025-11-25 07:00:00,20251125,TR-003,CMP-HYD,Valve block leak,WO-000361,2025-11-25 07:06:28,2025-11-25 10:36:51,3.51,0.11,3.61,8854.3,HYD-21,CMMS-SIM
F-000182,2025-11-26 00:30:00,20251126,TR-003,CMP-OTH,Other mechanical fault,WO-000362,2025-11-26 02:41:48,2025-11-26 06:39:54,3.97,2.2,6.17,8914.7,OTH-32,CMMS-SIM
F-000183,2025-11-26 20:00:00,20251126,TR-003,CMP-HYD,Main pump failure,WO-000363,2025-11-26 20:20:15,2025-11-27 03:11:19,6.85,0.34,7.19,8935.5,HYD-63,CMMS-SIM
F-000184,2025-11-28 04:30:00,20251128,TR-003,CMP-TYR,Tyre change,WO-000364,2025-11-28 05:11:17,2025-11-28 11:07:24,5.94,0.69,6.62,9021.0,TYR-54,CMMS-SIM
F-000185,2025-11-29 09:30:00,20251129,TR-003,CMP-ELE,Lighting circuit fault,WO-000365,2025-11-29 13:40:33,2025-11-29 19:18:32,5.63,4.18,9.81,9086.1,ELE-29,CMMS-SIM
F-000186,2025-12-01 11:00:00,20251201,TR-003,CMP-HYD,Valve block leak,WO-000366,2025-12-01 14:15:12,2025-12-01 18:15:14,4.0,3.25,7.25,9138.5,HYD-97,CMMS-SIM
F-000187,2025-12-04 09:30:00,20251204,TR-003,CMP-HYD,Boom cylinder seal leak,WO-000369,2025-12-04 10:00:32,2025-12-04 13:41:33,3.68,0.51,4.19,9207.2,HYD-03,CMMS-SIM
F-000188,2025-12-09 04:30:00,20251209,TR-003,CMP-ELE,Starter fault,WO-000372,2025-12-09 05:14:37,2025-12-09 15:55:18,10.68,0.74,11.42,9243.1,ELE-45,CMMS-SIM
F-000189,2025-12-09 12:00:00,20251209,TR-003,CMP-ENG,Fuel system fault,WO-000373,2025-12-09 12:09:10,2025-12-09 16:30:54,4.36,0.15,4.52,9311.2,ENG-62,CMMS-SIM
F-000190,2025-12-18 05:30:00,20251218,TR-003,CMP-TYR,Sidewall damage,WO-000377,2025-12-18 09:15:26,2025-12-18 14:18:14,5.05,3.76,8.8,9382.4,TYR-30,CMMS-SIM
F-000191,2025-12-20 18:00:00,20251220,TR-003,CMP-ELE,Starter fault,WO-000378,2025-12-20 21:08:54,2025-12-21 02:57:16,5.81,3.15,8.95,9450.1,ELE-37,CMMS-SIM
F-000192,2025-12-21 09:30:00,20251221,TR-003,CMP-TYR,Tyre change,WO-000379,2025-12-21 12:10:02,2025-12-21 14:28:48,2.31,2.67,4.98,9488.9,TYR-39,CMMS-SIM
F-000193,2025-12-22 15:30:00,20251222,TR-003,CMP-HYD,Main pump failure,WO-000380,2025-12-22 17:19:09,2025-12-23 01:26:54,8.13,1.82,9.95,9575.9,HYD-39,CMMS-SIM
F-000194,2025-12-25 20:00:00,20251225,TR-003,CMP-HYD,Valve block leak,WO-000382,2025-12-25 21:43:44,2025-12-26 04:15:22,6.53,1.73,8.26,9631.7,HYD-84,CMMS-SIM
F-000195,2025-12-26 03:00:00,20251226,TR-003,CMP-HYD,Hose burst,WO-000383,2025-12-26 03:13:25,2025-12-26 05:15:41,2.04,0.22,2.26,9683.7,HYD-18,CMMS-SIM
F-000196,2025-12-26 16:30:00,20251226,TR-003,CMP-HYD,Valve block leak,WO-000384,2025-12-26 17:48:53,2025-12-27 04:03:09,10.24,1.31,11.55,9768.5,HYD-42,CMMS-SIM
F-000197,2025-12-29 16:00:00,20251229,TR-003,CMP-HYD,Valve block leak,WO-000386,2025-12-29 16:19:32,2025-12-29 23:34:53,7.26,0.33,7.58,9779.8,HYD-89,CMMS-SIM
F-000198,2026-01-02 13:30:00,20260102,TR-003,CMP-ENG,Fuel system fault,WO-000387,2026-01-02 13:56:24,2026-01-02 21:08:52,7.21,0.44,7.65,9828.6,ENG-13,CMMS-SIM
F-000199,2026-01-06 14:30:00,20260106,TR-003,CMP-TYR,Track tension failure,WO-000389,2026-01-06 16:22:40,2026-01-06 18:29:56,2.12,1.88,4.0,9867.7,TYR-06,CMMS-SIM
F-000200,2026-01-12 14:30:00,20260112,TR-003,CMP-ENG,Turbo fault,WO-000392,2026-01-12 17:10:02,2026-01-12 22:26:52,5.28,2.67,7.95,9918.8,ENG-93,CMMS-SIM
F-000201,2026-01-13 13:00:00,20260113,TR-003,CMP-ELE,Lighting circuit fault,WO-000395,2026-01-13 14:07:14,2026-01-13 18:12:01,4.08,1.12,5.2,9931.9,ELE-89,CMMS-SIM
F-000202,2026-01-21 20:30:00,20260121,TR-003,CMP-BRK,Brake wear alarm,WO-000401,2026-01-21 21:49:56,2026-01-22 03:08:15,5.31,1.33,6.64,9999.2,BRK-69,CMMS-SIM
F-000203,2026-01-22 11:00:00,20260122,TR-003,CMP-HYD,Boom cylinder seal leak,WO-000402,2026-01-22 11:16:11,2026-01-22 22:25:50,11.16,0.27,11.43,10051.0,HYD-25,CMMS-SIM
F-000204,2026-01-26 20:00:00,20260126,TR-003,CMP-ENG,Turbo fault,WO-000405,2026-01-26 22:53:57,2026-01-27 04:43:08,5.82,2.9,8.72,10098.4,ENG-89,CMMS-SIM
F-000205,2026-01-27 17:30:00,20260127,TR-003,CMP-ELE,Sensor failure,WO-000406,2026-01-27 20:09:18,2026-01-27 21:41:38,1.54,2.66,4.19,10144.8,ELE-92,CMMS-SIM
F-000206,2026-01-30 19:00:00,20260130,TR-003,CMP-TYR,Sidewall damage,WO-000409,2026-01-30 20:12:26,2026-01-31 02:07:08,5.91,1.21,7.12,10158.5,TYR-82,CMMS-SIM
F-000207,2026-02-02 01:30:00,20260202,TR-003,CMP-SVC,Service-related defect,WO-000410,2026-02-02 02:38:10,2026-02-02 09:46:14,7.13,1.14,8.27,10235.1,SVC-56,CMMS-SIM
F-000208,2026-02-04 19:30:00,20260204,TR-003,CMP-TRN,Torque converter issue,WO-000413,2026-02-04 21:42:10,2026-02-05 03:37:57,5.93,2.2,8.13,10283.7,TRN-99,CMMS-SIM
F-000209,2026-02-27 23:00:00,20260227,TR-003,CMP-HYD,Valve block leak,WO-000419,2026-02-28 00:19:24,2026-02-28 04:04:37,3.75,1.32,5.08,10326.8,HYD-98,CMMS-SIM
F-000210,2026-03-06 02:00:00,20260306,TR-003,CMP-ELE,Starter fault,WO-000425,2026-03-06 02:50:16,2026-03-06 12:02:45,9.21,0.84,10.05,10385.8,ELE-95,CMMS-SIM
F-000211,2026-03-07 07:30:00,20260307,TR-003,CMP-TYR,Track tension failure,WO-000429,2026-03-07 09:34:39,2026-03-07 17:04:57,7.5,2.08,9.58,10396.0,TYR-97,CMMS-SIM
F-000212,2026-03-07 10:30:00,20260307,TR-003,CMP-ELE,Starter fault,WO-000430,2026-03-07 11:02:04,2026-03-07 13:48:45,2.78,0.53,3.31,10469.0,ELE-70,CMMS-SIM
F-000213,2026-03-10 04:30:00,20260310,TR-003,CMP-HYD,Main pump failure,WO-000431,2026-03-10 09:16:03,2026-03-10 12:14:44,2.98,4.77,7.75,10517.9,HYD-40,CMMS-SIM
F-000214,2026-03-10 10:30:00,20260310,TR-003,CMP-HYD,Valve block leak,WO-000432,2026-03-10 11:02:28,2026-03-10 15:17:22,4.25,0.54,4.79,10568.3,HYD-38,CMMS-SIM
F-000215,2026-03-21 00:30:00,20260321,TR-003,CMP-HYD,Main pump failure,WO-000438,2026-03-21 00:49:52,2026-03-21 06:26:21,5.61,0.33,5.94,10586.3,HYD-89,CMMS-SIM
F-000216,2026-03-26 03:00:00,20260326,TR-003,CMP-TYR,Sidewall damage,WO-000439,2026-03-26 03:44:34,2026-03-26 12:20:04,8.59,0.74,9.33,10605.9,TYR-39,CMMS-SIM
F-000217,2026-03-29 11:30:00,20260329,TR-003,CMP-HYD,Main pump failure,WO-000441,2026-03-29 11:55:39,2026-03-29 13:29:02,1.56,0.43,1.98,10663.1,HYD-86,CMMS-SIM
F-000218,2026-03-31 15:30:00,20260331,TR-003,CMP-HYD,Boom cylinder seal leak,WO-000443,2026-03-31 17:33:30,2026-03-31 21:22:57,3.82,2.06,5.88,10692.5,HYD-88,CMMS-SIM
F-000219,2026-04-02 05:00:00,20260402,TR-003,CMP-ELE,Starter fault,WO-000445,2026-04-02 08:44:17,2026-04-02 11:47:49,3.06,3.74,6.8,10766.9,ELE-79,CMMS-SIM
F-000220,2026-04-03 11:00:00,20260403,TR-003,CMP-ELE,Sensor failure,WO-000446,2026-04-03 11:25:38,2026-04-03 17:57:42,6.53,0.43,6.96,10812.8,ELE-30,CMMS-SIM
F-000221,2026-04-13 04:00:00,20260413,TR-003,CMP-HYD,Hose burst,WO-000451,2026-04-13 04:41:19,2026-04-13 07:00:37,2.32,0.69,3.01,10875.0,HYD-17,CMMS-SIM
F-000222,2026-04-14 13:00:00,20260414,TR-003,CMP-ELE,Harness damage,WO-000453,2026-04-14 13:20:06,2026-04-15 03:17:29,13.96,0.34,14.29,10947.6,ELE-72,CMMS-SIM
F-000223,2026-04-15 08:30:00,20260415,TR-003,CMP-HYD,Main pump failure,WO-000454,2026-04-15 11:27:17,2026-04-15 16:18:18,4.85,2.95,7.81,10982.2,HYD-96,CMMS-SIM
F-000224,2026-04-17 12:00:00,20260417,TR-003,CMP-TYR,Tyre change,WO-000455,2026-04-17 15:43:42,2026-04-17 22:34:30,6.85,3.73,10.58,11027.0,TYR-18,CMMS-SIM
F-000225,2026-04-18 10:00:00,20260418,TR-003,CMP-HYD,Hose burst,WO-000456,2026-04-18 10:57:25,2026-04-18 16:20:38,5.39,0.96,6.34,11093.2,HYD-72,CMMS-SIM
F-000226,2026-04-23 12:00:00,20260423,TR-003,CMP-HYD,Valve block leak,WO-000457,2026-04-23 12:59:48,2026-04-23 16:05:40,3.1,1.0,4.09,11125.8,HYD-01,CMMS-SIM
F-000227,2026-04-26 07:00:00,20260426,TR-003,CMP-HYD,Valve block leak,WO-000458,2026-04-26 07:52:33,2026-04-26 21:04:14,13.19,0.88,14.07,11154.8,HYD-32,CMMS-SIM
F-000228,2026-04-30 08:30:00,20260430,TR-003,CMP-HYD,Hose burst,WO-000459,2026-04-30 09:54:03,2026-04-30 12:13:11,2.32,1.4,3.72,11241.4,HYD-48,CMMS-SIM
F-000229,2026-05-02 09:30:00,20260502,TR-003,CMP-ENG,Cooling issue,WO-000460,2026-05-02 10:48:09,2026-05-03 01:42:35,14.91,1.3,16.21,11323.8,ENG-55,CMMS-SIM
F-000230,2026-05-08 22:30:00,20260508,TR-003,CMP-HYD,Boom cylinder seal leak,WO-000465,2026-05-09 01:26:17,2026-05-09 21:00:06,19.56,2.94,22.5,11379.4,HYD-60,CMMS-SIM
F-000231,2026-05-11 19:30:00,20260511,TR-003,CMP-HYD,Boom cylinder seal leak,WO-000466,2026-05-11 20:06:45,2026-05-12 01:43:10,5.61,0.61,6.22,11410.8,HYD-54,CMMS-SIM
F-000232,2026-05-13 16:00:00,20260513,TR-003,CMP-TYR,Sidewall damage,WO-000467,2026-05-13 16:50:58,2026-05-13 21:48:56,4.97,0.85,5.82,11438.1,TYR-41,CMMS-SIM
F-000233,2026-05-18 12:00:00,20260518,TR-003,CMP-ELE,Lighting circuit fault,WO-000469,2026-05-18 13:21:14,2026-05-18 17:51:24,4.5,1.35,5.86,11491.7,ELE-18,CMMS-SIM
F-000234,2026-05-23 16:00:00,20260523,TR-003,CMP-HYD,Hose burst,WO-000470,2026-05-23 17:13:00,2026-05-23 19:49:03,2.6,1.22,3.82,11551.9,HYD-42,CMMS-SIM
F-000235,2026-06-11 20:30:00,20260611,TR-003,CMP-ELE,Sensor failure,WO-000475,2026-06-11 22:22:06,2026-06-12 07:07:11,8.75,1.87,10.62,11564.4,ELE-61,CMMS-SIM
F-000236,2026-06-15 03:00:00,20260615,TR-003,CMP-TYR,Tyre change,WO-000476,2026-06-15 04:13:41,2026-06-15 07:41:19,3.46,1.23,4.69,11575.0,TYR-03,CMMS-SIM
F-000237,2026-07-02 23:00:00,20260702,TR-003,CMP-ENG,Cooling issue,WO-000483,2026-07-02 23:10:33,2026-07-03 10:03:23,10.88,0.18,11.06,11636.4,ENG-15,CMMS-SIM
F-000238,2026-07-06 22:30:00,20260706,TR-003,CMP-HYD,Boom cylinder seal leak,WO-000486,2026-07-07 00:28:59,2026-07-07 07:28:32,6.99,1.98,8.98,11676.2,HYD-35,CMMS-SIM
F-000239,2026-07-22 00:30:00,20260722,TR-003,CMP-ELE,Lighting circuit fault,WO-000492,2026-07-22 01:42:19,2026-07-22 02:49:08,1.11,1.21,2.32,11755.4,ELE-13,CMMS-SIM
F-000240,2026-07-27 15:00:00,20260727,TR-003,CMP-ELE,Sensor failure,WO-000495,2026-07-27 15:02:47,2026-07-27 21:54:11,6.86,0.05,6.9,11792.6,ELE-25,CMMS-SIM
F-000241,2026-08-13 14:00:00,20260813,TR-003,CMP-TYR,Track tension failure,WO-000500,2026-08-13 19:55:45,2026-08-13 22:46:08,2.84,5.93,8.77,11877.6,TYR-97,CMMS-SIM
F-000242,2026-08-14 04:00:00,20260814,TR-003,CMP-ELE,Sensor failure,WO-000501,2026-08-14 07:47:54,2026-08-14 21:40:30,13.88,3.8,17.68,11960.1,ELE-89,CMMS-SIM
F-000243,2026-08-15 05:00:00,20260815,TR-003,CMP-TYR,Track tension failure,WO-000502,2026-08-15 07:15:37,2026-08-15 09:36:44,2.35,2.26,4.61,11989.2,TYR-66,CMMS-SIM
F-000244,2026-08-16 02:00:00,20260816,TR-003,CMP-ELE,Starter fault,WO-000503,2026-08-16 02:39:55,2026-08-16 16:23:24,13.72,0.67,14.39,12019.8,ELE-43,CMMS-SIM
F-000245,2026-09-02 06:00:00,20260902,TR-003,CMP-BRK,Brake pressure fault,WO-000506,2026-09-02 07:36:10,2026-09-02 14:27:50,6.86,1.6,8.46,12034.1,BRK-87,CMMS-SIM
F-000246,2026-09-06 18:30:00,20260906,TR-003,CMP-TYR,Sidewall damage,WO-000507,2026-09-06 20:38:14,2026-09-07 01:41:35,5.06,2.14,7.19,12113.7,TYR-92,CMMS-SIM
F-000247,2025-10-07 07:00:00,20251007,TR-004,CMP-ELE,Starter fault,WO-000513,2025-10-07 07:50:02,2025-10-07 20:34:55,12.75,0.83,13.58,8077.9,ELE-93,CMMS-SIM
F-000248,2025-10-09 18:30:00,20251009,TR-004,CMP-ELE,Harness damage,WO-000516,2025-10-09 19:44:37,2025-10-09 21:57:30,2.21,1.24,3.46,8141.2,ELE-71,CMMS-SIM
F-000249,2025-10-12 23:30:00,20251012,TR-004,CMP-HYD,Main pump failure,WO-000519,2025-10-12 23:42:43,2025-10-13 03:43:09,4.01,0.21,4.22,8209.4,HYD-03,CMMS-SIM
F-000250,2025-10-14 16:30:00,20251014,TR-004,CMP-TYR,Sidewall damage,WO-000521,2025-10-14 21:55:51,2025-10-15 03:51:52,5.93,5.43,11.36,8225.1,TYR-38,CMMS-SIM
F-000251,2025-10-21 18:00:00,20251021,TR-004,CMP-ENG,Fuel system fault,WO-000523,2025-10-21 20:46:48,2025-10-22 02:16:47,5.5,2.78,8.28,8302.4,ENG-02,CMMS-SIM
F-000252,2025-10-25 09:00:00,20251025,TR-004,CMP-HYD,Main pump failure,WO-000525,2025-10-25 09:37:06,2025-10-26 01:58:49,16.36,0.62,16.98,8367.8,HYD-27,CMMS-SIM
F-000253,2025-10-27 11:00:00,20251027,TR-004,CMP-HYD,Main pump failure,WO-000527,2025-10-27 12:27:00,2025-10-27 13:43:59,1.28,1.45,2.73,8424.9,HYD-30,CMMS-SIM
F-000254,2025-10-29 13:30:00,20251029,TR-004,CMP-ELE,Sensor failure,WO-000529,2025-10-29 14:24:00,2025-10-29 23:58:51,9.58,0.9,10.48,8470.0,ELE-42,CMMS-SIM
F-000255,2025-10-30 10:00:00,20251030,TR-004,CMP-HYD,Main pump failure,WO-000530,2025-10-30 10:46:35,2025-10-30 14:09:16,3.38,0.78,4.15,8491.5,HYD-52,CMMS-SIM
F-000256,2025-10-31 16:00:00,20251031,TR-004,CMP-ENG,Cooling issue,WO-000531,2025-10-31 20:49:56,2025-11-01 00:16:45,3.45,4.83,8.28,8558.6,ENG-65,CMMS-SIM
F-000257,2025-11-01 20:00:00,20251101,TR-004,CMP-HYD,Hose burst,WO-000532,2025-11-01 20:09:15,2025-11-01 22:10:23,2.02,0.15,2.17,8582.8,HYD-19,CMMS-SIM
F-000258,2025-11-02 12:00:00,20251102,TR-004,CMP-ELE,Starter fault,WO-000533,2025-11-02 12:21:50,2025-11-02 14:17:01,1.92,0.36,2.28,8625.3,ELE-44,CMMS-SIM
F-000259,2025-11-04 06:00:00,20251104,TR-004,CMP-ELE,Starter fault,WO-000534,2025-11-04 06:43:17,2025-11-04 12:33:06,5.83,0.72,6.55,8680.0,ELE-57,CMMS-SIM
F-000260,2025-11-07 06:30:00,20251107,TR-004,CMP-HYD,Hose burst,WO-000538,2025-11-07 07:31:39,2025-11-07 18:09:49,10.64,1.03,11.66,8767.6,HYD-49,CMMS-SIM
F-000261,2025-11-08 10:30:00,20251108,TR-004,CMP-HYD,Hose burst,WO-000539,2025-11-08 12:11:49,2025-11-08 19:43:35,7.53,1.7,9.23,8831.0,HYD-29,CMMS-SIM
F-000262,2025-11-09 08:00:00,20251109,TR-004,CMP-HYD,Main pump failure,WO-000540,2025-11-09 08:36:23,2025-11-09 19:50:26,11.23,0.61,11.84,8869.5,HYD-47,CMMS-SIM
F-000263,2025-11-11 13:00:00,20251111,TR-004,CMP-TYR,Sidewall damage,WO-000542,2025-11-11 14:06:20,2025-11-12 03:02:07,12.93,1.11,14.04,8909.0,TYR-57,CMMS-SIM
F-000264,2025-11-13 22:30:00,20251113,TR-004,CMP-OTH,Other mechanical fault,WO-000544,2025-11-13 23:06:05,2025-11-14 01:59:05,2.88,0.6,3.48,8945.0,OTH-55,CMMS-SIM
F-000265,2025-11-14 14:00:00,20251114,TR-004,CMP-ELE,Lighting circuit fault,WO-000545,2025-11-14 14:55:03,2025-11-14 19:13:51,4.31,0.92,5.23,9034.7,ELE-25,CMMS-SIM
F-000266,2025-11-15 07:30:00,20251115,TR-004,CMP-ELE,Harness damage,WO-000546,2025-11-15 08:29:52,2025-11-15 14:32:26,6.04,1.0,7.04,9049.1,ELE-68,CMMS-SIM
F-000267,2025-11-17 22:00:00,20251117,TR-004,CMP-ELE,Sensor failure,WO-000549,2025-11-18 03:06:28,2025-11-18 10:44:47,7.64,5.11,12.75,9116.5,ELE-49,CMMS-SIM
F-000268,2025-11-18 20:00:00,20251118,TR-004,CMP-BRK,Brake wear alarm,WO-000550,2025-11-18 20:26:22,2025-11-19 00:37:41,4.19,0.44,4.63,9168.6,BRK-80,CMMS-SIM
F-000269,2025-11-26 19:00:00,20251126,TR-004,CMP-ENG,Turbo fault,WO-000558,2025-11-26 22:39:33,2025-11-27 04:06:38,5.45,3.66,9.11,9239.5,ENG-70,CMMS-SIM
F-000270,2025-12-01 01:00:00,20251201,TR-004,CMP-ENG,Fuel system fault,WO-000560,2025-12-01 02:16:42,2025-12-01 11:50:31,9.56,1.28,10.84,9295.9,ENG-28,CMMS-SIM
F-000271,2025-12-07 15:30:00,20251207,TR-004,CMP-ELE,Lighting circuit fault,WO-000563,2025-12-07 18:53:21,2025-12-07 21:22:33,2.49,3.39,5.88,9346.2,ELE-17,CMMS-SIM
F-000272,2025-12-18 23:30:00,20251218,TR-004,CMP-ELE,Starter fault,WO-000567,2025-12-18 23:45:15,2025-12-19 06:38:47,6.89,0.25,7.15,9412.2,ELE-05,CMMS-SIM
F-000273,2025-12-21 14:30:00,20251221,TR-004,CMP-HYD,Valve block leak,WO-000568,2025-12-21 14:51:24,2025-12-21 18:32:33,3.69,0.36,4.04,9452.6,HYD-42,CMMS-SIM
F-000274,2025-12-28 16:00:00,20251228,TR-004,CMP-ELE,Starter fault,WO-000571,2025-12-28 17:52:59,2025-12-29 06:00:41,12.13,1.88,14.01,9464.6,ELE-60,CMMS-SIM
F-000275,2026-01-02 08:30:00,20260102,TR-004,CMP-ELE,Starter fault,WO-000572,2026-01-02 09:24:42,2026-01-02 15:24:47,6.0,0.91,6.91,9494.8,ELE-01,CMMS-SIM
F-000276,2026-01-03 11:00:00,20260103,TR-004,CMP-HYD,Main pump failure,WO-000573,2026-01-03 12:19:41,2026-01-03 13:46:42,1.45,1.33,2.78,9534.4,HYD-20,CMMS-SIM
F-000277,2026-01-04 20:30:00,20260104,TR-004,CMP-SVC,Service-related defect,WO-000575,2026-01-04 22:59:12,2026-01-05 06:32:40,7.56,2.49,10.04,9568.9,SVC-13,CMMS-SIM
F-000278,2026-01-05 01:30:00,20260105,TR-004,CMP-HYD,Hose burst,WO-000576,2026-01-05 04:11:18,2026-01-05 08:02:37,3.86,2.69,6.54,9637.0,HYD-86,CMMS-SIM
F-000279,2026-01-06 18:00:00,20260106,TR-004,CMP-ELE,Lighting circuit fault,WO-000577,2026-01-06 21:29:00,2026-01-07 13:25:53,15.95,3.48,19.43,9724.6,ELE-85,CMMS-SIM
F-000280,2026-01-17 21:30:00,20260117,TR-004,CMP-SVC,Service-related defect,WO-000580,2026-01-17 21:43:37,2026-01-17 23:25:22,1.7,0.23,1.92,9785.7,SVC-08,CMMS-SIM
F-000281,2026-01-20 13:00:00,20260120,TR-004,CMP-HYD,Main pump failure,WO-000582,2026-01-20 13:17:02,2026-01-21 03:10:54,13.9,0.28,14.18,9796.7,HYD-43,CMMS-SIM
F-000282,2026-01-24 19:30:00,20260124,TR-004,CMP-ENG,Turbo fault,WO-000584,2026-01-24 22:06:59,2026-01-25 06:08:03,8.02,2.62,10.63,9853.2,ENG-91,CMMS-SIM
F-000283,2026-01-26 02:00:00,20260126,TR-004,CMP-ELE,Sensor failure,WO-000585,2026-01-26 02:19:52,2026-01-26 12:10:36,9.85,0.33,10.18,9937.6,ELE-29,CMMS-SIM
F-000284,2026-01-29 09:00:00,20260129,TR-004,CMP-TYR,Track tension failure,WO-000586,2026-01-29 10:14:58,2026-01-29 14:58:35,4.73,1.25,5.98,10008.2,TYR-26,CMMS-SIM
F-000285,2026-02-02 09:00:00,20260202,TR-004,CMP-TYR,Track tension failure,WO-000590,2026-02-02 10:07:52,2026-02-02 18:33:22,8.43,1.13,9.56,10029.2,TYR-41,CMMS-SIM
F-000286,2026-02-03 04:30:00,20260203,TR-004,CMP-HYD,Main pump failure,WO-000592,2026-02-03 05:22:04,2026-02-03 11:01:47,5.66,0.87,6.53,10074.3,HYD-24,CMMS-SIM
F-000287,2026-02-11 12:00:00,20260211,TR-004,CMP-TYR,Tyre change,WO-000595,2026-02-11 14:05:31,2026-02-11 17:41:37,3.6,2.09,5.69,10120.1,TYR-64,CMMS-SIM
F-000288,2026-02-14 14:00:00,20260214,TR-004,CMP-TYR,Tyre change,WO-000597,2026-02-14 14:57:47,2026-02-14 19:39:56,4.7,0.96,5.67,10193.5,TYR-12,CMMS-SIM
F-000289,2026-02-16 17:00:00,20260216,TR-004,CMP-ENG,Turbo fault,WO-000598,2026-02-16 18:14:52,2026-02-16 20:06:12,1.86,1.25,3.1,10224.5,ENG-77,CMMS-SIM
F-000290,2026-02-22 09:00:00,20260222,TR-004,CMP-ELE,Harness damage,WO-000601,2026-02-22 11:49:07,2026-02-22 14:09:24,2.34,2.82,5.16,10274.2,ELE-33,CMMS-SIM
F-000291,2026-02-24 23:00:00,20260224,TR-004,CMP-HYD,Main pump failure,WO-000602,2026-02-24 23:31:07,2026-02-25 00:38:02,1.12,0.52,1.63,10315.0,HYD-52,CMMS-SIM
F-000292,2026-03-08 13:30:00,20260308,TR-004,CMP-HYD,Valve block leak,WO-000608,2026-03-08 14:02:03,2026-03-08 19:09:22,5.12,0.53,5.66,10350.3,HYD-82,CMMS-SIM
F-000293,2026-03-10 11:00:00,20260310,TR-004,CMP-HYD,Boom cylinder seal leak,WO-000609,2026-03-10 12:51:50,2026-03-10 16:40:14,3.81,1.86,5.67,10377.0,HYD-35,CMMS-SIM
F-000294,2026-03-11 16:00:00,20260311,TR-004,CMP-TYR,Sidewall damage,WO-000610,2026-03-11 16:55:16,2026-03-11 21:37:47,4.71,0.92,5.63,10405.2,TYR-55,CMMS-SIM
F-000295,2026-03-25 03:00:00,20260325,TR-004,CMP-TYR,Track tension failure,WO-000618,2026-03-25 05:03:47,2026-03-25 12:21:31,7.3,2.06,9.36,10439.5,TYR-61,CMMS-SIM
F-000296,2026-03-27 05:00:00,20260327,TR-004,CMP-ENG,Fuel system fault,WO-000620,2026-03-27 05:46:06,2026-03-27 11:04:21,5.3,0.77,6.07,10483.0,ENG-38,CMMS-SIM
F-000297,2026-03-29 17:00:00,20260329,TR-004,CMP-HYD,Hose burst,WO-000623,2026-03-29 17:37:19,2026-03-30 02:45:02,9.13,0.62,9.75,10539.5,HYD-02,CMMS-SIM
F-000298,2026-03-31 02:00:00,20260331,TR-004,CMP-OTH,Other mechanical fault,WO-000625,2026-03-31 02:07:53,2026-03-31 04:29:04,2.35,0.13,2.48,10614.9,OTH-04,CMMS-SIM
F-000299,2026-04-10 13:00:00,20260410,TR-004,CMP-HYD,Hose burst,WO-000628,2026-04-10 13:11:32,2026-04-10 18:39:11,5.46,0.19,5.65,10683.5,HYD-48,CMMS-SIM
F-000300,2026-04-14 08:30:00,20260414,TR-004,CMP-TYR,Track tension failure,WO-000630,2026-04-14 10:22:01,2026-04-14 16:10:22,5.81,1.87,7.67,10771.5,TYR-89,CMMS-SIM
F-000301,2026-04-17 09:00:00,20260417,TR-004,CMP-HYD,Hose burst,WO-000631,2026-04-17 17:04:00,2026-04-18 01:19:03,8.25,8.07,16.32,10844.0,HYD-81,CMMS-SIM
F-000302,2026-04-18 18:30:00,20260418,TR-004,CMP-ELE,Harness damage,WO-000632,2026-04-18 19:24:43,2026-04-18 23:12:06,3.79,0.91,4.7,10911.5,ELE-40,CMMS-SIM
F-000303,2026-04-20 11:00:00,20260420,TR-004,CMP-BRK,Brake wear alarm,WO-000633,2026-04-20 11:16:35,2026-04-20 14:42:29,3.43,0.28,3.71,10972.8,BRK-57,CMMS-SIM
F-000304,2026-04-21 00:30:00,20260421,TR-004,CMP-ELE,Lighting circuit fault,WO-000634,2026-04-21 01:03:24,2026-04-21 03:38:42,2.59,0.56,3.15,11034.2,ELE-31,CMMS-SIM
F-000305,2026-05-06 10:30:00,20260506,TR-004,CMP-HYD,Valve block leak,WO-000637,2026-05-06 12:13:04,2026-05-06 16:36:02,4.38,1.72,6.1,11056.4,HYD-56,CMMS-SIM
F-000306,2026-05-08 01:30:00,20260508,TR-004,CMP-SVC,Service-related defect,WO-000638,2026-05-08 02:25:16,2026-05-08 08:05:50,5.68,0.92,6.6,11106.4,SVC-70,CMMS-SIM
F-000307,2026-05-14 21:30:00,20260514,TR-004,CMP-TYR,Track tension failure,WO-000641,2026-05-14 23:04:44,2026-05-15 01:28:25,2.39,1.58,3.97,11166.4,TYR-28,CMMS-SIM
F-000308,2026-05-21 23:30:00,20260521,TR-004,CMP-ELE,Lighting circuit fault,WO-000645,2026-05-22 00:07:28,2026-05-22 11:51:25,11.73,0.62,12.36,11216.2,ELE-29,CMMS-SIM
F-000309,2026-05-25 12:30:00,20260525,TR-004,CMP-TYR,Sidewall damage,WO-000648,2026-05-25 12:59:28,2026-05-25 16:50:55,3.86,0.49,4.35,11241.1,TYR-72,CMMS-SIM
F-000310,2026-06-06 14:00:00,20260606,TR-004,CMP-HYD,Valve block leak,WO-000653,2026-06-06 16:30:40,2026-06-06 18:24:53,1.9,2.51,4.41,11252.5,HYD-51,CMMS-SIM
F-000311,2026-06-11 17:00:00,20260611,TR-004,CMP-HYD,Hose burst,WO-000655,2026-06-11 19:26:34,2026-06-11 21:36:52,2.17,2.44,4.61,11274.4,HYD-99,CMMS-SIM
F-000312,2026-06-12 12:30:00,20260612,TR-004,CMP-TYR,Sidewall damage,WO-000657,2026-06-12 13:30:34,2026-06-12 20:20:17,6.83,1.01,7.84,11300.4,TYR-36,CMMS-SIM
F-000313,2026-06-13 13:00:00,20260613,TR-004,CMP-ELE,Lighting circuit fault,WO-000658,2026-06-13 17:35:30,2026-06-13 18:48:11,1.21,4.59,5.8,11320.0,ELE-46,CMMS-SIM
F-000314,2026-06-16 06:30:00,20260616,TR-004,CMP-HYD,Hose burst,WO-000660,2026-06-16 07:26:00,2026-06-16 10:10:33,2.74,0.93,3.68,11394.0,HYD-42,CMMS-SIM
F-000315,2026-06-22 05:30:00,20260622,TR-004,CMP-BRK,Brake wear alarm,WO-000662,2026-06-22 06:19:51,2026-06-22 10:37:29,4.29,0.83,5.12,11412.3,BRK-43,CMMS-SIM
F-000316,2026-06-24 21:00:00,20260624,TR-004,CMP-ELE,Harness damage,WO-000664,2026-06-24 22:57:11,2026-06-25 03:09:35,4.21,1.95,6.16,11446.2,ELE-70,CMMS-SIM
F-000317,2026-06-25 13:30:00,20260625,TR-004,CMP-HYD,Hose burst,WO-000666,2026-06-25 16:53:28,2026-06-25 19:01:07,2.13,3.39,5.52,11527.9,HYD-70,CMMS-SIM
F-000318,2026-07-03 17:30:00,20260703,TR-004,CMP-ELE,Lighting circuit fault,WO-000671,2026-07-03 18:47:42,2026-07-03 21:44:34,2.95,1.3,4.24,11578.3,ELE-33,CMMS-SIM
F-000319,2026-07-06 11:00:00,20260706,TR-004,CMP-BRK,Brake wear alarm,WO-000672,2026-07-06 12:15:34,2026-07-06 20:19:43,8.07,1.26,9.33,11635.9,BRK-40,CMMS-SIM
F-000320,2026-07-12 05:00:00,20260712,TR-004,CMP-ELE,Sensor failure,WO-000673,2026-07-12 07:25:17,2026-07-12 17:50:18,10.42,2.42,12.84,11666.2,ELE-33,CMMS-SIM
F-000321,2026-07-21 14:30:00,20260721,TR-004,CMP-ELE,Starter fault,WO-000675,2026-07-21 18:41:09,2026-07-21 23:15:35,4.57,4.19,8.76,11746.6,ELE-52,CMMS-SIM
F-000322,2026-07-26 08:30:00,20260726,TR-004,CMP-ELE,Harness damage,WO-000677,2026-07-26 09:51:19,2026-07-26 14:35:38,4.74,1.36,6.09,11757.4,ELE-41,CMMS-SIM
F-000323,2026-07-28 16:00:00,20260728,TR-004,CMP-ELE,Starter fault,WO-000679,2026-07-28 18:05:25,2026-07-28 19:55:16,1.83,2.09,3.92,11770.7,ELE-53,CMMS-SIM
F-000324,2026-08-17 12:00:00,20260817,TR-004,CMP-HYD,Main pump failure,WO-000686,2026-08-17 14:19:34,2026-08-17 17:31:12,3.19,2.33,5.52,11827.4,HYD-05,CMMS-SIM
F-000325,2026-08-19 22:00:00,20260819,TR-004,CMP-ELE,Harness damage,WO-000687,2026-08-19 22:20:12,2026-08-20 02:36:41,4.27,0.34,4.61,11878.6,ELE-80,CMMS-SIM
F-000326,2026-08-24 12:00:00,20260824,TR-004,CMP-ENG,Fuel system fault,WO-000688,2026-08-24 13:23:10,2026-08-24 21:31:17,8.14,1.39,9.52,11935.2,ENG-92,CMMS-SIM
F-000327,2026-09-01 05:00:00,20260901,TR-004,CMP-HYD,Valve block leak,WO-000690,2026-09-01 05:16:54,2026-09-01 09:00:49,3.73,0.28,4.01,11965.9,HYD-59,CMMS-SIM
F-000328,2025-10-03 00:30:00,20251003,TR-005,CMP-TYR,Tyre change,WO-000694,2025-10-03 02:41:13,2025-10-03 06:03:25,3.37,2.19,5.56,8035.7,TYR-96,CMMS-SIM
F-000329,2025-10-03 13:30:00,20251003,TR-005,CMP-ELE,Lighting circuit fault,WO-000695,2025-10-03 15:20:10,2025-10-03 21:13:36,5.89,1.84,7.73,8065.9,ELE-53,CMMS-SIM
F-000330,2025-10-04 07:00:00,20251004,TR-005,CMP-ELE,Starter fault,WO-000696,2025-10-04 11:41:41,2025-10-04 15:38:08,3.94,4.69,8.64,8134.6,ELE-31,CMMS-SIM
F-000331,2025-10-05 03:30:00,20251005,TR-005,CMP-STR,Crack inspection,WO-000697,2025-10-05 04:32:28,2025-10-05 07:41:24,3.15,1.04,4.19,8207.2,STR-02,CMMS-SIM
F-000332,2025-10-18 02:00:00,20251018,TR-005,CMP-OTH,Other mechanical fault,WO-000704,2025-10-18 03:26:37,2025-10-18 10:28:11,7.03,1.44,8.47,8254.7,OTH-80,CMMS-SIM
F-000333,2025-10-18 23:30:00,20251018,TR-005,CMP-HYD,Main pump failure,WO-000705,2025-10-19 03:52:29,2025-10-19 12:56:50,9.07,4.37,13.45,8314.5,HYD-02,CMMS-SIM
F-000334,2025-10-21 10:30:00,20251021,TR-005,CMP-BRK,Brake pressure fault,WO-000707,2025-10-21 12:13:36,2025-10-21 14:53:53,2.67,1.73,4.4,8368.6,BRK-71,CMMS-SIM
F-000335,2025-10-23 10:30:00,20251023,TR-005,CMP-HYD,Boom cylinder seal leak,WO-000709,2025-10-23 11:19:31,2025-10-23 15:26:23,4.11,0.83,4.94,8389.7,HYD-06,CMMS-SIM
F-000336,2025-11-01 03:00:00,20251101,TR-005,CMP-ENG,Cooling issue,WO-000712,2025-11-01 03:40:23,2025-11-01 13:25:15,9.75,0.67,10.42,8457.1,ENG-53,CMMS-SIM
F-000337,2025-11-03 17:00:00,20251103,TR-005,CMP-HYD,Boom cylinder seal leak,WO-000714,2025-11-03 18:06:04,2025-11-04 00:33:05,6.45,1.1,7.55,8516.6,HYD-73,CMMS-SIM
F-000338,2025-11-15 20:00:00,20251115,TR-005,CMP-ENG,Fuel system fault,WO-000717,2025-11-15 21:38:24,2025-11-16 03:04:10,5.43,1.64,7.07,8557.8,ENG-46,CMMS-SIM
F-000339,2025-11-19 06:00:00,20251119,TR-005,CMP-HYD,Boom cylinder seal leak,WO-000720,2025-11-19 09:42:03,2025-11-19 10:55:35,1.23,3.7,4.93,8616.0,HYD-28,CMMS-SIM
F-000340,2025-11-26 03:00:00,20251126,TR-005,CMP-ELE,Starter fault,WO-000723,2025-11-26 05:35:55,2025-11-26 11:52:24,6.27,2.6,8.87,8652.0,ELE-26,CMMS-SIM
F-000341,2025-11-27 16:30:00,20251127,TR-005,CMP-HYD,Boom cylinder seal leak,WO-000724,2025-11-27 19:55:33,2025-11-28 02:02:14,6.11,3.43,9.54,8685.6,HYD-43,CMMS-SIM
F-000342,2025-11-30 04:00:00,20251130,TR-005,CMP-ELE,Harness damage,WO-000726,2025-11-30 04:27:59,2025-11-30 07:10:30,2.71,0.47,3.18,8726.5,ELE-40,CMMS-SIM
F-000343,2025-11-30 23:30:00,20251130,TR-005,CMP-ENG,Fuel system fault,WO-000727,2025-12-01 01:48:51,2025-12-01 06:58:43,5.16,2.31,7.48,8807.7,ENG-16,CMMS-SIM
F-000344,2025-12-07 21:30:00,20251207,TR-005,CMP-HYD,Boom cylinder seal leak,WO-000732,2025-12-07 23:16:19,2025-12-08 08:28:57,9.21,1.77,10.98,8830.1,HYD-91,CMMS-SIM
F-000345,2025-12-11 03:00:00,20251211,TR-005,CMP-HYD,Main pump failure,WO-000734,2025-12-11 05:52:11,2025-12-11 10:55:49,5.06,2.87,7.93,8917.3,HYD-16,CMMS-SIM
F-000346,2025-12-11 09:00:00,20251211,TR-005,CMP-TYR,Sidewall damage,WO-000735,2025-12-11 11:07:16,2025-12-11 20:17:26,9.17,2.12,11.29,8942.6,TYR-55,CMMS-SIM
F-000347,2025-12-13 13:00:00,20251213,TR-005,CMP-HYD,Boom cylinder seal leak,WO-000737,2025-12-13 13:21:47,2025-12-13 16:18:15,2.94,0.36,3.3,9018.3,HYD-98,CMMS-SIM
F-000348,2025-12-17 20:00:00,20251217,TR-005,CMP-ELE,Starter fault,WO-000738,2025-12-17 20:56:20,2025-12-17 22:32:58,1.61,0.94,2.55,9061.9,ELE-58,CMMS-SIM
F-000349,2025-12-24 20:30:00,20251224,TR-005,CMP-HYD,Main pump failure,WO-000743,2025-12-24 21:04:13,2025-12-25 00:09:23,3.09,0.57,3.66,9081.2,HYD-28,CMMS-SIM
F-000350,2025-12-28 04:30:00,20251228,TR-005,CMP-ENG,Fuel system fault,WO-000746,2025-12-28 09:35:40,2025-12-28 19:31:26,9.93,5.09,15.02,9129.8,ENG-48,CMMS-SIM
F-000351,2026-01-08 10:00:00,20260108,TR-005,CMP-ELE,Lighting circuit fault,WO-000753,2026-01-08 10:36:22,2026-01-08 17:13:57,6.63,0.61,7.23,9163.0,ELE-77,CMMS-SIM
F-000352,2026-01-09 22:30:00,20260109,TR-005,CMP-ELE,Sensor failure,WO-000754,2026-01-09 23:30:09,2026-01-10 06:36:27,7.1,1.0,8.11,9204.5,ELE-16,CMMS-SIM
F-000353,2026-01-18 19:00:00,20260118,TR-005,CMP-ELE,Harness damage,WO-000760,2026-01-18 21:33:49,2026-01-19 05:46:44,8.22,2.56,10.78,9259.9,ELE-35,CMMS-SIM
F-000354,2026-01-19 18:00:00,20260119,TR-005,CMP-TYR,Sidewall damage,WO-000761,2026-01-19 19:34:12,2026-01-19 23:47:50,4.23,1.57,5.8,9288.4,TYR-28,CMMS-SIM
F-000355,2026-01-20 14:00:00,20260120,TR-005,CMP-ELE,Harness damage,WO-000762,2026-01-20 14:47:50,2026-01-20 16:34:44,1.78,0.8,2.58,9324.0,ELE-54,CMMS-SIM
F-000356,2026-01-23 22:00:00,20260123,TR-005,CMP-HYD,Valve block leak,WO-000765,2026-01-24 01:27:25,2026-01-24 06:58:45,5.52,3.46,8.98,9352.9,HYD-52,CMMS-SIM
F-000357,2026-01-29 15:30:00,20260129,TR-005,CMP-HYD,Main pump failure,WO-000766,2026-01-29 15:32:05,2026-01-29 17:27:28,1.92,0.03,1.96,9417.2,HYD-47,CMMS-SIM
F-000358,2026-02-01 20:30:00,20260201,TR-005,CMP-HYD,Main pump failure,WO-000767,2026-02-01 22:10:55,2026-02-02 00:23:33,2.21,1.68,3.89,9442.2,HYD-25,CMMS-SIM
F-000359,2026-02-05 02:30:00,20260205,TR-005,CMP-BRK,Brake pressure fault,WO-000768,2026-02-05 05:20:09,2026-02-05 09:57:47,4.63,2.84,7.46,9509.4,BRK-13,CMMS-SIM
F-000360,2026-02-08 20:30:00,20260208,TR-005,CMP-ENG,Cooling issue,WO-000771,2026-02-08 23:53:33,2026-02-09 05:13:12,5.33,3.39,8.72,9570.5,ENG-33,CMMS-SIM
F-000361,2026-02-23 09:00:00,20260223,TR-005,CMP-BRK,Brake pressure fault,WO-000774,2026-02-23 10:30:21,2026-02-23 20:34:00,10.06,1.51,11.57,9586.1,BRK-73,CMMS-SIM
F-000362,2026-02-23 11:30:00,20260223,TR-005,CMP-TYR,Sidewall damage,WO-000775,2026-02-23 11:55:33,2026-02-23 16:13:26,4.3,0.43,4.72,9656.5,TYR-54,CMMS-SIM
F-000363,2026-03-01 19:30:00,20260301,TR-005,CMP-ELE,Sensor failure,WO-000779,2026-03-01 19:49:51,2026-03-02 02:39:05,6.82,0.33,7.15,9721.0,ELE-04,CMMS-SIM
F-000364,2026-03-03 00:00:00,20260303,TR-005,CMP-ELE,Harness damage,WO-000782,2026-03-03 00:31:11,2026-03-03 03:04:54,2.56,0.52,3.08,9735.6,ELE-23,CMMS-SIM
F-000365,2026-03-07 02:00:00,20260307,TR-005,CMP-HYD,Boom cylinder seal leak,WO-000784,2026-03-07 04:15:02,2026-03-07 06:22:41,2.13,2.25,4.38,9752.8,HYD-07,CMMS-SIM
F-000366,2026-03-11 04:00:00,20260311,TR-005,CMP-HYD,Main pump failure,WO-000786,2026-03-11 06:02:01,2026-03-11 13:20:31,7.31,2.03,9.34,9777.8,HYD-72,CMMS-SIM
F-000367,2026-03-13 03:00:00,20260313,TR-005,CMP-BRK,Brake pressure fault,WO-000788,2026-03-13 04:44:09,2026-03-13 08:55:59,4.2,1.74,5.93,9826.4,BRK-18,CMMS-SIM
F-000368,2026-03-13 08:30:00,20260313,TR-005,CMP-HYD,Boom cylinder seal leak,WO-000789,2026-03-13 09:11:41,2026-03-14 02:32:11,17.34,0.69,18.04,9853.0,HYD-24,CMMS-SIM
F-000369,2026-03-14 01:00:00,20260314,TR-005,CMP-HYD,Boom cylinder seal leak,WO-000791,2026-03-14 03:48:05,2026-03-14 08:39:55,4.86,2.8,7.67,9871.5,HYD-91,CMMS-SIM
F-000370,2026-03-22 01:30:00,20260322,TR-005,CMP-HYD,Main pump failure,WO-000792,2026-03-22 02:24:55,2026-03-22 04:47:14,2.37,0.92,3.29,9944.3,HYD-01,CMMS-SIM
F-000371,2026-03-22 19:30:00,20260322,TR-005,CMP-HYD,Hose burst,WO-000794,2026-03-22 22:14:51,2026-03-23 00:38:34,2.4,2.75,5.14,9955.0,HYD-44,CMMS-SIM
F-000372,2026-03-30 20:30:00,20260330,TR-005,CMP-OTH,Other mechanical fault,WO-000799,2026-03-30 22:29:58,2026-03-31 02:13:50,3.73,2.0,5.73,9969.5,OTH-03,CMMS-SIM
F-000373,2026-03-31 05:00:00,20260331,TR-005,CMP-ELE,Sensor failure,WO-000800,2026-03-31 06:54:34,2026-03-31 10:54:31,4.0,1.91,5.91,9999.5,ELE-95,CMMS-SIM
F-000374,2026-04-01 04:00:00,20260401,TR-005,CMP-TYR,Tyre change,WO-000801,2026-04-01 05:23:58,2026-04-01 12:58:58,7.58,1.4,8.98,10085.7,TYR-39,CMMS-SIM
F-000375,2026-04-02 10:30:00,20260402,TR-005,CMP-ELE,Starter fault,WO-000802,2026-04-02 12:12:10,2026-04-02 15:49:51,3.63,1.7,5.33,10170.5,ELE-42,CMMS-SIM
F-000376,2026-04-05 19:00:00,20260405,TR-005,CMP-OTH,Other mechanical fault,WO-000803,2026-04-05 23:34:10,2026-04-06 06:54:06,7.33,4.57,11.9,10228.1,OTH-28,CMMS-SIM
F-000377,2026-04-19 00:00:00,20260419,TR-005,CMP-HYD,Boom cylinder seal leak,WO-000806,2026-04-19 01:34:10,2026-04-19 07:59:00,6.41,1.57,7.98,10247.1,HYD-82,CMMS-SIM
F-000378,2026-04-22 12:00:00,20260422,TR-005,CMP-OTH,Other mechanical fault,WO-000808,2026-04-22 13:15:15,2026-04-22 19:36:37,6.36,1.25,7.61,10329.0,OTH-40,CMMS-SIM
F-000379,2026-04-23 03:30:00,20260423,TR-005,CMP-HYD,Main pump failure,WO-000810,2026-04-23 03:31:32,2026-04-23 04:43:32,1.2,0.03,1.23,10417.5,HYD-38,CMMS-SIM
F-000380,2026-04-23 17:00:00,20260423,TR-005,CMP-TYR,Track tension failure,WO-000811,2026-04-23 21:52:41,2026-04-23 22:56:21,1.06,4.88,5.94,10447.3,TYR-88,CMMS-SIM
F-000381,2026-04-25 09:30:00,20260425,TR-005,CMP-HYD,Boom cylinder seal leak,WO-000813,2026-04-25 13:36:20,2026-04-25 18:48:39,5.21,4.11,9.31,10487.6,HYD-17,CMMS-SIM
F-000382,2026-05-03 05:30:00,20260503,TR-005,CMP-ELE,Lighting circuit fault,WO-000820,2026-05-03 07:15:15,2026-05-03 17:31:44,10.27,1.75,12.03,10530.0,ELE-30,CMMS-SIM
F-000383,2026-05-04 12:30:00,20260504,TR-005,CMP-HYD,Boom cylinder seal leak,WO-000821,2026-05-04 14:12:34,2026-05-04 19:09:20,4.95,1.71,6.66,10584.5,HYD-93,CMMS-SIM
F-000384,2026-05-09 01:30:00,20260509,TR-005,CMP-ELE,Starter fault,WO-000822,2026-05-09 03:33:13,2026-05-09 12:12:27,8.65,2.05,10.71,10651.1,ELE-65,CMMS-SIM
F-000385,2026-05-14 07:30:00,20260514,TR-005,CMP-HYD,Main pump failure,WO-000823,2026-05-14 10:32:55,2026-05-14 20:19:22,9.77,3.05,12.82,10725.7,HYD-50,CMMS-SIM
F-000386,2026-05-17 23:30:00,20260517,TR-005,CMP-ENG,Fuel system fault,WO-000825,2026-05-18 01:00:06,2026-05-18 08:21:08,7.35,1.5,8.85,10741.9,ENG-92,CMMS-SIM
F-000387,2026-05-18 17:00:00,20260518,TR-005,CMP-HYD,Valve block leak,WO-000826,2026-05-18 17:31:48,2026-05-18 19:04:31,1.55,0.53,2.08,10762.0,HYD-18,CMMS-SIM
F-000388,2026-05-22 14:00:00,20260522,TR-005,CMP-HYD,Main pump failure,WO-000828,2026-05-22 14:27:22,2026-05-22 17:41:41,3.24,0.46,3.69,10826.6,HYD-61,CMMS-SIM
F-000389,2026-05-23 14:00:00,20260523,TR-005,CMP-BRK,Brake pressure fault,WO-000829,2026-05-23 14:34:05,2026-05-23 19:53:47,5.33,0.57,5.9,10913.8,BRK-17,CMMS-SIM
F-000390,2026-06-16 14:00:00,20260616,TR-005,CMP-ELE,Lighting circuit fault,WO-000832,2026-06-16 18:13:30,2026-06-17 01:23:49,7.17,4.23,11.4,10995.1,ELE-52,CMMS-SIM
F-000391,2026-06-17 18:30:00,20260617,TR-005,CMP-TYR,Sidewall damage,WO-000834,2026-06-17 18:57:43,2026-06-18 00:01:38,5.07,0.46,5.53,11076.3,TYR-70,CMMS-SIM
F-000392,2026-06-19 00:00:00,20260619,TR-005,CMP-ELE,Lighting circuit fault,WO-000835,2026-06-19 07:03:30,2026-06-19 12:07:08,5.06,7.06,12.12,11104.2,ELE-60,CMMS-SIM
F-000393,2026-06-22 01:30:00,20260622,TR-005,CMP-HYD,Main pump failure,WO-000836,2026-06-22 03:13:47,2026-06-22 07:13:12,3.99,1.73,5.72,11171.4,HYD-95,CMMS-SIM
F-000394,2026-06-27 17:30:00,20260627,TR-005,CMP-HYD,Boom cylinder seal leak,WO-000837,2026-06-27 20:09:11,2026-06-28 02:11:04,6.03,2.65,8.68,11247.6,HYD-03,CMMS-SIM
F-000395,2026-06-29 22:00:00,20260629,TR-005,CMP-ELE,Starter fault,WO-000838,2026-06-29 23:14:25,2026-06-30 00:47:46,1.56,1.24,2.8,11301.6,ELE-96,CMMS-SIM
F-000396,2026-07-05 12:30:00,20260705,TR-005,CMP-OTH,Other mechanical fault,WO-000840,2026-07-05 13:23:31,2026-07-05 15:06:35,1.72,0.89,2.61,11323.7,OTH-43,CMMS-SIM
F-000397,2026-07-07 23:00:00,20260707,TR-005,CMP-BRK,Brake pressure fault,WO-000842,2026-07-08 00:32:14,2026-07-08 10:13:24,9.69,1.54,11.22,11384.2,BRK-31,CMMS-SIM
F-000398,2026-07-13 09:30:00,20260713,TR-005,CMP-HYD,Valve block leak,WO-000843,2026-07-13 09:51:22,2026-07-13 14:56:18,5.08,0.36,5.44,11467.3,HYD-59,CMMS-SIM
F-000399,2026-07-22 12:00:00,20260722,TR-005,CMP-ELE,Starter fault,WO-000844,2026-07-22 12:52:33,2026-07-22 14:45:17,1.88,0.88,2.75,11490.7,ELE-03,CMMS-SIM
F-000400,2026-07-24 18:00:00,20260724,TR-005,CMP-ELE,Sensor failure,WO-000845,2026-07-24 21:03:35,2026-07-25 06:25:40,9.37,3.06,12.43,11511.0,ELE-06,CMMS-SIM
F-000401,2026-07-26 19:00:00,20260726,TR-005,CMP-TYR,Sidewall damage,WO-000846,2026-07-26 19:06:17,2026-07-26 22:50:20,3.73,0.1,3.84,11524.3,TYR-13,CMMS-SIM
F-000402,2026-07-31 20:00:00,20260731,TR-005,CMP-SVC,Service-related defect,WO-000848,2026-07-31 20:55:31,2026-07-31 21:35:19,0.66,0.93,1.59,11547.4,SVC-73,CMMS-SIM
F-000403,2026-08-03 01:00:00,20260803,TR-005,CMP-ENG,Fuel system fault,WO-000850,2026-08-03 03:49:04,2026-08-03 05:19:49,1.51,2.82,4.33,11587.9,ENG-50,CMMS-SIM
F-000404,2026-08-06 15:00:00,20260806,TR-005,CMP-HYD,Valve block leak,WO-000852,2026-08-06 15:35:22,2026-08-06 18:18:22,2.72,0.59,3.31,11609.7,HYD-99,CMMS-SIM
F-000405,2026-08-07 07:00:00,20260807,TR-005,CMP-ELE,Lighting circuit fault,WO-000853,2026-08-07 09:37:57,2026-08-07 10:48:21,1.17,2.63,3.81,11623.6,ELE-65,CMMS-SIM
F-000406,2026-08-08 16:30:00,20260808,TR-005,CMP-HYD,Valve block leak,WO-000854,2026-08-08 18:38:31,2026-08-09 02:29:12,7.84,2.14,9.99,11706.3,HYD-31,CMMS-SIM
F-000407,2026-08-15 03:00:00,20260815,TR-005,CMP-TYR,Track tension failure,WO-000856,2026-08-15 08:14:36,2026-08-15 09:27:22,1.21,5.24,6.46,11768.1,TYR-76,CMMS-SIM
F-000408,2026-08-18 18:00:00,20260818,TR-005,CMP-HYD,Hose burst,WO-000857,2026-08-18 19:38:06,2026-08-19 02:27:00,6.82,1.64,8.45,11822.2,HYD-07,CMMS-SIM
F-000409,2026-08-26 14:30:00,20260826,TR-005,CMP-HYD,Hose burst,WO-000859,2026-08-26 15:18:32,2026-08-27 01:46:08,10.46,0.81,11.27,11842.6,HYD-06,CMMS-SIM
F-000410,2025-10-02 18:30:00,20251002,TR-006,CMP-TYR,Sidewall damage,WO-000863,2025-10-02 20:20:15,2025-10-03 00:02:18,3.7,1.84,5.54,8033.3,TYR-93,CMMS-SIM
F-000411,2025-10-03 09:00:00,20251003,TR-006,CMP-TYR,Track tension failure,WO-000864,2025-10-03 12:29:28,2025-10-03 23:55:10,11.43,3.49,14.92,8121.9,TYR-07,CMMS-SIM
F-000412,2025-10-06 09:00:00,20251006,TR-006,CMP-SVC,Service-related defect,WO-000866,2025-10-06 10:48:31,2025-10-06 16:13:41,5.42,1.81,7.23,8175.3,SVC-15,CMMS-SIM
F-000413,2025-10-07 04:30:00,20251007,TR-006,CMP-ELE,Sensor failure,WO-000867,2025-10-07 08:59:00,2025-10-07 14:50:52,5.86,4.48,10.35,8221.4,ELE-96,CMMS-SIM
F-000414,2025-10-07 17:00:00,20251007,TR-006,CMP-ELE,Sensor failure,WO-000868,2025-10-07 17:28:40,2025-10-07 20:18:27,2.83,0.48,3.31,8282.5,ELE-56,CMMS-SIM
F-000415,2025-10-08 11:00:00,20251008,TR-006,CMP-ELE,Sensor failure,WO-000869,2025-10-08 12:04:07,2025-10-08 18:59:40,6.93,1.07,7.99,8363.5,ELE-04,CMMS-SIM
F-000416,2025-10-12 20:30:00,20251012,TR-006,CMP-SVC,Service-related defect,WO-000871,2025-10-12 20:32:09,2025-10-13 02:32:35,6.01,0.04,6.04,8435.4,SVC-62,CMMS-SIM
F-000417,2025-10-14 03:30:00,20251014,TR-006,CMP-ELE,Harness damage,WO-000873,2025-10-14 04:23:11,2025-10-14 06:50:33,2.46,0.89,3.34,8490.9,ELE-29,CMMS-SIM
F-000418,2025-10-16 04:00:00,20251016,TR-006,CMP-ENG,Fuel system fault,WO-000876,2025-10-16 06:47:24,2025-10-16 14:32:29,7.75,2.79,10.54,8528.6,ENG-32,CMMS-SIM
F-000419,2025-10-18 13:00:00,20251018,TR-006,CMP-TYR,Track tension failure,WO-000879,2025-10-18 13:54:09,2025-10-18 18:11:16,4.29,0.9,5.19,8613.2,TYR-67,CMMS-SIM
F-000420,2025-10-25 15:00:00,20251025,TR-006,CMP-HYD,Valve block leak,WO-000882,2025-10-25 18:11:37,2025-10-25 21:21:29,3.16,3.19,6.36,8654.2,HYD-93,CMMS-SIM
F-000421,2025-10-29 00:30:00,20251029,TR-006,CMP-HYD,Boom cylinder seal leak,WO-000884,2025-10-29 01:39:06,2025-10-29 05:35:06,3.93,1.15,5.09,8692.5,HYD-18,CMMS-SIM
F-000422,2025-10-31 08:30:00,20251031,TR-006,CMP-TYR,Tyre change,WO-000886,2025-10-31 12:22:06,2025-11-01 00:57:31,12.59,3.87,16.46,8725.1,TYR-23,CMMS-SIM
F-000423,2025-11-01 16:30:00,20251101,TR-006,CMP-SVC,Service-related defect,WO-000887,2025-11-01 18:12:49,2025-11-02 00:25:47,6.22,1.71,7.93,8800.2,SVC-44,CMMS-SIM
F-000424,2025-11-04 00:00:00,20251104,TR-006,CMP-ELE,Harness damage,WO-000889,2025-11-04 02:15:58,2025-11-04 22:18:34,20.04,2.27,22.31,8889.7,ELE-70,CMMS-SIM
F-000425,2025-11-05 00:30:00,20251105,TR-006,CMP-ENG,Turbo fault,WO-000891,2025-11-05 00:49:45,2025-11-05 05:44:01,4.9,0.33,5.23,8914.1,ENG-78,CMMS-SIM
F-000426,2025-11-05 15:00:00,20251105,TR-006,CMP-HYD,Hose burst,WO-000892,2025-11-05 16:42:41,2025-11-06 07:03:42,14.35,1.71,16.06,8994.4,HYD-77,CMMS-SIM
F-000427,2025-11-08 03:00:00,20251108,TR-006,CMP-HYD,Boom cylinder seal leak,WO-000894,2025-11-08 05:31:58,2025-11-08 07:23:17,1.86,2.53,4.39,9042.7,HYD-66,CMMS-SIM
F-000428,2025-11-08 22:30:00,20251108,TR-006,CMP-BRK,Brake wear alarm,WO-000895,2025-11-08 22:33:58,2025-11-09 00:50:42,2.28,0.07,2.35,9065.1,BRK-17,CMMS-SIM
F-000429,2025-11-09 09:30:00,20251109,TR-006,CMP-ELE,Lighting circuit fault,WO-000896,2025-11-09 11:03:45,2025-11-09 14:46:20,3.71,1.56,5.27,9096.6,ELE-43,CMMS-SIM
F-000430,2025-11-13 09:30:00,20251113,TR-006,CMP-TYR,Sidewall damage,WO-000897,2025-11-13 12:42:09,2025-11-13 15:03:13,2.35,3.2,5.55,9176.8,TYR-68,CMMS-SIM
F-000431,2025-11-14 06:30:00,20251114,TR-006,CMP-HYD,Valve block leak,WO-000898,2025-11-14 07:03:37,2025-11-14 10:26:46,3.39,0.56,3.95,9205.0,HYD-74,CMMS-SIM
F-000432,2025-11-16 17:00:00,20251116,TR-006,CMP-TYR,Track tension failure,WO-000902,2025-11-16 18:01:29,2025-11-16 23:53:18,5.86,1.02,6.89,9262.3,TYR-04,CMMS-SIM
F-000433,2025-11-17 15:00:00,20251117,TR-006,CMP-ELE,Lighting circuit fault,WO-000904,2025-11-17 16:41:25,2025-11-18 03:10:26,10.48,1.69,12.17,9312.4,ELE-20,CMMS-SIM
F-000434,2025-11-20 17:30:00,20251120,TR-006,CMP-HYD,Boom cylinder seal leak,WO-000905,2025-11-20 22:19:41,2025-11-21 03:46:15,5.44,4.83,10.27,9350.0,HYD-64,CMMS-SIM
F-000435,2025-11-22 02:30:00,20251122,TR-006,CMP-ENG,Turbo fault,WO-000906,2025-11-22 03:10:13,2025-11-22 09:23:15,6.22,0.67,6.89,9363.3,ENG-36,CMMS-SIM
F-000436,2025-11-23 03:00:00,20251123,TR-006,CMP-ENG,Turbo fault,WO-000907,2025-11-23 03:09:44,2025-11-23 08:25:04,5.26,0.16,5.42,9407.6,ENG-24,CMMS-SIM
F-000437,2025-12-02 16:30:00,20251202,TR-006,CMP-BRK,Brake pressure fault,WO-000911,2025-12-02 17:34:51,2025-12-03 06:17:04,12.7,1.08,13.78,9435.7,BRK-31,CMMS-SIM
F-000438,2025-12-03 20:00:00,20251203,TR-006,CMP-ELE,Starter fault,WO-000913,2025-12-03 22:21:15,2025-12-04 01:59:27,3.64,2.35,5.99,9490.1,ELE-42,CMMS-SIM
F-000439,2025-12-10 03:30:00,20251210,TR-006,CMP-HYD,Valve block leak,WO-000920,2025-12-10 04:27:04,2025-12-10 07:05:06,2.63,0.95,3.59,9505.1,HYD-75,CMMS-SIM
F-000440,2025-12-16 09:00:00,20251216,TR-006,CMP-SVC,Service-related defect,WO-000925,2025-12-16 09:49:36,2025-12-16 13:29:23,3.66,0.83,4.49,9542.6,SVC-84,CMMS-SIM
F-000441,2025-12-17 12:30:00,20251217,TR-006,CMP-ELE,Harness damage,WO-000926,2025-12-17 18:22:15,2025-12-17 20:53:02,2.51,5.87,8.38,9608.8,ELE-81,CMMS-SIM
F-000442,2025-12-20 03:00:00,20251220,TR-006,CMP-HYD,Boom cylinder seal leak,WO-000928,2025-12-20 04:07:30,2025-12-20 12:20:38,8.22,1.13,9.34,9633.0,HYD-85,CMMS-SIM
F-000443,2025-12-21 14:00:00,20251221,TR-006,CMP-HYD,Boom cylinder seal leak,WO-000930,2025-12-21 14:01:17,2025-12-21 16:16:20,2.25,0.02,2.27,9652.3,HYD-87,CMMS-SIM
F-000444,2025-12-22 20:30:00,20251222,TR-006,CMP-ELE,Starter fault,WO-000931,2025-12-22 20:41:01,2025-12-23 01:33:56,4.88,0.18,5.07,9710.5,ELE-50,CMMS-SIM
F-000445,2025-12-24 00:00:00,20251224,TR-006,CMP-ELE,Harness damage,WO-000932,2025-12-24 01:36:24,2025-12-24 09:44:37,8.14,1.61,9.74,9754.4,ELE-18,CMMS-SIM
F-000446,2025-12-25 03:30:00,20251225,TR-006,CMP-ELE,Starter fault,WO-000934,2025-12-25 03:30:32,2025-12-25 06:56:18,3.43,0.01,3.44,9794.1,ELE-62,CMMS-SIM
F-000447,2026-01-03 17:00:00,20260103,TR-006,CMP-HYD,Hose burst,WO-000936,2026-01-03 19:25:06,2026-01-04 04:42:37,9.29,2.42,11.71,9822.8,HYD-15,CMMS-SIM
F-000448,2026-01-04 20:00:00,20260104,TR-006,CMP-HYD,Main pump failure,WO-000937,2026-01-04 21:21:55,2026-01-05 02:44:21,5.37,1.37,6.74,9879.7,HYD-76,CMMS-SIM
F-000449,2026-01-05 15:00:00,20260105,TR-006,CMP-HYD,Hose burst,WO-000938,2026-01-05 16:00:59,2026-01-05 23:06:21,7.09,1.02,8.11,9964.1,HYD-86,CMMS-SIM
F-000450,2026-01-08 06:30:00,20260108,TR-006,CMP-ELE,Sensor failure,WO-000939,2026-01-08 07:56:11,2026-01-08 09:53:48,1.96,1.44,3.4,10029.5,ELE-24,CMMS-SIM
F-000451,2026-01-11 09:30:00,20260111,TR-006,CMP-HYD,Main pump failure,WO-000941,2026-01-11 09:31:34,2026-01-11 12:57:51,3.44,0.03,3.46,10105.9,HYD-65,CMMS-SIM
F-000452,2026-01-13 01:00:00,20260113,TR-006,CMP-BRK,Brake pressure fault,WO-000943,2026-01-13 01:38:14,2026-01-13 08:02:53,6.41,0.64,7.05,10181.5,BRK-89,CMMS-SIM
F-000453,2026-01-13 16:30:00,20260113,TR-006,CMP-ELE,Harness damage,WO-000944,2026-01-13 17:30:37,2026-01-13 23:18:54,5.8,1.01,6.82,10246.5,ELE-82,CMMS-SIM
F-000454,2026-01-14 19:30:00,20260114,TR-006,CMP-HYD,Boom cylinder seal leak,WO-000945,2026-01-14 20:53:35,2026-01-14 22:40:31,1.78,1.39,3.18,10335.8,HYD-43,CMMS-SIM
F-000455,2026-01-16 19:30:00,20260116,TR-006,CMP-SVC,Service-related defect,WO-000946,2026-01-16 20:01:22,2026-01-17 05:38:46,9.62,0.52,10.15,10418.5,SVC-56,CMMS-SIM
F-000456,2026-01-20 13:30:00,20260120,TR-006,CMP-HYD,Hose burst,WO-000948,2026-01-20 14:05:00,2026-01-20 17:12:50,3.13,0.58,3.71,10505.4,HYD-04,CMMS-SIM
F-000457,2026-01-23 18:00:00,20260123,TR-006,CMP-ENG,Fuel system fault,WO-000950,2026-01-23 20:50:12,2026-01-24 03:01:16,6.18,2.84,9.02,10541.6,ENG-57,CMMS-SIM
F-000458,2026-02-05 09:30:00,20260205,TR-006,CMP-HYD,Valve block leak,WO-000952,2026-02-05 10:00:53,2026-02-06 01:28:35,15.46,0.51,15.98,10573.7,HYD-41,CMMS-SIM
F-000459,2026-02-05 12:00:00,20260205,TR-006,CMP-HYD,Boom cylinder seal leak,WO-000953,2026-02-05 13:00:45,2026-02-05 18:05:31,5.08,1.01,6.09,10660.3,HYD-27,CMMS-SIM
F-000460,2026-02-07 17:00:00,20260207,TR-006,CMP-ELE,Sensor failure,WO-000954,2026-02-07 20:07:00,2026-02-08 09:12:29,13.09,3.12,16.21,10715.1,ELE-84,CMMS-SIM
F-000461,2026-02-23 11:00:00,20260223,TR-006,CMP-HYD,Boom cylinder seal leak,WO-000960,2026-02-23 11:34:56,2026-02-23 17:41:04,6.1,0.58,6.68,10725.7,HYD-72,CMMS-SIM
F-000462,2026-02-27 21:00:00,20260227,TR-006,CMP-ENG,Turbo fault,WO-000962,2026-02-27 21:08:46,2026-02-28 03:40:53,6.54,0.15,6.68,10755.8,ENG-91,CMMS-SIM
F-000463,2026-03-03 03:30:00,20260303,TR-006,CMP-ELE,Sensor failure,WO-000965,2026-03-03 05:13:07,2026-03-03 16:14:55,11.03,1.72,12.75,10771.1,ELE-73,CMMS-SIM
F-000464,2026-03-03 15:30:00,20260303,TR-006,CMP-TYR,Sidewall damage,WO-000966,2026-03-03 16:27:25,2026-03-03 23:01:42,6.57,0.96,7.53,10860.2,TYR-65,CMMS-SIM
F-000465,2026-03-05 06:30:00,20260305,TR-006,CMP-ELE,Starter fault,WO-000967,2026-03-05 08:47:14,2026-03-05 14:30:28,5.72,2.29,8.01,10916.1,ELE-79,CMMS-SIM
F-000466,2026-03-06 23:30:00,20260306,TR-006,CMP-HYD,Valve block leak,WO-000968,2026-03-07 01:54:24,2026-03-07 06:18:57,4.41,2.41,6.82,10941.4,HYD-50,CMMS-SIM
F-000467,2026-03-23 00:00:00,20260323,TR-006,CMP-TYR,Tyre change,WO-000974,2026-03-23 00:21:39,2026-03-23 04:15:44,3.9,0.36,4.26,11019.4,TYR-24,CMMS-SIM
F-000468,2026-03-26 05:30:00,20260326,TR-006,CMP-BRK,Brake wear alarm,WO-000975,2026-03-26 05:47:17,2026-03-26 09:22:14,3.58,0.29,3.87,11056.5,BRK-31,CMMS-SIM
F-000469,2026-03-29 10:30:00,20260329,TR-006,CMP-HYD,Valve block leak,WO-000976,2026-03-29 13:30:36,2026-03-30 00:02:56,10.54,3.01,13.55,11077.4,HYD-06,CMMS-SIM
F-000470,2026-03-31 11:00:00,20260331,TR-006,CMP-HYD,Main pump failure,WO-000977,2026-03-31 11:58:27,2026-03-31 13:50:17,1.86,0.97,2.84,11153.2,HYD-01,CMMS-SIM
F-000471,2026-04-07 09:30:00,20260407,TR-006,CMP-HYD,Main pump failure,WO-000979,2026-04-07 09:40:01,2026-04-07 13:01:32,3.36,0.17,3.53,11209.3,HYD-61,CMMS-SIM
F-000472,2026-04-13 07:00:00,20260413,TR-006,CMP-ELE,Harness damage,WO-000983,2026-04-13 09:02:00,2026-04-13 17:56:59,8.92,2.03,10.95,11219.6,ELE-35,CMMS-SIM
F-000473,2026-04-19 15:00:00,20260419,TR-006,CMP-TYR,Tyre change,WO-000984,2026-04-19 16:15:01,2026-04-19 17:22:06,1.12,1.25,2.37,11284.0,TYR-49,CMMS-SIM
F-000474,2026-04-25 17:00:00,20260425,TR-006,CMP-HYD,Hose burst,WO-000987,2026-04-25 18:32:06,2026-04-26 03:03:55,8.53,1.54,10.07,11346.3,HYD-86,CMMS-SIM
F-000475,2026-04-26 15:30:00,20260426,TR-006,CMP-HYD,Valve block leak,WO-000989,2026-04-26 20:34:09,2026-04-27 01:03:56,4.5,5.07,9.57,11414.2,HYD-39,CMMS-SIM
F-000476,2026-05-04 20:30:00,20260504,TR-006,CMP-ELE,Harness damage,WO-000992,2026-05-04 21:23:10,2026-05-05 04:11:18,6.8,0.89,7.69,11436.0,ELE-94,CMMS-SIM
F-000477,2026-05-08 02:00:00,20260508,TR-006,CMP-TYR,Sidewall damage,WO-000993,2026-05-08 04:55:33,2026-05-08 11:57:07,7.03,2.93,9.95,11449.2,TYR-79,CMMS-SIM
F-000478,2026-06-06 22:00:00,20260606,TR-006,CMP-HYD,Main pump failure,WO-000999,2026-06-07 01:38:38,2026-06-07 07:11:51,5.55,3.64,9.2,11505.7,HYD-24,CMMS-SIM
F-000479,2026-06-22 22:00:00,20260622,TR-006,CMP-HYD,Boom cylinder seal leak,WO-001002,2026-06-23 01:51:41,2026-06-23 02:57:23,1.1,3.86,4.96,11528.4,HYD-71,CMMS-SIM
F-000480,2026-06-24 06:30:00,20260624,TR-006,CMP-ELE,Starter fault,WO-001003,2026-06-24 09:45:55,2026-06-24 14:42:14,4.94,3.27,8.2,11590.6,ELE-59,CMMS-SIM
F-000481,2026-06-27 22:00:00,20260627,TR-006,CMP-TYR,Tyre change,WO-001005,2026-06-27 23:28:18,2026-06-28 06:36:05,7.13,1.47,8.6,11647.3,TYR-49,CMMS-SIM
F-000482,2026-06-30 06:30:00,20260630,TR-006,CMP-HYD,Hose burst,WO-001007,2026-06-30 08:08:17,2026-06-30 11:22:41,3.24,1.64,4.88,11658.4,HYD-04,CMMS-SIM
F-000483,2026-07-09 07:30:00,20260709,TR-006,CMP-HYD,Main pump failure,WO-001009,2026-07-09 10:56:32,2026-07-09 18:22:08,7.43,3.44,10.87,11669.9,HYD-41,CMMS-SIM
F-000484,2026-07-15 17:00:00,20260715,TR-006,CMP-HYD,Main pump failure,WO-001010,2026-07-15 17:36:25,2026-07-15 19:12:23,1.6,0.61,2.21,11752.5,HYD-12,CMMS-SIM
F-000485,2026-07-18 03:00:00,20260718,TR-006,CMP-ELE,Lighting circuit fault,WO-001011,2026-07-18 06:59:37,2026-07-18 12:35:54,5.6,3.99,9.6,11788.3,ELE-92,CMMS-SIM
F-000486,2026-07-30 19:30:00,20260730,TR-006,CMP-ELE,Starter fault,WO-001012,2026-07-30 20:38:04,2026-07-31 03:52:14,7.24,1.13,8.37,11852.2,ELE-88,CMMS-SIM
F-000487,2026-08-08 00:30:00,20260808,TR-006,CMP-TYR,Tyre change,WO-001014,2026-08-08 02:03:40,2026-08-08 06:35:18,4.53,1.56,6.09,11903.7,TYR-53,CMMS-SIM
F-000488,2026-08-10 06:30:00,20260810,TR-006,CMP-ELE,Starter fault,WO-001015,2026-08-10 06:47:44,2026-08-10 09:32:08,2.74,0.3,3.04,11986.8,ELE-44,CMMS-SIM
F-000489,2026-08-28 05:30:00,20260828,TR-006,CMP-ENG,Turbo fault,WO-001019,2026-08-28 05:53:17,2026-08-28 09:32:54,3.66,0.39,4.05,12064.2,ENG-93,CMMS-SIM
F-000490,2026-08-29 16:30:00,20260829,TR-006,CMP-HYD,Main pump failure,WO-001021,2026-08-29 16:41:30,2026-08-30 03:29:24,10.8,0.19,10.99,12077.2,HYD-56,CMMS-SIM
F-000491,2026-09-05 07:30:00,20260905,TR-006,CMP-TYR,Sidewall damage,WO-001023,2026-09-05 12:37:04,2026-09-05 16:03:02,3.43,5.12,8.55,12087.9,TYR-41,CMMS-SIM
F-000492,2025-10-03 00:30:00,20251003,TR-007,CMP-ELE,Sensor failure,WO-001024,2025-10-03 01:45:34,2025-10-03 03:55:10,2.16,1.26,3.42,8072.5,ELE-14,CMMS-SIM
F-000493,2025-10-04 07:30:00,20251004,TR-007,CMP-TYR,Tyre change,WO-001025,2025-10-04 08:28:23,2025-10-04 14:49:10,6.35,0.97,7.32,8107.9,TYR-12,CMMS-SIM
F-000494,2025-10-05 12:00:00,20251005,TR-007,CMP-BRK,Brake pressure fault,WO-001026,2025-10-05 14:18:22,2025-10-05 19:00:57,4.71,2.31,7.02,8152.6,BRK-92,CMMS-SIM
F-000495,2025-10-06 10:30:00,20251006,TR-007,CMP-TYR,Track tension failure,WO-001027,2025-10-06 10:57:25,2025-10-06 11:38:02,0.68,0.46,1.13,8163.5,TYR-22,CMMS-SIM
F-000496,2025-10-26 19:30:00,20251026,TR-007,CMP-TYR,Sidewall damage,WO-001034,2025-10-26 22:27:44,2025-10-27 00:31:03,2.06,2.96,5.02,8231.3,TYR-44,CMMS-SIM
F-000497,2025-10-30 01:00:00,20251030,TR-007,CMP-HYD,Boom cylinder seal leak,WO-001036,2025-10-30 01:20:32,2025-10-30 04:52:30,3.53,0.34,3.88,8245.1,HYD-93,CMMS-SIM
F-000498,2025-11-03 20:00:00,20251103,TR-007,CMP-ELE,Starter fault,WO-001038,2025-11-03 21:09:01,2025-11-04 03:54:05,6.75,1.15,7.9,8324.4,ELE-17,CMMS-SIM
F-000499,2025-11-07 17:00:00,20251107,TR-007,CMP-HYD,Valve block leak,WO-001039,2025-11-07 17:23:39,2025-11-08 00:03:30,6.66,0.39,7.06,8375.1,HYD-68,CMMS-SIM
F-000500,2025-11-10 06:30:00,20251110,TR-007,CMP-TYR,Track tension failure,WO-001040,2025-11-10 07:33:46,2025-11-10 12:52:35,5.31,1.06,6.38,8417.3,TYR-29,CMMS-SIM
F-000501,2025-11-14 14:00:00,20251114,TR-007,CMP-HYD,Valve block leak,WO-001043,2025-11-14 14:06:11,2025-11-14 23:01:53,8.93,0.1,9.03,8482.5,HYD-12,CMMS-SIM
F-000502,2025-11-15 10:30:00,20251115,TR-007,CMP-ELE,Sensor failure,WO-001044,2025-11-15 12:09:27,2025-11-15 16:23:57,4.24,1.66,5.9,8531.6,ELE-25,CMMS-SIM
F-000503,2025-11-16 00:00:00,20251116,TR-007,CMP-HYD,Boom cylinder seal leak,WO-001045,2025-11-16 02:11:35,2025-11-16 10:23:28,8.2,2.19,10.39,8575.2,HYD-56,CMMS-SIM
F-000504,2025-11-17 16:00:00,20251117,TR-007,CMP-TYR,Tyre change,WO-001046,2025-11-17 16:37:02,2025-11-17 21:47:10,5.17,0.62,5.79,8637.4,TYR-64,CMMS-SIM
F-000505,2025-11-23 17:00:00,20251123,TR-007,CMP-ELE,Sensor failure,WO-001048,2025-11-23 17:13:38,2025-11-24 05:05:35,11.87,0.23,12.09,8672.6,ELE-40,CMMS-SIM
F-000506,2025-11-24 11:30:00,20251124,TR-007,CMP-HYD,Main pump failure,WO-001049,2025-11-24 11:44:49,2025-11-24 17:31:40,5.78,0.25,6.03,8730.4,HYD-49,CMMS-SIM
F-000507,2025-11-25 00:00:00,20251125,TR-007,CMP-OTH,Other mechanical fault,WO-001050,2025-11-25 01:44:18,2025-11-25 06:05:12,4.35,1.74,6.09,8814.9,OTH-52,CMMS-SIM
F-000508,2025-11-26 05:00:00,20251126,TR-007,CMP-HYD,Valve block leak,WO-001051,2025-11-26 06:58:28,2025-11-26 11:34:02,4.59,1.97,6.57,8849.9,HYD-04,CMMS-SIM
F-000509,2025-11-26 18:30:00,20251126,TR-007,CMP-HYD,Hose burst,WO-001052,2025-11-26 19:22:29,2025-11-27 01:29:05,6.11,0.87,6.98,8931.9,HYD-82,CMMS-SIM
F-000510,2025-11-29 02:00:00,20251129,TR-007,CMP-ELE,Sensor failure,WO-001054,2025-11-29 06:36:13,2025-11-29 12:58:34,6.37,4.6,10.98,8990.1,ELE-13,CMMS-SIM
F-000511,2025-12-06 03:00:00,20251206,TR-007,CMP-HYD,Hose burst,WO-001058,2025-12-06 05:54:33,2025-12-06 18:05:48,12.19,2.91,15.1,9000.6,HYD-83,CMMS-SIM
F-000512,2025-12-06 15:30:00,20251206,TR-007,CMP-HYD,Boom cylinder seal leak,WO-001059,2025-12-06 16:04:08,2025-12-06 19:38:00,3.56,0.57,4.13,9037.4,HYD-69,CMMS-SIM
F-000513,2025-12-11 16:00:00,20251211,TR-007,CMP-ELE,Sensor failure,WO-001061,2025-12-11 19:01:59,2025-12-12 02:32:52,7.51,3.03,10.55,9117.5,ELE-37,CMMS-SIM
F-000514,2025-12-12 06:30:00,20251212,TR-007,CMP-ELE,Sensor failure,WO-001063,2025-12-12 08:35:47,2025-12-12 15:55:43,7.33,2.1,9.43,9180.0,ELE-04,CMMS-SIM
F-000515,2025-12-14 03:30:00,20251214,TR-007,CMP-ELE,Sensor failure,WO-001065,2025-12-14 04:40:22,2025-12-14 11:41:36,7.02,1.17,8.19,9244.1,ELE-86,CMMS-SIM
F-000516,2025-12-16 02:30:00,20251216,TR-007,CMP-BRK,Brake pressure fault,WO-001067,2025-12-16 04:01:15,2025-12-16 11:36:00,7.58,1.52,9.1,9280.4,BRK-44,CMMS-SIM
F-000517,2025-12-23 21:00:00,20251223,TR-007,CMP-HYD,Main pump failure,WO-001070,2025-12-23 21:38:04,2025-12-24 00:50:54,3.21,0.63,3.85,9326.0,HYD-07,CMMS-SIM
F-000518,2025-12-24 13:00:00,20251224,TR-007,CMP-ELE,Lighting circuit fault,WO-001071,2025-12-24 14:41:03,2025-12-24 20:51:36,6.18,1.68,7.86,9345.2,ELE-63,CMMS-SIM
F-000519,2025-12-27 23:30:00,20251227,TR-007,CMP-BRK,Brake pressure fault,WO-001073,2025-12-28 02:19:55,2025-12-28 07:22:23,5.04,2.83,7.87,9366.3,BRK-22,CMMS-SIM
F-000520,2025-12-29 08:00:00,20251229,TR-007,CMP-TYR,Sidewall damage,WO-001074,2025-12-29 09:11:33,2025-12-29 13:45:55,4.57,1.19,5.77,9399.5,TYR-95,CMMS-SIM
F-000521,2025-12-30 13:30:00,20251230,TR-007,CMP-ENG,Fuel system fault,WO-001076,2025-12-30 15:45:44,2025-12-30 23:50:42,8.08,2.26,10.35,9470.1,ENG-89,CMMS-SIM
F-000522,2026-01-04 18:00:00,20260104,TR-007,CMP-ELE,Starter fault,WO-001079,2026-01-04 20:17:52,2026-01-05 03:03:49,6.77,2.3,9.06,9558.7,ELE-36,CMMS-SIM
F-000523,2026-01-06 09:00:00,20260106,TR-007,CMP-ELE,Harness damage,WO-001081,2026-01-06 09:30:02,2026-01-06 12:09:36,2.66,0.5,3.16,9570.8,ELE-87,CMMS-SIM
F-000524,2026-01-06 21:30:00,20260106,TR-007,CMP-ELE,Sensor failure,WO-001082,2026-01-06 21:51:01,2026-01-07 05:47:17,7.94,0.35,8.29,9615.1,ELE-69,CMMS-SIM
F-000525,2026-01-08 06:00:00,20260108,TR-007,CMP-TYR,Sidewall damage,WO-001085,2026-01-08 06:20:21,2026-01-08 15:07:16,8.78,0.34,9.12,9640.0,TYR-69,CMMS-SIM
F-000526,2026-01-09 09:30:00,20260109,TR-007,CMP-ENG,Fuel system fault,WO-001086,2026-01-09 13:55:55,2026-01-10 05:16:34,15.34,4.43,19.78,9718.5,ENG-23,CMMS-SIM
F-000527,2026-01-12 17:00:00,20260112,TR-007,CMP-ELE,Lighting circuit fault,WO-001087,2026-01-12 22:45:36,2026-01-13 02:09:08,3.39,5.76,9.15,9748.0,ELE-14,CMMS-SIM
F-000528,2026-01-13 14:00:00,20260113,TR-007,CMP-TYR,Track tension failure,WO-001089,2026-01-13 18:46:58,2026-01-14 02:32:41,7.76,4.78,12.54,9788.1,TYR-20,CMMS-SIM
F-000529,2026-01-18 08:00:00,20260118,TR-007,CMP-ELE,Starter fault,WO-001091,2026-01-18 08:36:54,2026-01-18 13:20:30,4.73,0.62,5.34,9822.8,ELE-02,CMMS-SIM
F-000530,2026-01-22 21:00:00,20260122,TR-007,CMP-BRK,Brake pressure fault,WO-001094,2026-01-22 21:48:45,2026-01-23 04:20:15,6.53,0.81,7.34,9909.1,BRK-89,CMMS-SIM
F-000531,2026-01-26 10:00:00,20260126,TR-007,CMP-TYR,Tyre change,WO-001096,2026-01-26 11:07:02,2026-01-26 13:03:02,1.93,1.12,3.05,9929.7,TYR-37,CMMS-SIM
F-000532,2026-02-08 12:30:00,20260208,TR-007,CMP-ELE,Starter fault,WO-001103,2026-02-08 14:20:09,2026-02-08 22:08:47,7.81,1.84,9.65,9970.5,ELE-11,CMMS-SIM
F-000533,2026-02-19 03:30:00,20260219,TR-007,CMP-HYD,Hose burst,WO-001110,2026-02-19 04:07:54,2026-02-19 09:17:38,5.16,0.63,5.79,9985.5,HYD-23,CMMS-SIM
F-000534,2026-02-21 03:30:00,20260221,TR-007,CMP-OTH,Other mechanical fault,WO-001112,2026-02-21 04:28:19,2026-02-21 06:03:53,1.59,0.97,2.56,10036.3,OTH-24,CMMS-SIM
F-000535,2026-03-06 01:30:00,20260306,TR-007,CMP-HYD,Main pump failure,WO-001119,2026-03-06 03:00:02,2026-03-06 09:14:21,6.24,1.5,7.74,10062.6,HYD-50,CMMS-SIM
F-000536,2026-03-14 00:30:00,20260314,TR-007,CMP-HYD,Boom cylinder seal leak,WO-001123,2026-03-14 06:27:56,2026-03-14 13:30:15,7.04,5.97,13.0,10120.7,HYD-78,CMMS-SIM
F-000537,2026-03-15 14:30:00,20260315,TR-007,CMP-ELE,Sensor failure,WO-001124,2026-03-15 15:09:07,2026-03-15 17:32:51,2.4,0.65,3.05,10172.2,ELE-66,CMMS-SIM
F-000538,2026-03-17 23:30:00,20260317,TR-007,CMP-ELE,Sensor failure,WO-001126,2026-03-17 23:48:10,2026-03-18 06:54:43,7.11,0.3,7.41,10255.2,ELE-55,CMMS-SIM
F-000539,2026-03-24 03:00:00,20260324,TR-007,CMP-BRK,Brake wear alarm,WO-001130,2026-03-24 03:42:39,2026-03-24 06:03:11,2.34,0.71,3.05,10304.7,BRK-78,CMMS-SIM
F-000540,2026-03-24 13:30:00,20260324,TR-007,CMP-ENG,Turbo fault,WO-001131,2026-03-24 17:19:23,2026-03-24 21:08:57,3.83,3.82,7.65,10374.9,ENG-74,CMMS-SIM
F-000541,2026-04-04 04:00:00,20260404,TR-007,CMP-ENG,Turbo fault,WO-001136,2026-04-04 05:34:40,2026-04-04 20:47:16,15.21,1.58,16.79,10395.2,ENG-46,CMMS-SIM
F-000542,2026-04-08 20:30:00,20260408,TR-007,CMP-HYD,Valve block leak,WO-001138,2026-04-08 22:55:39,2026-04-09 03:35:22,4.66,2.43,7.09,10459.3,HYD-41,CMMS-SIM
F-000543,2026-04-09 21:30:00,20260409,TR-007,CMP-ELE,Lighting circuit fault,WO-001139,2026-04-09 21:34:33,2026-04-10 03:53:08,6.31,0.08,6.39,10475.6,ELE-02,CMMS-SIM
F-000544,2026-04-17 09:30:00,20260417,TR-007,CMP-HYD,Valve block leak,WO-001141,2026-04-17 10:58:03,2026-04-17 13:09:57,2.2,1.47,3.67,10533.1,HYD-41,CMMS-SIM
F-000545,2026-04-18 08:00:00,20260418,TR-007,CMP-HYD,Boom cylinder seal leak,WO-001142,2026-04-18 09:00:27,2026-04-18 14:39:29,5.65,1.01,6.66,10613.0,HYD-38,CMMS-SIM
F-000546,2026-04-18 23:00:00,20260418,TR-007,CMP-TYR,Sidewall damage,WO-001143,2026-04-19 03:44:17,2026-04-19 10:27:51,6.73,4.74,11.46,10671.3,TYR-71,CMMS-SIM
F-000547,2026-05-02 00:00:00,20260502,TR-007,CMP-TYR,Track tension failure,WO-001147,2026-05-02 02:27:45,2026-05-02 10:45:13,8.29,2.46,10.75,10758.3,TYR-22,CMMS-SIM
F-000548,2026-05-03 20:00:00,20260503,TR-007,CMP-HYD,Main pump failure,WO-001148,2026-05-03 20:15:45,2026-05-04 02:01:31,5.76,0.26,6.03,10771.4,HYD-65,CMMS-SIM
F-000549,2026-05-25 20:00:00,20260525,TR-007,CMP-SVC,Service-related defect,WO-001162,2026-05-25 20:02:18,2026-05-26 03:05:56,7.06,0.04,7.1,10789.3,SVC-41,CMMS-SIM
F-000550,2026-05-29 17:00:00,20260529,TR-007,CMP-ENG,Turbo fault,WO-001164,2026-05-29 21:08:20,2026-05-30 06:32:40,9.41,4.14,13.54,10855.5,ENG-24,CMMS-SIM
F-000551,2026-05-29 21:00:00,20260529,TR-007,CMP-ELE,Sensor failure,WO-001165,2026-05-29 21:44:37,2026-05-30 04:51:29,7.11,0.74,7.86,10901.8,ELE-45,CMMS-SIM
F-000552,2026-05-30 10:30:00,20260530,TR-007,CMP-HYD,Main pump failure,WO-001166,2026-05-30 16:30:51,2026-05-31 03:00:49,10.5,6.01,16.51,10949.0,HYD-27,CMMS-SIM
F-000553,2026-06-02 01:00:00,20260602,TR-007,CMP-HYD,Hose burst,WO-001169,2026-06-02 02:28:05,2026-06-02 08:32:41,6.08,1.47,7.54,11001.9,HYD-28,CMMS-SIM
F-000554,2026-06-03 20:00:00,20260603,TR-007,CMP-ELE,Sensor failure,WO-001170,2026-06-03 21:27:06,2026-06-04 01:41:01,4.23,1.45,5.68,11050.1,ELE-95,CMMS-SIM
F-000555,2026-06-07 18:00:00,20260607,TR-007,CMP-HYD,Boom cylinder seal leak,WO-001173,2026-06-07 18:37:03,2026-06-07 19:44:07,1.12,0.62,1.74,11066.2,HYD-13,CMMS-SIM
F-000556,2026-06-12 02:30:00,20260612,TR-007,CMP-HYD,Main pump failure,WO-001174,2026-06-12 03:15:34,2026-06-12 10:29:43,7.24,0.76,8.0,11095.5,HYD-30,CMMS-SIM
F-000557,2026-06-13 04:30:00,20260613,TR-007,CMP-HYD,Main pump failure,WO-001175,2026-06-13 05:53:54,2026-06-13 10:16:19,4.37,1.4,5.77,11167.4,HYD-11,CMMS-SIM
F-000558,2026-06-17 18:30:00,20260617,TR-007,CMP-HYD,Valve block leak,WO-001176,2026-06-17 20:28:19,2026-06-18 00:19:04,3.85,1.97,5.82,11182.9,HYD-51,CMMS-SIM
F-000559,2026-06-28 17:00:00,20260628,TR-007,CMP-HYD,Main pump failure,WO-001178,2026-06-28 18:01:24,2026-06-29 04:13:47,10.21,1.02,11.23,11246.7,HYD-25,CMMS-SIM
F-000560,2026-07-16 03:00:00,20260716,TR-007,CMP-HYD,Valve block leak,WO-001183,2026-07-16 06:14:41,2026-07-16 09:38:29,3.4,3.24,6.64,11275.0,HYD-81,CMMS-SIM
F-000561,2026-07-17 17:30:00,20260717,TR-007,CMP-BRK,Brake wear alarm,WO-001184,2026-07-17 18:17:22,2026-07-18 06:27:57,12.18,0.79,12.97,11290.3,BRK-33,CMMS-SIM
F-000562,2026-07-21 04:00:00,20260721,TR-007,CMP-HYD,Main pump failure,WO-001186,2026-07-21 08:49:15,2026-07-21 14:15:06,5.43,4.82,10.25,11345.6,HYD-45,CMMS-SIM
F-000563,2026-07-21 09:00:00,20260721,TR-007,CMP-TYR,Tyre change,WO-001187,2026-07-21 10:35:36,2026-07-21 15:33:57,4.97,1.59,6.57,11395.4,TYR-66,CMMS-SIM
F-000564,2026-07-27 11:30:00,20260727,TR-007,CMP-TYR,Sidewall damage,WO-001189,2026-07-27 11:55:13,2026-07-27 13:27:31,1.54,0.42,1.96,11413.3,TYR-51,CMMS-SIM
F-000565,2026-08-06 17:30:00,20260806,TR-007,CMP-ELE,Harness damage,WO-001193,2026-08-06 21:31:50,2026-08-07 05:37:30,8.09,4.03,12.13,11451.6,ELE-66,CMMS-SIM
F-000566,2026-08-07 02:00:00,20260807,TR-007,CMP-HYD,Boom cylinder seal leak,WO-001194,2026-08-07 03:11:40,2026-08-07 04:58:19,1.78,1.19,2.97,11486.7,HYD-87,CMMS-SIM
F-000567,2026-08-14 21:00:00,20260814,TR-007,CMP-ELE,Lighting circuit fault,WO-001196,2026-08-14 22:42:24,2026-08-15 02:32:42,3.84,1.71,5.55,11531.6,ELE-37,CMMS-SIM
F-000568,2026-08-15 08:30:00,20260815,TR-007,CMP-ELE,Starter fault,WO-001197,2026-08-15 08:51:33,2026-08-15 11:45:23,2.9,0.36,3.26,11552.7,ELE-38,CMMS-SIM
F-000569,2026-08-27 21:00:00,20260827,TR-007,CMP-SVC,Service-related defect,WO-001198,2026-08-27 21:11:34,2026-08-28 09:23:17,12.2,0.19,12.39,11625.6,SVC-22,CMMS-SIM
F-000570,2026-08-31 19:30:00,20260831,TR-007,CMP-TYR,Tyre change,WO-001200,2026-08-31 21:09:52,2026-09-01 04:20:51,7.18,1.66,8.85,11641.9,TYR-65,CMMS-SIM
F-000571,2026-09-04 18:00:00,20260904,TR-007,CMP-HYD,Boom cylinder seal leak,WO-001201,2026-09-04 19:01:42,2026-09-05 02:57:06,7.92,1.03,8.95,11709.3,HYD-50,CMMS-SIM
F-000572,2026-09-05 08:30:00,20260905,TR-007,CMP-ELE,Harness damage,WO-001202,2026-09-05 09:41:46,2026-09-05 21:28:59,11.79,1.2,12.98,11734.0,ELE-08,CMMS-SIM
F-000573,2025-10-06 09:30:00,20251006,TR-008,CMP-ELE,Lighting circuit fault,WO-001205,2025-10-06 12:16:33,2025-10-06 15:07:41,2.85,2.78,5.63,8085.9,ELE-37,CMMS-SIM
F-000574,2025-10-07 05:00:00,20251007,TR-008,CMP-ELE,Sensor failure,WO-001206,2025-10-07 06:53:55,2025-10-07 16:37:25,9.72,1.9,11.62,8102.3,ELE-20,CMMS-SIM
F-000575,2025-10-08 20:30:00,20251008,TR-008,CMP-HYD,Hose burst,WO-001207,2025-10-09 00:17:25,2025-10-09 07:26:13,7.15,3.79,10.94,8147.7,HYD-76,CMMS-SIM
F-000576,2025-10-09 09:30:00,20251009,TR-008,CMP-TYR,Track tension failure,WO-001208,2025-10-09 10:08:28,2025-10-09 12:59:51,2.86,0.64,3.5,8198.6,TYR-69,CMMS-SIM
F-000577,2025-10-14 14:30:00,20251014,TR-008,CMP-ELE,Sensor failure,WO-001212,2025-10-14 15:59:00,2025-10-14 21:17:54,5.31,1.48,6.8,8270.7,ELE-91,CMMS-SIM
F-000578,2025-10-16 19:30:00,20251016,TR-008,CMP-ELE,Starter fault,WO-001213,2025-10-16 21:45:06,2025-10-17 06:00:51,8.26,2.25,10.51,8289.8,ELE-96,CMMS-SIM
F-000579,2025-10-18 06:00:00,20251018,TR-008,CMP-ELE,Harness damage,WO-001214,2025-10-18 07:06:36,2025-10-18 08:36:36,1.5,1.11,2.61,8345.8,ELE-23,CMMS-SIM
F-000580,2025-10-25 01:30:00,20251025,TR-008,CMP-TYR,Tyre change,WO-001218,2025-10-25 04:16:49,2025-10-25 11:55:46,7.65,2.78,10.43,8419.6,TYR-22,CMMS-SIM
F-000581,2025-10-26 10:00:00,20251026,TR-008,CMP-TYR,Sidewall damage,WO-001219,2025-10-26 10:45:04,2025-10-26 21:29:06,10.73,0.75,11.49,8488.9,TYR-14,CMMS-SIM
F-000582,2025-10-27 06:30:00,20251027,TR-008,CMP-TRN,Transmission shift fault,WO-001220,2025-10-27 09:12:33,2025-10-27 11:14:07,2.03,2.71,4.74,8552.9,TRN-47,CMMS-SIM
F-000583,2025-10-28 04:00:00,20251028,TR-008,CMP-TRN,Torque converter issue,WO-001221,2025-10-28 08:01:58,2025-10-28 11:45:08,3.72,4.03,7.75,8615.4,TRN-57,CMMS-SIM
F-000584,2025-10-30 13:00:00,20251030,TR-008,CMP-ENG,Turbo fault,WO-001222,2025-10-30 13:00:04,2025-10-30 21:16:21,8.27,0.0,8.27,8701.9,ENG-86,CMMS-SIM
F-000585,2025-11-03 00:00:00,20251103,TR-008,CMP-BRK,Brake pressure fault,WO-001224,2025-11-03 01:08:04,2025-11-03 10:41:31,9.56,1.13,10.69,8765.8,BRK-37,CMMS-SIM
F-000586,2025-11-04 07:30:00,20251104,TR-008,CMP-ELE,Harness damage,WO-001225,2025-11-04 15:52:32,2025-11-04 22:21:01,6.47,8.38,14.85,8812.7,ELE-42,CMMS-SIM
F-000587,2025-11-09 22:00:00,20251109,TR-008,CMP-HYD,Boom cylinder seal leak,WO-001226,2025-11-10 01:52:41,2025-11-10 11:03:35,9.18,3.88,13.06,8883.3,HYD-68,CMMS-SIM
F-000588,2025-11-10 06:00:00,20251110,TR-008,CMP-BRK,Brake pressure fault,WO-001227,2025-11-10 06:59:38,2025-11-10 10:39:20,3.66,0.99,4.66,8940.2,BRK-23,CMMS-SIM
F-000589,2025-11-11 07:30:00,20251111,TR-008,CMP-TYR,Track tension failure,WO-001228,2025-11-11 10:55:51,2025-11-11 12:20:29,1.41,3.43,4.84,8988.7,TYR-57,CMMS-SIM
F-000590,2025-11-29 08:30:00,20251129,TR-008,CMP-HYD,Main pump failure,WO-001240,2025-11-29 09:29:20,2025-11-29 23:41:33,14.2,0.99,15.19,9019.8,HYD-82,CMMS-SIM
F-000591,2025-11-29 15:00:00,20251129,TR-008,CMP-BRK,Brake pressure fault,WO-001241,2025-11-29 15:30:54,2025-11-30 00:54:04,9.39,0.52,9.9,9078.2,BRK-73,CMMS-SIM
F-000592,2025-12-13 16:30:00,20251213,TR-008,CMP-TYR,Sidewall damage,WO-001247,2025-12-13 16:55:48,2025-12-13 21:18:01,4.37,0.43,4.8,9145.3,TYR-35,CMMS-SIM
F-000593,2025-12-17 08:30:00,20251217,TR-008,CMP-BRK,Brake pressure fault,WO-001248,2025-12-17 10:29:05,2025-12-17 17:18:52,6.83,1.98,8.81,9168.1,BRK-45,CMMS-SIM
F-000594,2025-12-17 21:00:00,20251217,TR-008,CMP-ELE,Sensor failure,WO-001249,2025-12-18 00:04:09,2025-12-18 07:02:11,6.97,3.07,10.04,9198.9,ELE-51,CMMS-SIM
F-000595,2025-12-21 07:00:00,20251221,TR-008,CMP-HYD,Valve block leak,WO-001250,2025-12-21 11:17:53,2025-12-22 01:30:02,14.2,4.3,18.5,9252.9,HYD-56,CMMS-SIM
F-000596,2025-12-23 22:30:00,20251223,TR-008,CMP-ELE,Sensor failure,WO-001251,2025-12-24 00:18:30,2025-12-24 03:55:54,3.62,1.81,5.43,9335.3,ELE-57,CMMS-SIM
F-000597,2025-12-25 16:30:00,20251225,TR-008,CMP-ELE,Harness damage,WO-001252,2025-12-25 17:42:57,2025-12-25 20:29:18,2.77,1.22,3.99,9421.0,ELE-85,CMMS-SIM
F-000598,2026-01-02 14:30:00,20260102,TR-008,CMP-TYR,Sidewall damage,WO-001254,2026-01-02 15:09:02,2026-01-02 21:12:35,6.06,0.65,6.71,9475.1,TYR-89,CMMS-SIM
F-000599,2026-01-11 05:00:00,20260111,TR-008,CMP-ELE,Lighting circuit fault,WO-001259,2026-01-11 07:13:56,2026-01-11 11:59:59,4.77,2.23,7.0,9546.9,ELE-26,CMMS-SIM
F-000600,2026-01-15 07:30:00,20260115,TR-008,CMP-ELE,Starter fault,WO-001260,2026-01-15 09:11:20,2026-01-15 13:16:01,4.08,1.69,5.77,9582.7,ELE-59,CMMS-SIM
F-000601,2026-01-15 20:30:00,20260115,TR-008,CMP-HYD,Hose burst,WO-001261,2026-01-15 23:56:48,2026-01-16 04:15:57,4.32,3.45,7.77,9620.7,HYD-05,CMMS-SIM
F-000602,2026-01-16 21:00:00,20260116,TR-008,CMP-HYD,Boom cylinder seal leak,WO-001262,2026-01-16 21:02:02,2026-01-17 05:19:34,8.29,0.03,8.33,9657.5,HYD-51,CMMS-SIM
F-000603,2026-01-17 19:30:00,20260117,TR-008,CMP-ELE,Harness damage,WO-001263,2026-01-17 21:39:42,2026-01-18 09:08:53,11.49,2.16,13.65,9729.5,ELE-19,CMMS-SIM
F-000604,2026-01-25 17:00:00,20260125,TR-008,CMP-SVC,Service-related defect,WO-001266,2026-01-25 17:08:26,2026-01-25 21:02:41,3.9,0.14,4.04,9772.8,SVC-40,CMMS-SIM
F-000605,2026-02-03 03:30:00,20260203,TR-008,CMP-BRK,Brake wear alarm,WO-001267,2026-02-03 04:02:22,2026-02-03 09:35:39,5.55,0.54,6.09,9842.3,BRK-34,CMMS-SIM
F-000606,2026-02-03 22:00:00,20260203,TR-008,CMP-HYD,Hose burst,WO-001268,2026-02-03 23:07:56,2026-02-04 05:38:26,6.51,1.13,7.64,9910.3,HYD-44,CMMS-SIM
F-000607,2026-02-10 23:00:00,20260210,TR-008,CMP-TYR,Sidewall damage,WO-001271,2026-02-11 00:27:47,2026-02-11 01:43:00,1.25,1.46,2.72,9993.1,TYR-85,CMMS-SIM
F-000608,2026-02-11 05:30:00,20260211,TR-008,CMP-BRK,Brake wear alarm,WO-001272,2026-02-11 06:00:43,2026-02-11 08:49:17,2.81,0.51,3.32,10036.1,BRK-75,CMMS-SIM
F-000609,2026-02-11 11:00:00,20260211,TR-008,CMP-HYD,Main pump failure,WO-001273,2026-02-11 12:38:52,2026-02-11 19:19:02,6.67,1.65,8.32,10056.7,HYD-59,CMMS-SIM
F-000610,2026-02-12 06:30:00,20260212,TR-008,CMP-ENG,Cooling issue,WO-001274,2026-02-12 07:19:59,2026-02-12 12:16:04,4.93,0.83,5.77,10131.0,ENG-51,CMMS-SIM
F-000611,2026-02-13 23:00:00,20260213,TR-008,CMP-HYD,Main pump failure,WO-001275,2026-02-14 01:20:53,2026-02-14 02:47:49,1.45,2.35,3.8,10168.4,HYD-90,CMMS-SIM
F-000612,2026-02-14 12:00:00,20260214,TR-008,CMP-HYD,Valve block leak,WO-001276,2026-02-14 16:56:11,2026-02-14 21:31:14,4.58,4.94,9.52,10223.9,HYD-24,CMMS-SIM
F-000613,2026-02-15 04:30:00,20260215,TR-008,CMP-TYR,Track tension failure,WO-001277,2026-02-15 05:12:30,2026-02-15 08:04:29,2.87,0.71,3.57,10310.6,TYR-31,CMMS-SIM
F-000614,2026-02-16 03:00:00,20260216,TR-008,CMP-TYR,Sidewall damage,WO-001278,2026-02-16 03:41:29,2026-02-16 10:02:06,6.34,0.69,7.04,10354.3,TYR-14,CMMS-SIM
F-000615,2026-02-21 06:00:00,20260221,TR-008,CMP-HYD,Hose burst,WO-001282,2026-02-21 07:23:37,2026-02-21 21:13:40,13.83,1.39,15.23,10390.4,HYD-98,CMMS-SIM
F-000616,2026-02-26 20:00:00,20260226,TR-008,CMP-ELE,Sensor failure,WO-001283,2026-02-26 23:21:39,2026-02-27 01:39:55,2.3,3.36,5.67,10435.7,ELE-58,CMMS-SIM
F-000617,2026-03-06 12:30:00,20260306,TR-008,CMP-BRK,Brake pressure fault,WO-001286,2026-03-06 13:14:46,2026-03-07 05:50:52,16.6,0.75,17.35,10475.6,BRK-64,CMMS-SIM
F-000618,2026-03-10 02:30:00,20260310,TR-008,CMP-ELE,Starter fault,WO-001288,2026-03-10 04:04:35,2026-03-10 19:09:46,15.09,1.58,16.66,10539.1,ELE-30,CMMS-SIM
F-000619,2026-03-14 20:30:00,20260314,TR-008,CMP-ELE,Harness damage,WO-001290,2026-03-14 22:57:27,2026-03-15 00:58:33,2.02,2.46,4.48,10581.3,ELE-56,CMMS-SIM
F-000620,2026-03-20 10:30:00,20260320,TR-008,CMP-ENG,Cooling issue,WO-001293,2026-03-20 10:36:46,2026-03-20 16:09:04,5.54,0.11,5.65,10670.9,ENG-99,CMMS-SIM
F-000621,2026-03-25 06:00:00,20260325,TR-008,CMP-ENG,Fuel system fault,WO-001294,2026-03-25 09:07:01,2026-03-25 18:42:38,9.59,3.12,12.71,10740.5,ENG-54,CMMS-SIM
F-000622,2026-03-26 21:00:00,20260326,TR-008,CMP-HYD,Hose burst,WO-001295,2026-03-26 21:40:37,2026-03-27 06:15:35,8.58,0.68,9.26,10776.6,HYD-45,CMMS-SIM
F-000623,2026-04-01 02:00:00,20260401,TR-008,CMP-ELE,Harness damage,WO-001297,2026-04-01 04:29:57,2026-04-01 11:48:14,7.3,2.5,9.8,10812.9,ELE-03,CMMS-SIM
F-000624,2026-04-02 00:00:00,20260402,TR-008,CMP-BRK,Brake wear alarm,WO-001299,2026-04-02 00:52:26,2026-04-02 03:20:24,2.47,0.87,3.34,10867.5,BRK-95,CMMS-SIM
F-000625,2026-04-10 01:30:00,20260410,TR-008,CMP-HYD,Hose burst,WO-001302,2026-04-10 06:01:53,2026-04-10 10:16:34,4.24,4.53,8.78,10953.6,HYD-68,CMMS-SIM
F-000626,2026-04-11 04:30:00,20260411,TR-008,CMP-ELE,Harness damage,WO-001303,2026-04-11 05:12:14,2026-04-11 06:35:47,1.39,0.7,2.1,10984.1,ELE-66,CMMS-SIM
F-000627,2026-04-12 09:30:00,20260412,TR-008,CMP-ELE,Lighting circuit fault,WO-001304,2026-04-12 09:50:22,2026-04-12 17:02:21,7.2,0.34,7.54,11030.4,ELE-35,CMMS-SIM
F-000628,2026-04-14 11:30:00,20260414,TR-008,CMP-STR,Crack inspection,WO-001306,2026-04-14 12:04:26,2026-04-14 14:43:07,2.64,0.57,3.22,11067.2,STR-01,CMMS-SIM
F-000629,2026-04-18 10:00:00,20260418,TR-008,CMP-HYD,Boom cylinder seal leak,WO-001309,2026-04-18 10:43:52,2026-04-18 12:59:21,2.26,0.73,2.99,11119.7,HYD-19,CMMS-SIM
F-000630,2026-04-20 06:00:00,20260420,TR-008,CMP-BRK,Brake wear alarm,WO-001310,2026-04-20 07:25:25,2026-04-20 14:26:45,7.02,1.42,8.45,11188.2,BRK-43,CMMS-SIM
F-000631,2026-04-25 23:00:00,20260425,TR-008,CMP-ELE,Sensor failure,WO-001314,2026-04-26 01:37:33,2026-04-26 07:39:47,6.04,2.63,8.66,11256.4,ELE-61,CMMS-SIM
F-000632,2026-04-27 06:00:00,20260427,TR-008,CMP-ELE,Lighting circuit fault,WO-001315,2026-04-27 08:03:01,2026-04-27 14:00:42,5.96,2.05,8.01,11330.1,ELE-14,CMMS-SIM
F-000633,2026-04-29 16:30:00,20260429,TR-008,CMP-HYD,Valve block leak,WO-001317,2026-04-29 18:09:39,2026-04-29 22:01:40,3.87,1.66,5.53,11380.5,HYD-80,CMMS-SIM
F-000634,2026-05-02 12:00:00,20260502,TR-008,CMP-TYR,Tyre change,WO-001319,2026-05-02 13:23:10,2026-05-02 18:39:22,5.27,1.39,6.66,11457.9,TYR-37,CMMS-SIM
F-000635,2026-05-06 06:30:00,20260506,TR-008,CMP-ELE,Starter fault,WO-001320,2026-05-06 08:52:38,2026-05-06 21:12:02,12.32,2.38,14.7,11516.4,ELE-31,CMMS-SIM
F-000636,2026-05-11 02:30:00,20260511,TR-008,CMP-TYR,Track tension failure,WO-001322,2026-05-11 03:11:43,2026-05-11 03:58:27,0.78,0.7,1.47,11551.6,TYR-62,CMMS-SIM
F-000637,2026-05-11 16:30:00,20260511,TR-008,CMP-HYD,Main pump failure,WO-001323,2026-05-11 16:39:45,2026-05-12 00:19:05,7.66,0.16,7.82,11601.9,HYD-94,CMMS-SIM
F-000638,2026-05-14 21:00:00,20260514,TR-008,CMP-STR,Crack inspection,WO-001324,2026-05-14 21:51:18,2026-05-15 07:02:42,9.19,0.86,10.05,11687.1,STR-85,CMMS-SIM
F-000639,2026-05-16 23:30:00,20260516,TR-008,CMP-ELE,Starter fault,WO-001325,2026-05-17 01:36:04,2026-05-17 15:03:50,13.46,2.1,15.56,11757.1,ELE-13,CMMS-SIM
F-000640,2026-05-18 12:00:00,20260518,TR-008,CMP-BRK,Brake wear alarm,WO-001326,2026-05-18 12:26:33,2026-05-18 14:54:55,2.47,0.44,2.92,11782.1,BRK-45,CMMS-SIM
F-000641,2026-05-20 00:00:00,20260520,TR-008,CMP-HYD,Boom cylinder seal leak,WO-001327,2026-05-20 01:37:41,2026-05-20 04:54:38,3.28,1.63,4.91,11809.3,HYD-82,CMMS-SIM
F-000642,2026-05-26 09:30:00,20260526,TR-008,CMP-TYR,Track tension failure,WO-001330,2026-05-26 14:36:19,2026-05-26 17:13:00,2.61,5.11,7.72,11823.6,TYR-48,CMMS-SIM
F-000643,2026-05-27 19:30:00,20260527,TR-008,CMP-HYD,Hose burst,WO-001331,2026-05-27 21:33:25,2026-05-27 22:53:59,1.34,2.06,3.4,11864.2,HYD-04,CMMS-SIM
F-000644,2026-05-28 21:30:00,20260528,TR-008,CMP-HYD,Hose burst,WO-001333,2026-05-28 21:37:36,2026-05-29 11:03:16,13.43,0.13,13.55,11879.0,HYD-85,CMMS-SIM
F-000645,2026-06-14 10:00:00,20260614,TR-008,CMP-HYD,Hose burst,WO-001338,2026-06-14 12:20:15,2026-06-14 19:27:20,7.12,2.34,9.46,11928.0,HYD-68,CMMS-SIM
F-000646,2026-06-20 05:00:00,20260620,TR-008,CMP-HYD,Valve block leak,WO-001340,2026-06-20 06:04:30,2026-06-20 10:35:15,4.51,1.08,5.59,11985.3,HYD-88,CMMS-SIM
F-000647,2026-06-22 14:30:00,20260622,TR-008,CMP-HYD,Boom cylinder seal leak,WO-001341,2026-06-22 15:24:15,2026-06-23 00:59:09,9.58,0.9,10.49,12065.4,HYD-17,CMMS-SIM
F-000648,2026-06-25 22:30:00,20260625,TR-008,CMP-SVC,Service-related defect,WO-001343,2026-06-25 22:58:17,2026-06-26 15:15:25,16.29,0.47,16.76,12136.8,SVC-36,CMMS-SIM
F-000649,2026-06-29 00:00:00,20260629,TR-008,CMP-TYR,Tyre change,WO-001344,2026-06-29 02:48:49,2026-06-29 06:26:03,3.62,2.81,6.43,12155.9,TYR-36,CMMS-SIM
F-000650,2026-07-06 17:00:00,20260706,TR-008,CMP-BRK,Brake wear alarm,WO-001345,2026-07-06 17:29:03,2026-07-06 20:56:43,3.46,0.48,3.95,12176.9,BRK-67,CMMS-SIM
F-000651,2026-07-15 20:30:00,20260715,TR-008,CMP-HYD,Boom cylinder seal leak,WO-001349,2026-07-16 00:08:27,2026-07-16 04:15:16,4.11,3.64,7.75,12217.7,HYD-55,CMMS-SIM
F-000652,2026-07-16 23:00:00,20260716,TR-008,CMP-HYD,Main pump failure,WO-001350,2026-07-17 01:38:16,2026-07-17 06:32:36,4.91,2.64,7.54,12289.4,HYD-83,CMMS-SIM
F-000653,2026-07-23 09:00:00,20260723,TR-008,CMP-HYD,Main pump failure,WO-001353,2026-07-23 09:50:37,2026-07-23 23:01:56,13.19,0.84,14.03,12321.5,HYD-68,CMMS-SIM
F-000654,2026-07-28 12:30:00,20260728,TR-008,CMP-HYD,Boom cylinder seal leak,WO-001355,2026-07-28 14:17:15,2026-07-28 14:48:08,0.51,1.79,2.3,12352.1,HYD-37,CMMS-SIM
F-000655,2026-08-16 01:00:00,20260816,TR-008,CMP-BRK,Brake wear alarm,WO-001356,2026-08-16 01:57:59,2026-08-16 10:51:31,8.89,0.97,9.86,12440.3,BRK-74,CMMS-SIM
F-000656,2026-08-17 07:00:00,20260817,TR-008,CMP-HYD,Boom cylinder seal leak,WO-001358,2026-08-17 08:42:55,2026-08-17 11:18:50,2.6,1.72,4.31,12451.6,HYD-81,CMMS-SIM
F-000657,2026-08-23 06:00:00,20260823,TR-008,CMP-HYD,Boom cylinder seal leak,WO-001359,2026-08-23 06:50:06,2026-08-23 11:58:30,5.14,0.84,5.98,12491.4,HYD-31,CMMS-SIM
F-000658,2025-10-01 06:30:00,20251001,TR-009,CMP-HYD,Hose burst,WO-001361,2025-10-01 08:29:51,2025-10-01 10:07:11,1.62,2.0,3.62,8022.2,HYD-25,CMMS-SIM
F-000659,2025-10-01 11:00:00,20251001,TR-009,CMP-ELE,Sensor failure,WO-001362,2025-10-01 15:30:43,2025-10-01 17:00:22,1.49,4.51,6.01,8106.0,ELE-21,CMMS-SIM
F-000660,2025-10-01 21:30:00,20251001,TR-009,CMP-HYD,Valve block leak,WO-001363,2025-10-01 21:43:00,2025-10-02 04:06:49,6.4,0.22,6.61,8128.1,HYD-46,CMMS-SIM
F-000661,2025-10-04 17:00:00,20251004,TR-009,CMP-HYD,Main pump failure,WO-001364,2025-10-04 17:10:59,2025-10-04 19:28:28,2.29,0.18,2.47,8181.8,HYD-16,CMMS-SIM
F-000662,2025-10-05 09:30:00,20251005,TR-009,CMP-ENG,Cooling issue,WO-001365,2025-10-05 11:27:52,2025-10-05 17:14:57,5.78,1.96,7.75,8270.0,ENG-78,CMMS-SIM
F-000663,2025-10-18 16:30:00,20251018,TR-009,CMP-HYD,Main pump failure,WO-001369,2025-10-18 21:17:53,2025-10-19 01:11:58,3.9,4.8,8.7,8283.8,HYD-63,CMMS-SIM
F-000664,2025-10-31 04:00:00,20251031,TR-009,CMP-BRK,Brake wear alarm,WO-001374,2025-10-31 05:06:29,2025-10-31 08:31:31,3.42,1.11,4.53,8337.5,BRK-26,CMMS-SIM
F-000665,2025-11-07 19:00:00,20251107,TR-009,CMP-ENG,Turbo fault,WO-001378,2025-11-07 20:19:57,2025-11-08 03:26:07,7.1,1.33,8.44,8367.4,ENG-85,CMMS-SIM
F-000666,2025-11-08 02:30:00,20251108,TR-009,CMP-HYD,Valve block leak,WO-001379,2025-11-08 06:57:31,2025-11-08 13:11:04,6.23,4.46,10.68,8379.4,HYD-73,CMMS-SIM
F-000667,2025-11-13 19:00:00,20251113,TR-009,CMP-TYR,Sidewall damage,WO-001383,2025-11-13 20:00:14,2025-11-13 23:09:21,3.15,1.0,4.16,8457.2,TYR-53,CMMS-SIM
F-000668,2025-11-15 01:00:00,20251115,TR-009,CMP-HYD,Valve block leak,WO-001384,2025-11-15 02:08:14,2025-11-15 03:27:55,1.33,1.14,2.47,8509.0,HYD-11,CMMS-SIM
F-000669,2025-11-16 16:30:00,20251116,TR-009,CMP-TYR,Tyre change,WO-001385,2025-11-16 17:46:07,2025-11-16 21:50:36,4.07,1.27,5.34,8549.1,TYR-60,CMMS-SIM
F-000670,2025-11-18 01:30:00,20251118,TR-009,CMP-SVC,Service-related defect,WO-001387,2025-11-18 02:05:07,2025-11-18 06:37:14,4.54,0.59,5.12,8609.1,SVC-15,CMMS-SIM
F-000671,2025-11-21 12:30:00,20251121,TR-009,CMP-ELE,Lighting circuit fault,WO-001388,2025-11-21 13:15:41,2025-11-21 16:18:48,3.05,0.76,3.81,8645.5,ELE-54,CMMS-SIM
F-000672,2025-11-25 15:00:00,20251125,TR-009,CMP-HYD,Main pump failure,WO-001389,2025-11-25 17:04:31,2025-11-25 18:12:27,1.13,2.08,3.21,8682.5,HYD-29,CMMS-SIM
F-000673,2025-11-29 05:30:00,20251129,TR-009,CMP-HYD,Boom cylinder seal leak,WO-001390,2025-11-29 05:33:31,2025-11-29 13:28:37,7.92,0.06,7.98,8742.9,HYD-87,CMMS-SIM
F-000674,2025-12-01 00:00:00,20251201,TR-009,CMP-TRN,Transmission shift fault,WO-001391,2025-12-01 03:02:35,2025-12-01 05:06:52,2.07,3.04,5.11,8765.7,TRN-77,CMMS-SIM
F-000675,2025-12-02 11:00:00,20251202,TR-009,CMP-HYD,Hose burst,WO-001394,2025-12-02 14:21:08,2025-12-02 20:05:12,5.73,3.35,9.09,8821.3,HYD-04,CMMS-SIM
F-000676,2025-12-03 11:30:00,20251203,TR-009,CMP-ELE,Starter fault,WO-001395,2025-12-03 11:54:52,2025-12-03 17:27:31,5.54,0.41,5.96,8896.1,ELE-44,CMMS-SIM
F-000677,2025-12-03 22:00:00,20251203,TR-009,CMP-TYR,Track tension failure,WO-001396,2025-12-03 22:17:16,2025-12-04 08:05:33,9.8,0.29,10.09,8910.5,TYR-44,CMMS-SIM
F-000678,2025-12-06 04:00:00,20251206,TR-009,CMP-HYD,Hose burst,WO-001399,2025-12-06 07:25:03,2025-12-06 10:14:22,2.82,3.42,6.24,8952.1,HYD-71,CMMS-SIM
F-000679,2025-12-08 09:30:00,20251208,TR-009,CMP-ELE,Sensor failure,WO-001400,2025-12-08 12:34:03,2025-12-08 23:09:03,10.58,3.07,13.65,8990.1,ELE-11,CMMS-SIM
F-000680,2025-12-08 20:00:00,20251208,TR-009,CMP-STR,Frame repair,WO-001402,2025-12-08 23:22:31,2025-12-09 04:38:16,5.26,3.38,8.64,9030.0,STR-77,CMMS-SIM
F-000681,2025-12-09 10:30:00,20251209,TR-009,CMP-TYR,Sidewall damage,WO-001403,2025-12-09 11:06:37,2025-12-09 15:02:16,3.93,0.61,4.54,9075.2,TYR-38,CMMS-SIM
F-000682,2025-12-11 17:30:00,20251211,TR-009,CMP-SVC,Service-related defect,WO-001405,2025-12-11 20:28:06,2025-12-11 23:47:14,3.32,2.97,6.29,9151.6,SVC-94,CMMS-SIM
F-000683,2025-12-14 19:30:00,20251214,TR-009,CMP-HYD,Boom cylinder seal leak,WO-001407,2025-12-14 22:35:40,2025-12-15 03:56:40,5.35,3.09,8.44,9213.2,HYD-41,CMMS-SIM
F-000684,2025-12-15 14:30:00,20251215,TR-009,CMP-HYD,Main pump failure,WO-001409,2025-12-15 16:46:56,2025-12-15 21:40:27,4.89,2.28,7.17,9302.4,HYD-04,CMMS-SIM
F-000685,2025-12-26 14:30:00,20251226,TR-009,CMP-ELE,Sensor failure,WO-001416,2025-12-26 16:24:06,2025-12-26 17:43:34,1.32,1.9,3.23,9313.1,ELE-50,CMMS-SIM
F-000686,2025-12-27 16:00:00,20251227,TR-009,CMP-HYD,Valve block leak,WO-001417,2025-12-27 16:59:20,2025-12-28 06:37:23,13.63,0.99,14.62,9356.4,HYD-25,CMMS-SIM
F-000687,2025-12-27 23:30:00,20251227,TR-009,CMP-ENG,Turbo fault,WO-001418,2025-12-28 01:04:37,2025-12-28 09:56:12,8.86,1.58,10.44,9378.2,ENG-67,CMMS-SIM
F-000688,2025-12-30 04:00:00,20251230,TR-009,CMP-ELE,Lighting circuit fault,WO-001419,2025-12-30 04:47:44,2025-12-30 12:09:40,7.37,0.8,8.16,9427.2,ELE-56,CMMS-SIM
F-000689,2025-12-30 10:00:00,20251230,TR-009,CMP-HYD,Valve block leak,WO-001420,2025-12-30 10:37:56,2025-12-30 13:38:03,3.0,0.63,3.63,9456.5,HYD-81,CMMS-SIM
F-000690,2026-01-02 14:00:00,20260102,TR-009,CMP-STR,Crack inspection,WO-001422,2026-01-02 17:34:47,2026-01-03 00:14:42,6.67,3.58,10.25,9532.6,STR-15,CMMS-SIM
F-000691,2026-01-03 09:30:00,20260103,TR-009,CMP-ENG,Fuel system fault,WO-001423,2026-01-03 10:08:54,2026-01-03 11:33:25,1.41,0.65,2.06,9584.6,ENG-84,CMMS-SIM
F-000692,2026-01-09 10:30:00,20260109,TR-009,CMP-ELE,Starter fault,WO-001428,2026-01-09 13:55:54,2026-01-09 15:06:41,1.18,3.43,4.61,9638.4,ELE-54,CMMS-SIM
F-000693,2026-01-11 03:00:00,20260111,TR-009,CMP-HYD,Main pump failure,WO-001429,2026-01-11 07:10:41,2026-01-11 12:03:55,4.89,4.18,9.07,9708.0,HYD-22,CMMS-SIM
F-000694,2026-01-20 01:30:00,20260120,TR-009,CMP-HYD,Hose burst,WO-001433,2026-01-20 05:21:43,2026-01-20 13:04:13,7.71,3.86,11.57,9721.6,HYD-42,CMMS-SIM
F-000695,2026-01-21 18:00:00,20260121,TR-009,CMP-HYD,Boom cylinder seal leak,WO-001434,2026-01-21 19:38:04,2026-01-22 02:33:06,6.92,1.63,8.55,9749.5,HYD-34,CMMS-SIM
F-000696,2026-01-25 04:30:00,20260125,TR-009,CMP-HYD,Boom cylinder seal leak,WO-001435,2026-01-25 04:53:43,2026-01-25 10:45:42,5.87,0.4,6.26,9762.5,HYD-61,CMMS-SIM
F-000697,2026-01-29 09:30:00,20260129,TR-009,CMP-TYR,Track tension failure,WO-001437,2026-01-29 11:56:27,2026-01-30 03:24:31,15.47,2.44,17.91,9830.9,TYR-63,CMMS-SIM
F-000698,2026-02-03 16:30:00,20260203,TR-009,CMP-HYD,Boom cylinder seal leak,WO-001438,2026-02-03 16:37:30,2026-02-03 23:17:57,6.67,0.13,6.8,9915.5,HYD-63,CMMS-SIM
F-000699,2026-02-04 01:30:00,20260204,TR-009,CMP-ELE,Lighting circuit fault,WO-001439,2026-02-04 02:53:17,2026-02-04 15:28:06,12.58,1.39,13.97,9949.6,ELE-47,CMMS-SIM
F-000700,2026-02-09 10:30:00,20260209,TR-009,CMP-ELE,Lighting circuit fault,WO-001440,2026-02-09 10:47:48,2026-02-09 15:22:31,4.58,0.3,4.88,9960.4,ELE-62,CMMS-SIM
F-000701,2026-02-11 04:00:00,20260211,TR-009,CMP-HYD,Valve block leak,WO-001442,2026-02-11 07:26:18,2026-02-11 10:08:52,2.71,3.44,6.15,9982.7,HYD-93,CMMS-SIM
F-000702,2026-02-13 11:00:00,20260213,TR-009,CMP-TYR,Sidewall damage,WO-001443,2026-02-13 11:00:27,2026-02-13 17:36:53,6.61,0.01,6.61,10039.0,TYR-26,CMMS-SIM
F-000703,2026-02-24 09:00:00,20260224,TR-009,CMP-TYR,Track tension failure,WO-001446,2026-02-24 09:08:06,2026-02-24 16:59:19,7.85,0.14,7.99,10055.4,TYR-38,CMMS-SIM
F-000704,2026-02-26 22:30:00,20260226,TR-009,CMP-HYD,Hose burst,WO-001447,2026-02-27 01:58:16,2026-02-27 05:37:41,3.66,3.47,7.13,10108.0,HYD-91,CMMS-SIM
F-000705,2026-02-28 14:00:00,20260228,TR-009,CMP-HYD,Boom cylinder seal leak,WO-001448,2026-02-28 14:48:44,2026-02-28 19:00:16,4.19,0.81,5.0,10145.7,HYD-92,CMMS-SIM
F-000706,2026-03-02 06:30:00,20260302,TR-009,CMP-HYD,Main pump failure,WO-001449,2026-03-02 08:10:40,2026-03-02 13:25:37,5.25,1.68,6.93,10234.1,HYD-88,CMMS-SIM
F-000707,2026-03-04 01:00:00,20260304,TR-009,CMP-ELE,Lighting circuit fault,WO-001450,2026-03-04 02:00:09,2026-03-04 06:14:45,4.24,1.0,5.25,10305.8,ELE-15,CMMS-SIM
F-000708,2026-03-07 08:30:00,20260307,TR-009,CMP-HYD,Main pump failure,WO-001452,2026-03-07 11:01:18,2026-03-07 18:40:20,7.65,2.52,10.17,10341.9,HYD-65,CMMS-SIM
F-000709,2026-03-10 04:00:00,20260310,TR-009,CMP-ELE,Lighting circuit fault,WO-001454,2026-03-10 05:11:12,2026-03-10 05:41:11,0.5,1.19,1.69,10368.5,ELE-49,CMMS-SIM
F-000710,2026-03-23 08:30:00,20260323,TR-009,CMP-ELE,Sensor failure,WO-001457,2026-03-23 13:29:55,2026-03-23 23:55:16,10.42,5.0,15.42,10411.8,ELE-09,CMMS-SIM
F-000711,2026-03-26 05:00:00,20260326,TR-009,CMP-HYD,Valve block leak,WO-001460,2026-03-26 05:44:22,2026-03-26 07:04:04,1.33,0.74,2.07,10458.6,HYD-92,CMMS-SIM
F-000712,2026-03-28 08:30:00,20260328,TR-009,CMP-TYR,Tyre change,WO-001462,2026-03-28 09:03:49,2026-03-28 17:39:34,8.6,0.56,9.16,10483.0,TYR-71,CMMS-SIM
F-000713,2026-04-04 20:30:00,20260404,TR-009,CMP-ELE,Starter fault,WO-001469,2026-04-04 21:25:51,2026-04-05 05:24:09,7.97,0.93,8.9,10544.5,ELE-46,CMMS-SIM
F-000714,2026-04-08 00:30:00,20260408,TR-009,CMP-TYR,Sidewall damage,WO-001470,2026-04-08 02:30:03,2026-04-08 05:21:36,2.86,2.0,4.86,10615.8,TYR-24,CMMS-SIM
F-000715,2026-04-11 16:30:00,20260411,TR-009,CMP-ELE,Lighting circuit fault,WO-001471,2026-04-11 16:36:20,2026-04-11 21:10:17,4.57,0.11,4.67,10667.6,ELE-49,CMMS-SIM
F-000716,2026-04-23 10:00:00,20260423,TR-009,CMP-BRK,Brake wear alarm,WO-001473,2026-04-23 11:26:47,2026-04-23 17:25:44,5.98,1.45,7.43,10734.7,BRK-21,CMMS-SIM
F-000717,2026-04-25 11:00:00,20260425,TR-009,CMP-TRN,Transmission shift fault,WO-001475,2026-04-25 12:34:27,2026-04-25 22:21:37,9.79,1.57,11.36,10778.6,TRN-23,CMMS-SIM
F-000718,2026-05-08 05:30:00,20260508,TR-009,CMP-ELE,Lighting circuit fault,WO-001478,2026-05-08 07:24:38,2026-05-08 09:31:02,2.11,1.91,4.02,10852.1,ELE-32,CMMS-SIM
F-000719,2026-05-09 14:00:00,20260509,TR-009,CMP-ELE,Sensor failure,WO-001479,2026-05-09 16:12:01,2026-05-09 22:14:04,6.03,2.2,8.23,10919.4,ELE-21,CMMS-SIM
F-000720,2026-05-11 10:00:00,20260511,TR-009,CMP-HYD,Hose burst,WO-001480,2026-05-11 11:27:45,2026-05-12 06:38:09,19.17,1.46,20.64,10995.8,HYD-04,CMMS-SIM
F-000721,2026-05-19 23:00:00,20260519,TR-009,CMP-TRN,Torque converter issue,WO-001483,2026-05-19 23:27:46,2026-05-20 05:33:33,6.1,0.46,6.56,11038.8,TRN-28,CMMS-SIM
F-000722,2026-06-07 00:00:00,20260607,TR-009,CMP-ELE,Sensor failure,WO-001488,2026-06-07 01:10:46,2026-06-07 07:21:23,6.18,1.18,7.36,11066.8,ELE-15,CMMS-SIM
F-000723,2026-06-08 22:30:00,20260608,TR-009,CMP-TRN,Torque converter issue,WO-001489,2026-06-09 00:36:57,2026-06-09 08:17:07,7.67,2.12,9.79,11126.6,TRN-41,CMMS-SIM
F-000724,2026-06-17 00:30:00,20260617,TR-009,CMP-HYD,Valve block leak,WO-001491,2026-06-17 00:59:30,2026-06-17 05:17:26,4.3,0.49,4.79,11189.2,HYD-87,CMMS-SIM
F-000725,2026-06-19 09:30:00,20260619,TR-009,CMP-HYD,Boom cylinder seal leak,WO-001492,2026-06-19 10:23:21,2026-06-19 11:13:06,0.83,0.89,1.72,11259.5,HYD-87,CMMS-SIM
F-000726,2026-06-21 21:00:00,20260621,TR-009,CMP-BRK,Brake pressure fault,WO-001494,2026-06-21 22:06:18,2026-06-22 04:30:44,6.41,1.11,7.51,11285.9,BRK-31,CMMS-SIM
F-000727,2026-06-23 05:00:00,20260623,TR-009,CMP-SVC,Service-related defect,WO-001495,2026-06-23 06:23:56,2026-06-23 14:35:21,8.19,1.4,9.59,11332.3,SVC-04,CMMS-SIM
F-000728,2026-06-25 09:30:00,20260625,TR-009,CMP-BRK,Brake wear alarm,WO-001497,2026-06-25 10:13:39,2026-06-25 13:35:36,3.37,0.73,4.09,11422.0,BRK-24,CMMS-SIM
F-000729,2026-07-04 14:30:00,20260704,TR-009,CMP-ELE,Harness damage,WO-001499,2026-07-04 14:39:18,2026-07-04 18:14:13,3.58,0.16,3.74,11503.0,ELE-31,CMMS-SIM
F-000730,2026-07-06 20:00:00,20260706,TR-009,CMP-HYD,Boom cylinder seal leak,WO-001500,2026-07-06 20:52:02,2026-07-06 21:44:02,0.87,0.87,1.73,11574.7,HYD-60,CMMS-SIM
F-000731,2026-07-14 12:30:00,20260714,TR-009,CMP-HYD,Hose burst,WO-001501,2026-07-14 13:22:38,2026-07-14 17:25:24,4.05,0.88,4.92,11586.3,HYD-72,CMMS-SIM
F-000732,2026-07-14 21:30:00,20260714,TR-009,CMP-ELE,Sensor failure,WO-001502,2026-07-14 22:27:37,2026-07-15 02:07:27,3.66,0.96,4.62,11600.6,ELE-25,CMMS-SIM
F-000733,2026-07-18 20:00:00,20260718,TR-009,CMP-HYD,Valve block leak,WO-001503,2026-07-18 20:54:52,2026-07-18 22:28:48,1.57,0.91,2.48,11669.0,HYD-90,CMMS-SIM
F-000734,2026-07-27 09:00:00,20260727,TR-009,CMP-HYD,Main pump failure,WO-001504,2026-07-27 10:32:32,2026-07-27 13:34:50,3.04,1.54,4.58,11719.2,HYD-99,CMMS-SIM
F-000735,2026-08-02 11:00:00,20260802,TR-009,CMP-HYD,Valve block leak,WO-001509,2026-08-02 12:15:17,2026-08-02 15:44:40,3.49,1.25,4.74,11781.9,HYD-74,CMMS-SIM
F-000736,2026-08-09 11:30:00,20260809,TR-009,CMP-ELE,Lighting circuit fault,WO-001510,2026-08-09 16:25:54,2026-08-09 22:33:21,6.12,4.93,11.06,11831.1,ELE-91,CMMS-SIM
F-000737,2026-08-16 12:30:00,20260816,TR-009,CMP-HYD,Main pump failure,WO-001511,2026-08-16 13:45:41,2026-08-17 08:24:24,18.65,1.26,19.91,11866.6,HYD-87,CMMS-SIM
F-000738,2026-08-25 20:30:00,20260825,TR-009,CMP-TYR,Sidewall damage,WO-001512,2026-08-25 20:41:06,2026-08-26 00:33:21,3.87,0.19,4.06,11887.8,TYR-80,CMMS-SIM
F-000739,2026-08-27 00:00:00,20260827,TR-009,CMP-HYD,Boom cylinder seal leak,WO-001513,2026-08-27 02:32:29,2026-08-27 10:28:39,7.94,2.54,10.48,11921.3,HYD-59,CMMS-SIM
F-000740,2026-08-31 09:30:00,20260831,TR-009,CMP-BRK,Brake pressure fault,WO-001514,2026-08-31 10:03:18,2026-08-31 17:40:01,7.61,0.56,8.17,11962.2,BRK-25,CMMS-SIM
F-000741,2025-10-02 08:30:00,20251002,TR-010,CMP-ELE,Lighting circuit fault,WO-001515,2025-10-02 12:21:06,2025-10-02 18:04:01,5.72,3.85,9.57,8064.4,ELE-65,CMMS-SIM
F-000742,2025-10-04 02:00:00,20251004,TR-010,CMP-ELE,Lighting circuit fault,WO-001516,2025-10-04 03:01:38,2025-10-04 04:20:18,1.31,1.03,2.34,8101.1,ELE-36,CMMS-SIM
F-000743,2025-10-05 17:00:00,20251005,TR-010,CMP-TYR,Track tension failure,WO-001520,2025-10-05 18:41:44,2025-10-06 03:58:59,9.29,1.7,10.98,8179.1,TYR-51,CMMS-SIM
F-000744,2025-10-12 13:30:00,20251012,TR-010,CMP-ELE,Harness damage,WO-001521,2025-10-12 17:51:31,2025-10-12 20:24:27,2.55,4.36,6.91,8241.5,ELE-25,CMMS-SIM
F-000745,2025-10-21 08:30:00,20251021,TR-010,CMP-ELE,Harness damage,WO-001525,2025-10-21 12:23:37,2025-10-21 17:48:46,5.42,3.89,9.31,8287.9,ELE-49,CMMS-SIM
F-000746,2025-10-27 10:00:00,20251027,TR-010,CMP-ELE,Starter fault,WO-001528,2025-10-27 10:26:58,2025-10-27 11:36:10,1.15,0.45,1.6,8360.8,ELE-28,CMMS-SIM
F-000747,2025-10-28 23:30:00,20251028,TR-010,CMP-ELE,Lighting circuit fault,WO-001530,2025-10-29 00:46:31,2025-10-29 08:34:07,7.79,1.28,9.07,8394.9,ELE-52,CMMS-SIM
F-000748,2025-11-02 19:30:00,20251102,TR-010,CMP-ELE,Sensor failure,WO-001534,2025-11-02 22:11:04,2025-11-03 04:26:20,6.25,2.68,8.94,8419.9,ELE-05,CMMS-SIM
F-000749,2025-11-04 22:30:00,20251104,TR-010,CMP-HYD,Hose burst,WO-001539,2025-11-05 01:38:07,2025-11-05 12:42:24,11.07,3.14,14.21,8438.5,HYD-36,CMMS-SIM
F-000750,2025-11-11 09:00:00,20251111,TR-010,CMP-ENG,Cooling issue,WO-001544,2025-11-11 12:34:37,2025-11-11 18:37:57,6.06,3.58,9.63,8526.3,ENG-96,CMMS-SIM
F-000751,2025-11-12 03:00:00,20251112,TR-010,CMP-HYD,Valve block leak,WO-001545,2025-11-12 03:11:31,2025-11-12 03:50:41,0.65,0.19,0.84,8568.2,HYD-72,CMMS-SIM
F-000752,2025-11-22 14:00:00,20251122,TR-010,CMP-ELE,Starter fault,WO-001551,2025-11-22 17:19:27,2025-11-22 20:18:29,2.98,3.32,6.31,8631.9,ELE-15,CMMS-SIM
F-000753,2025-11-23 21:30:00,20251123,TR-010,CMP-ENG,Fuel system fault,WO-001552,2025-11-23 22:38:57,2025-11-23 23:42:38,1.06,1.15,2.21,8700.9,ENG-96,CMMS-SIM
F-000754,2025-11-30 05:30:00,20251130,TR-010,CMP-HYD,Hose burst,WO-001556,2025-11-30 13:14:18,2025-11-30 19:28:02,6.23,7.74,13.97,8722.9,HYD-01,CMMS-SIM
F-000755,2025-12-09 15:00:00,20251209,TR-010,CMP-HYD,Hose burst,WO-001559,2025-12-09 17:39:52,2025-12-09 21:09:56,3.5,2.66,6.17,8789.6,HYD-56,CMMS-SIM
F-000756,2025-12-16 09:00:00,20251216,TR-010,CMP-HYD,Main pump failure,WO-001561,2025-12-16 09:04:38,2025-12-16 12:21:22,3.28,0.08,3.36,8872.8,HYD-04,CMMS-SIM
F-000757,2025-12-18 08:00:00,20251218,TR-010,CMP-TYR,Sidewall damage,WO-001563,2025-12-18 09:59:04,2025-12-18 13:05:32,3.11,1.98,5.09,8920.2,TYR-17,CMMS-SIM
F-000758,2025-12-25 02:30:00,20251225,TR-010,CMP-TYR,Track tension failure,WO-001568,2025-12-25 03:03:03,2025-12-25 08:30:36,5.46,0.55,6.01,8945.5,TYR-62,CMMS-SIM
F-000759,2025-12-29 07:30:00,20251229,TR-010,CMP-ELE,Starter fault,WO-001570,2025-12-29 08:27:33,2025-12-29 20:07:50,11.67,0.96,12.63,8968.4,ELE-87,CMMS-SIM
F-000760,2025-12-31 08:30:00,20251231,TR-010,CMP-ELE,Harness damage,WO-001571,2025-12-31 08:45:29,2025-12-31 16:33:18,7.8,0.26,8.06,8995.3,ELE-92,CMMS-SIM
F-000761,2026-01-09 07:00:00,20260109,TR-010,CMP-BRK,Brake pressure fault,WO-001574,2026-01-09 10:45:08,2026-01-09 14:20:31,3.59,3.75,7.34,9083.5,BRK-90,CMMS-SIM
F-000762,2026-01-18 22:00:00,20260118,TR-010,CMP-TYR,Tyre change,WO-001579,2026-01-18 22:40:06,2026-01-19 05:01:33,6.36,0.67,7.03,9123.9,TYR-37,CMMS-SIM
F-000763,2026-01-27 06:00:00,20260127,TR-010,CMP-HYD,Main pump failure,WO-001582,2026-01-27 08:40:36,2026-01-27 10:31:38,1.85,2.68,4.53,9160.6,HYD-69,CMMS-SIM
F-000764,2026-01-31 08:30:00,20260131,TR-010,CMP-TYR,Sidewall damage,WO-001585,2026-01-31 09:15:11,2026-01-31 11:54:40,2.66,0.75,3.41,9244.2,TYR-35,CMMS-SIM
F-000765,2026-02-03 16:00:00,20260203,TR-010,CMP-ENG,Cooling issue,WO-001586,2026-02-03 16:46:24,2026-02-03 20:40:45,3.91,0.77,4.68,9288.3,ENG-48,CMMS-SIM
F-000766,2026-02-04 02:00:00,20260204,TR-010,CMP-HYD,Main pump failure,WO-001587,2026-02-04 06:02:20,2026-02-04 08:14:10,2.2,4.04,6.24,9316.6,HYD-75,CMMS-SIM
F-000767,2026-02-08 03:00:00,20260208,TR-010,CMP-ELE,Lighting circuit fault,WO-001591,2026-02-08 04:17:49,2026-02-08 07:53:49,3.6,1.3,4.9,9364.0,ELE-45,CMMS-SIM
F-000768,2026-02-09 00:00:00,20260209,TR-010,CMP-HYD,Main pump failure,WO-001592,2026-02-09 04:16:10,2026-02-09 05:57:42,1.69,4.27,5.96,9452.6,HYD-80,CMMS-SIM
F-000769,2026-02-09 10:00:00,20260209,TR-010,CMP-TYR,Sidewall damage,WO-001593,2026-02-09 10:43:28,2026-02-09 13:23:38,2.67,0.72,3.39,9522.7,TYR-07,CMMS-SIM
F-000770,2026-02-10 08:30:00,20260210,TR-010,CMP-TYR,Tyre change,WO-001594,2026-02-10 09:46:53,2026-02-10 21:40:12,11.89,1.28,13.17,9544.9,TYR-37,CMMS-SIM
F-000771,2026-02-11 01:00:00,20260211,TR-010,CMP-HYD,Valve block leak,WO-001595,2026-02-11 01:38:49,2026-02-11 09:08:03,7.49,0.65,8.13,9631.0,HYD-88,CMMS-SIM
F-000772,2026-02-13 18:30:00,20260213,TR-010,CMP-TYR,Track tension failure,WO-001596,2026-02-13 21:34:17,2026-02-14 00:47:01,3.21,3.07,6.28,9649.2,TYR-72,CMMS-SIM
F-000773,2026-02-16 15:30:00,20260216,TR-010,CMP-HYD,Valve block leak,WO-001598,2026-02-16 20:28:22,2026-02-17 01:22:50,4.91,4.97,9.88,9685.8,HYD-77,CMMS-SIM
F-000774,2026-02-20 02:00:00,20260220,TR-010,CMP-ELE,Lighting circuit fault,WO-001601,2026-02-20 05:52:30,2026-02-20 10:10:04,4.29,3.88,8.17,9760.0,ELE-48,CMMS-SIM
F-000775,2026-02-23 08:00:00,20260223,TR-010,CMP-HYD,Main pump failure,WO-001602,2026-02-23 10:09:57,2026-02-23 12:48:02,2.63,2.17,4.8,9794.9,HYD-73,CMMS-SIM
F-000776,2026-02-28 20:30:00,20260228,TR-010,CMP-OTH,Other mechanical fault,WO-001604,2026-02-28 20:49:33,2026-03-01 02:54:46,6.09,0.33,6.41,9833.4,OTH-70,CMMS-SIM
F-000777,2026-03-02 18:00:00,20260302,TR-010,CMP-TRN,Torque converter issue,WO-001605,2026-03-02 19:39:12,2026-03-02 22:17:41,2.64,1.65,4.29,9906.9,TRN-54,CMMS-SIM
F-000778,2026-03-06 03:00:00,20260306,TR-010,CMP-HYD,Main pump failure,WO-001606,2026-03-06 03:05:34,2026-03-06 05:37:08,2.53,0.09,2.62,9921.9,HYD-09,CMMS-SIM
F-000779,2026-03-09 16:30:00,20260309,TR-010,CMP-ELE,Lighting circuit fault,WO-001608,2026-03-09 17:54:10,2026-03-09 22:46:11,4.87,1.4,6.27,9954.9,ELE-67,CMMS-SIM
F-000780,2026-03-11 05:00:00,20260311,TR-010,CMP-HYD,Main pump failure,WO-001609,2026-03-11 06:59:56,2026-03-11 08:57:04,1.95,2.0,3.95,10039.7,HYD-10,CMMS-SIM
F-000781,2026-03-13 19:30:00,20260313,TR-010,CMP-TRN,Torque converter issue,WO-001612,2026-03-13 19:46:19,2026-03-14 02:22:39,6.61,0.27,6.88,10122.0,TRN-37,CMMS-SIM
F-000782,2026-03-22 05:00:00,20260322,TR-010,CMP-TRN,Transmission shift fault,WO-001614,2026-03-22 06:15:19,2026-03-22 19:45:16,13.5,1.26,14.75,10141.1,TRN-45,CMMS-SIM
F-000783,2026-03-24 02:30:00,20260324,TR-010,CMP-HYD,Boom cylinder seal leak,WO-001616,2026-03-24 03:19:46,2026-03-24 06:49:07,3.49,0.83,4.32,10191.0,HYD-47,CMMS-SIM
F-000784,2026-04-03 20:30:00,20260403,TR-010,CMP-HYD,Main pump failure,WO-001623,2026-04-03 21:17:54,2026-04-03 22:46:20,1.47,0.8,2.27,10237.1,HYD-48,CMMS-SIM
F-000785,2026-04-08 02:00:00,20260408,TR-010,CMP-HYD,Boom cylinder seal leak,WO-001624,2026-04-08 02:12:35,2026-04-08 14:30:43,12.3,0.21,12.51,10268.4,HYD-58,CMMS-SIM
F-000786,2026-04-11 03:00:00,20260411,TR-010,CMP-HYD,Boom cylinder seal leak,WO-001627,2026-04-11 06:04:56,2026-04-11 10:44:32,4.66,3.08,7.74,10304.5,HYD-61,CMMS-SIM
F-000787,2026-04-13 15:00:00,20260413,TR-010,CMP-ELE,Lighting circuit fault,WO-001628,2026-04-13 17:19:04,2026-04-14 00:38:59,7.33,2.32,9.65,10338.6,ELE-18,CMMS-SIM
F-000788,2026-04-16 19:00:00,20260416,TR-010,CMP-HYD,Hose burst,WO-001629,2026-04-16 20:07:40,2026-04-17 01:49:16,5.69,1.13,6.82,10417.1,HYD-84,CMMS-SIM
F-000789,2026-04-20 05:00:00,20260420,TR-010,CMP-ENG,Fuel system fault,WO-001631,2026-04-20 07:20:51,2026-04-20 10:11:31,2.84,2.35,5.19,10448.5,ENG-91,CMMS-SIM
F-000790,2026-04-20 12:30:00,20260420,TR-010,CMP-HYD,Main pump failure,WO-001632,2026-04-20 12:54:24,2026-04-20 17:47:37,4.89,0.41,5.29,10468.7,HYD-72,CMMS-SIM
F-000791,2026-04-25 22:00:00,20260425,TR-010,CMP-ELE,Sensor failure,WO-001634,2026-04-26 00:17:17,2026-04-26 03:52:40,3.59,2.29,5.88,10481.4,ELE-15,CMMS-SIM
F-000792,2026-05-02 08:00:00,20260502,TR-010,CMP-BRK,Brake pressure fault,WO-001637,2026-05-02 12:14:37,2026-05-02 20:41:08,8.44,4.24,12.69,10506.7,BRK-71,CMMS-SIM
F-000793,2026-05-05 02:00:00,20260505,TR-010,CMP-TYR,Sidewall damage,WO-001638,2026-05-05 03:40:02,2026-05-05 10:30:30,6.84,1.67,8.51,10526.9,TYR-48,CMMS-SIM
F-000794,2026-05-14 17:30:00,20260514,TR-010,CMP-HYD,Valve block leak,WO-001642,2026-05-14 18:11:33,2026-05-15 04:49:03,10.62,0.69,11.32,10602.8,HYD-39,CMMS-SIM
F-000795,2026-05-15 16:30:00,20260515,TR-010,CMP-ENG,Turbo fault,WO-001643,2026-05-15 21:58:38,2026-05-16 01:10:31,3.2,5.48,8.68,10648.5,ENG-86,CMMS-SIM
F-000796,2026-05-16 08:30:00,20260516,TR-010,CMP-ELE,Harness damage,WO-001645,2026-05-16 08:51:30,2026-05-16 14:20:35,5.48,0.36,5.84,10723.4,ELE-59,CMMS-SIM
F-000797,2026-05-17 22:30:00,20260517,TR-010,CMP-HYD,Valve block leak,WO-001646,2026-05-18 00:01:56,2026-05-18 11:37:06,11.59,1.53,13.12,10764.3,HYD-65,CMMS-SIM
F-000798,2026-05-24 08:30:00,20260524,TR-010,CMP-HYD,Boom cylinder seal leak,WO-001648,2026-05-24 08:51:38,2026-05-24 10:49:40,1.97,0.36,2.33,10842.4,HYD-50,CMMS-SIM
F-000799,2026-05-28 04:30:00,20260528,TR-010,CMP-TYR,Track tension failure,WO-001650,2026-05-28 05:37:09,2026-05-28 10:36:39,4.99,1.12,6.11,10885.7,TYR-98,CMMS-SIM
F-000800,2026-05-30 01:00:00,20260530,TR-010,CMP-HYD,Main pump failure,WO-001651,2026-05-30 01:36:44,2026-05-30 08:46:00,7.15,0.61,7.77,10947.9,HYD-18,CMMS-SIM
F-000801,2026-06-05 12:00:00,20260605,TR-010,CMP-ENG,Fuel system fault,WO-001653,2026-06-05 13:59:45,2026-06-05 15:45:54,1.77,2.0,3.77,11010.5,ENG-43,CMMS-SIM
F-000802,2026-06-10 08:30:00,20260610,TR-010,CMP-TYR,Track tension failure,WO-001654,2026-06-10 08:52:11,2026-06-10 10:11:09,1.32,0.37,1.69,11092.0,TYR-05,CMMS-SIM
F-000803,2026-06-11 11:00:00,20260611,TR-010,CMP-STR,Crack inspection,WO-001655,2026-06-11 13:36:29,2026-06-11 16:02:20,2.43,2.61,5.04,11141.8,STR-41,CMMS-SIM
F-000804,2026-06-11 17:30:00,20260611,TR-010,CMP-HYD,Boom cylinder seal leak,WO-001656,2026-06-11 18:30:13,2026-06-12 01:26:46,6.94,1.0,7.95,11200.5,HYD-88,CMMS-SIM
F-000805,2026-06-28 23:00:00,20260628,TR-010,CMP-ELE,Starter fault,WO-001661,2026-06-29 02:03:56,2026-06-29 10:01:04,7.95,3.07,11.02,11286.2,ELE-39,CMMS-SIM
F-000806,2026-06-29 09:00:00,20260629,TR-010,CMP-HYD,Hose burst,WO-001662,2026-06-29 09:41:58,2026-06-29 23:52:22,14.17,0.7,14.87,11317.8,HYD-45,CMMS-SIM
F-000807,2026-07-01 19:00:00,20260701,TR-010,CMP-BRK,Brake pressure fault,WO-001663,2026-07-01 21:20:55,2026-07-02 04:14:15,6.89,2.35,9.24,11360.9,BRK-41,CMMS-SIM
F-000808,2026-07-02 03:00:00,20260702,TR-010,CMP-ENG,Fuel system fault,WO-001664,2026-07-02 04:34:52,2026-07-02 11:04:22,6.49,1.58,8.07,11413.4,ENG-69,CMMS-SIM
F-000809,2026-07-03 01:30:00,20260703,TR-010,CMP-BRK,Brake pressure fault,WO-001665,2026-07-03 02:25:52,2026-07-03 06:05:25,3.66,0.93,4.59,11466.2,BRK-97,CMMS-SIM
F-000810,2026-07-09 23:30:00,20260709,TR-010,CMP-SVC,Service-related defect,WO-001668,2026-07-10 01:00:23,2026-07-10 11:05:16,10.08,1.51,11.59,11549.6,SVC-76,CMMS-SIM
F-000811,2026-07-25 08:00:00,20260725,TR-010,CMP-HYD,Valve block leak,WO-001672,2026-07-25 09:51:46,2026-07-25 13:09:54,3.3,1.86,5.17,11628.0,HYD-71,CMMS-SIM
F-000812,2026-07-26 16:30:00,20260726,TR-010,CMP-ELE,Lighting circuit fault,WO-001673,2026-07-26 19:06:11,2026-07-27 09:20:54,14.25,2.6,16.85,11657.1,ELE-18,CMMS-SIM
F-000813,2026-08-11 02:00:00,20260811,TR-010,CMP-ELE,Lighting circuit fault,WO-001677,2026-08-11 02:39:03,2026-08-11 04:58:01,2.32,0.65,2.97,11696.5,ELE-67,CMMS-SIM
F-000814,2026-08-14 22:00:00,20260814,TR-010,CMP-TYR,Tyre change,WO-001678,2026-08-14 22:25:13,2026-08-15 00:28:55,2.06,0.42,2.48,11728.3,TYR-27,CMMS-SIM
F-000815,2026-08-16 20:30:00,20260816,TR-010,CMP-BRK,Brake wear alarm,WO-001680,2026-08-16 21:58:26,2026-08-17 03:35:30,5.62,1.47,7.09,11798.3,BRK-21,CMMS-SIM
F-000816,2026-08-22 11:00:00,20260822,TR-010,CMP-ELE,Sensor failure,WO-001681,2026-08-22 15:37:50,2026-08-23 02:18:15,10.67,4.63,15.3,11860.9,ELE-45,CMMS-SIM
F-000817,2026-08-26 10:00:00,20260826,TR-010,CMP-OTH,Other mechanical fault,WO-001682,2026-08-26 11:05:30,2026-08-26 19:23:54,8.31,1.09,9.4,11904.1,OTH-07,CMMS-SIM
F-000818,2026-09-04 15:00:00,20260904,TR-010,CMP-TYR,Sidewall damage,WO-001684,2026-09-04 15:34:37,2026-09-04 18:16:47,2.7,0.58,3.28,11914.9,TYR-76,CMMS-SIM
F-000819,2026-09-07 02:30:00,20260907,TR-010,CMP-TYR,Track tension failure,WO-001685,2026-09-07 07:06:08,2026-09-07 09:29:17,2.39,4.6,6.99,11997.4,TYR-27,CMMS-SIM
F-000820,2025-10-01 12:30:00,20251001,TR-011,CMP-HYD,Main pump failure,WO-001687,2025-10-01 15:40:57,2025-10-01 20:06:45,4.43,3.18,7.61,8064.6,HYD-07,CMMS-SIM
F-000821,2025-10-02 10:30:00,20251002,TR-011,CMP-TYR,Sidewall damage,WO-001688,2025-10-02 13:50:52,2025-10-02 17:20:42,3.5,3.35,6.85,8136.9,TYR-39,CMMS-SIM
F-000822,2025-10-03 11:00:00,20251003,TR-011,CMP-HYD,Boom cylinder seal leak,WO-001689,2025-10-03 12:54:56,2025-10-03 18:28:58,5.57,1.92,7.48,8181.8,HYD-57,CMMS-SIM
F-000823,2025-10-10 04:30:00,20251010,TR-011,CMP-HYD,Main pump failure,WO-001693,2025-10-10 06:17:25,2025-10-10 13:06:28,6.82,1.79,8.61,8202.7,HYD-48,CMMS-SIM
F-000824,2025-10-13 00:00:00,20251013,TR-011,CMP-HYD,Valve block leak,WO-001695,2025-10-13 02:27:31,2025-10-13 12:00:36,9.55,2.46,12.01,8246.6,HYD-04,CMMS-SIM
F-000825,2025-10-16 11:00:00,20251016,TR-011,CMP-HYD,Valve block leak,WO-001697,2025-10-16 12:05:43,2025-10-16 20:58:53,8.89,1.1,9.98,8295.5,HYD-09,CMMS-SIM
F-000826,2025-10-21 11:00:00,20251021,TR-011,CMP-HYD,Main pump failure,WO-001701,2025-10-21 15:42:08,2025-10-22 03:05:21,11.39,4.7,16.09,8310.7,HYD-18,CMMS-SIM
F-000827,2025-10-22 01:00:00,20251022,TR-011,CMP-HYD,Boom cylinder seal leak,WO-001703,2025-10-22 02:51:41,2025-10-22 10:38:58,7.79,1.86,9.65,8362.0,HYD-46,CMMS-SIM
F-000828,2025-10-29 12:30:00,20251029,TR-011,CMP-ENG,Turbo fault,WO-001708,2025-10-29 16:06:09,2025-10-29 20:28:34,4.37,3.6,7.98,8406.7,ENG-69,CMMS-SIM
F-000829,2025-11-13 20:30:00,20251113,TR-011,CMP-OTH,Other mechanical fault,WO-001715,2025-11-14 01:52:11,2025-11-14 18:35:44,16.73,5.37,22.1,8424.1,OTH-26,CMMS-SIM
F-000830,2025-11-18 18:00:00,20251118,TR-011,CMP-HYD,Main pump failure,WO-001718,2025-11-18 20:38:29,2025-11-19 03:57:56,7.32,2.64,9.97,8445.9,HYD-73,CMMS-SIM
F-000831,2025-11-20 13:00:00,20251120,TR-011,CMP-ELE,Harness damage,WO-001719,2025-11-20 16:20:03,2025-11-20 21:25:37,5.09,3.33,8.43,8475.0,ELE-21,CMMS-SIM
F-000832,2025-12-03 19:30:00,20251203,TR-011,CMP-HYD,Main pump failure,WO-001726,2025-12-03 23:55:18,2025-12-04 03:00:11,3.08,4.42,7.5,8512.8,HYD-44,CMMS-SIM
F-000833,2025-12-16 20:30:00,20251216,TR-011,CMP-HYD,Valve block leak,WO-001733,2025-12-16 22:55:07,2025-12-17 09:06:31,10.19,2.42,12.61,8589.9,HYD-05,CMMS-SIM
F-000834,2025-12-21 04:30:00,20251221,TR-011,CMP-HYD,Main pump failure,WO-001734,2025-12-21 07:27:22,2025-12-21 18:10:15,10.71,2.96,13.67,8635.2,HYD-63,CMMS-SIM
F-000835,2025-12-22 17:30:00,20251222,TR-011,CMP-HYD,Boom cylinder seal leak,WO-001735,2025-12-22 19:49:16,2025-12-22 22:36:25,2.79,2.32,5.11,8649.2,HYD-87,CMMS-SIM
F-000836,2025-12-23 12:30:00,20251223,TR-011,CMP-HYD,Main pump failure,WO-001736,2025-12-23 13:46:55,2025-12-23 18:52:23,5.09,1.28,6.37,8671.9,HYD-27,CMMS-SIM
F-000837,2025-12-24 20:30:00,20251224,TR-011,CMP-BRK,Brake wear alarm,WO-001738,2025-12-24 21:45:27,2025-12-25 00:33:31,2.8,1.26,4.06,8702.2,BRK-50,CMMS-SIM
F-000838,2025-12-26 01:30:00,20251226,TR-011,CMP-ELE,Starter fault,WO-001740,2025-12-26 02:33:16,2025-12-26 05:22:41,2.82,1.05,3.88,8771.9,ELE-19,CMMS-SIM
F-000839,2025-12-27 08:00:00,20251227,TR-011,CMP-ELE,Sensor failure,WO-001741,2025-12-27 10:47:48,2025-12-27 12:46:59,1.99,2.8,4.78,8839.7,ELE-37,CMMS-SIM
F-000840,2025-12-27 10:00:00,20251227,TR-011,CMP-BRK,Brake pressure fault,WO-001742,2025-12-27 10:39:52,2025-12-27 12:23:15,1.72,0.66,2.39,8877.4,BRK-77,CMMS-SIM
F-000841,2025-12-28 00:00:00,20251228,TR-011,CMP-TYR,Track tension failure,WO-001743,2025-12-28 01:07:37,2025-12-28 14:32:37,13.42,1.13,14.54,8934.8,TYR-96,CMMS-SIM
F-000842,2026-01-01 01:30:00,20260101,TR-011,CMP-HYD,Main pump failure,WO-001745,2026-01-01 01:42:41,2026-01-01 13:45:37,12.05,0.21,12.26,8972.8,HYD-66,CMMS-SIM
F-000843,2026-01-01 15:00:00,20260101,TR-011,CMP-ELE,Starter fault,WO-001746,2026-01-01 16:23:58,2026-01-02 05:54:58,13.52,1.4,14.92,9000.1,ELE-98,CMMS-SIM
F-000844,2026-01-05 15:30:00,20260105,TR-011,CMP-ELE,Sensor failure,WO-001747,2026-01-05 19:25:27,2026-01-06 12:21:38,16.94,3.92,20.86,9023.0,ELE-63,CMMS-SIM
F-000845,2026-01-08 06:00:00,20260108,TR-011,CMP-TYR,Sidewall damage,WO-001751,2026-01-08 06:57:27,2026-01-08 17:13:50,10.27,0.96,11.23,9075.7,TYR-87,CMMS-SIM
F-000846,2026-01-10 08:30:00,20260110,TR-011,CMP-HYD,Hose burst,WO-001752,2026-01-10 10:24:44,2026-01-10 15:53:52,5.49,1.91,7.4,9122.3,HYD-34,CMMS-SIM
F-000847,2026-01-15 04:00:00,20260115,TR-011,CMP-ENG,Cooling issue,WO-001755,2026-01-15 04:55:34,2026-01-15 13:14:59,8.32,0.93,9.25,9149.5,ENG-67,CMMS-SIM
F-000848,2026-01-20 07:00:00,20260120,TR-011,CMP-ELE,Harness damage,WO-001758,2026-01-20 07:18:28,2026-01-20 11:16:36,3.97,0.31,4.28,9198.1,ELE-93,CMMS-SIM
F-000849,2026-01-23 03:30:00,20260123,TR-011,CMP-BRK,Brake pressure fault,WO-001759,2026-01-23 04:34:37,2026-01-23 10:32:06,5.96,1.08,7.04,9281.9,BRK-38,CMMS-SIM
F-000850,2026-01-25 18:00:00,20260125,TR-011,CMP-ELE,Lighting circuit fault,WO-001761,2026-01-25 18:41:50,2026-01-26 02:02:22,7.34,0.7,8.04,9296.1,ELE-07,CMMS-SIM
F-000851,2026-01-27 14:00:00,20260127,TR-011,CMP-ELE,Starter fault,WO-001762,2026-01-27 15:17:01,2026-01-27 23:27:17,8.17,1.28,9.45,9349.9,ELE-06,CMMS-SIM
F-000852,2026-01-28 05:00:00,20260128,TR-011,CMP-HYD,Boom cylinder seal leak,WO-001764,2026-01-28 08:13:47,2026-01-28 11:41:07,3.46,3.23,6.69,9429.9,HYD-55,CMMS-SIM
F-000853,2026-01-28 21:00:00,20260128,TR-011,CMP-HYD,Valve block leak,WO-001765,2026-01-28 21:59:46,2026-01-29 00:14:40,2.25,1.0,3.24,9512.5,HYD-16,CMMS-SIM
F-000854,2026-02-05 04:00:00,20260205,TR-011,CMP-ELE,Lighting circuit fault,WO-001768,2026-02-05 04:18:13,2026-02-05 10:37:37,6.32,0.3,6.63,9557.2,ELE-61,CMMS-SIM
F-000855,2026-02-15 20:00:00,20260215,TR-011,CMP-BRK,Brake wear alarm,WO-001773,2026-02-15 21:56:06,2026-02-16 07:03:49,9.13,1.94,11.06,9605.1,BRK-16,CMMS-SIM
F-000856,2026-02-17 17:00:00,20260217,TR-011,CMP-HYD,Valve block leak,WO-001775,2026-02-17 17:42:25,2026-02-17 21:18:28,3.6,0.71,4.31,9651.6,HYD-14,CMMS-SIM
F-000857,2026-02-19 20:30:00,20260219,TR-011,CMP-ELE,Sensor failure,WO-001776,2026-02-19 22:11:43,2026-02-20 01:36:05,3.41,1.7,5.1,9695.8,ELE-55,CMMS-SIM
F-000858,2026-02-20 23:30:00,20260220,TR-011,CMP-BRK,Brake wear alarm,WO-001777,2026-02-20 23:36:30,2026-02-21 03:05:37,3.49,0.11,3.59,9750.7,BRK-98,CMMS-SIM
F-000859,2026-02-23 17:00:00,20260223,TR-011,CMP-TYR,Track tension failure,WO-001780,2026-02-23 19:07:50,2026-02-24 08:12:20,13.07,2.13,15.21,9785.0,TYR-58,CMMS-SIM
F-000860,2026-02-25 23:00:00,20260225,TR-011,CMP-TYR,Sidewall damage,WO-001782,2026-02-26 01:38:32,2026-02-26 06:07:47,4.49,2.64,7.13,9829.0,TYR-78,CMMS-SIM
F-000861,2026-03-06 13:30:00,20260306,TR-011,CMP-ELE,Harness damage,WO-001785,2026-03-06 13:52:34,2026-03-06 21:18:45,7.44,0.38,7.81,9866.4,ELE-85,CMMS-SIM
F-000862,2026-03-08 13:00:00,20260308,TR-011,CMP-HYD,Boom cylinder seal leak,WO-001787,2026-03-08 18:44:03,2026-03-08 22:23:49,3.66,5.73,9.4,9920.7,HYD-02,CMMS-SIM
F-000863,2026-03-25 00:30:00,20260325,TR-011,CMP-HYD,Hose burst,WO-001794,2026-03-25 00:54:37,2026-03-25 03:48:23,2.9,0.41,3.31,9985.6,HYD-96,CMMS-SIM
F-000864,2026-03-25 15:30:00,20260325,TR-011,CMP-STR,Frame repair,WO-001795,2026-03-25 17:28:48,2026-03-26 01:45:31,8.28,1.98,10.26,10058.5,STR-40,CMMS-SIM
F-000865,2026-03-29 07:30:00,20260329,TR-011,CMP-ELE,Lighting circuit fault,WO-001797,2026-03-29 07:52:50,2026-03-29 17:52:33,10.0,0.38,10.38,10085.8,ELE-93,CMMS-SIM
F-000866,2026-04-01 13:30:00,20260401,TR-011,CMP-ELE,Starter fault,WO-001800,2026-04-01 14:18:33,2026-04-01 20:21:05,6.04,0.81,6.85,10169.2,ELE-61,CMMS-SIM
F-000867,2026-04-06 19:00:00,20260406,TR-011,CMP-ELE,Sensor failure,WO-001802,2026-04-06 21:11:47,2026-04-07 05:16:55,8.09,2.2,10.28,10190.3,ELE-88,CMMS-SIM
F-000868,2026-04-10 12:30:00,20260410,TR-011,CMP-HYD,Main pump failure,WO-001805,2026-04-10 12:35:18,2026-04-10 16:24:03,3.81,0.09,3.9,10249.0,HYD-19,CMMS-SIM
F-000869,2026-04-12 04:30:00,20260412,TR-011,CMP-ELE,Lighting circuit fault,WO-001806,2026-04-12 05:28:22,2026-04-12 11:52:16,6.4,0.97,7.37,10262.8,ELE-76,CMMS-SIM
F-000870,2026-04-13 03:00:00,20260413,TR-011,CMP-OTH,Other mechanical fault,WO-001807,2026-04-13 03:49:15,2026-04-13 07:23:34,3.57,0.82,4.39,10301.9,OTH-76,CMMS-SIM
F-000871,2026-04-14 07:30:00,20260414,TR-011,CMP-HYD,Boom cylinder seal leak,WO-001808,2026-04-14 10:35:11,2026-04-14 13:15:22,2.67,3.09,5.76,10377.4,HYD-56,CMMS-SIM
F-000872,2026-04-16 15:30:00,20260416,TR-011,CMP-TYR,Sidewall damage,WO-001809,2026-04-16 16:55:54,2026-04-17 07:42:35,14.78,1.43,16.21,10399.9,TYR-63,CMMS-SIM
F-000873,2026-04-20 22:00:00,20260420,TR-011,CMP-TYR,Track tension failure,WO-001811,2026-04-21 00:43:43,2026-04-21 06:48:03,6.07,2.73,8.8,10417.3,TYR-70,CMMS-SIM
F-000874,2026-04-24 13:00:00,20260424,TR-011,CMP-ENG,Turbo fault,WO-001812,2026-04-24 13:31:59,2026-04-25 08:05:23,18.56,0.53,19.09,10506.0,ENG-69,CMMS-SIM
F-000875,2026-04-25 15:00:00,20260425,TR-011,CMP-SVC,Service-related defect,WO-001814,2026-04-25 16:04:10,2026-04-25 17:20:13,1.27,1.07,2.34,10587.1,SVC-48,CMMS-SIM
F-000876,2026-04-26 06:00:00,20260426,TR-011,CMP-HYD,Main pump failure,WO-001816,2026-04-26 07:10:55,2026-04-26 11:31:35,4.34,1.18,5.53,10670.2,HYD-70,CMMS-SIM
F-000877,2026-04-27 10:30:00,20260427,TR-011,CMP-ENG,Fuel system fault,WO-001818,2026-04-27 12:53:26,2026-04-27 16:06:24,3.22,2.39,5.61,10736.5,ENG-97,CMMS-SIM
F-000878,2026-05-02 06:00:00,20260502,TR-011,CMP-BRK,Brake wear alarm,WO-001820,2026-05-02 07:27:20,2026-05-02 14:12:34,6.75,1.46,8.21,10755.5,BRK-97,CMMS-SIM
F-000879,2026-05-03 12:30:00,20260503,TR-011,CMP-HYD,Valve block leak,WO-001821,2026-05-03 13:03:22,2026-05-04 02:23:32,13.34,0.56,13.89,10835.3,HYD-92,CMMS-SIM
F-000880,2026-05-08 02:30:00,20260508,TR-011,CMP-HYD,Hose burst,WO-001823,2026-05-08 02:58:59,2026-05-08 07:05:23,4.11,0.48,4.59,10859.1,HYD-86,CMMS-SIM
F-000881,2026-05-10 17:30:00,20260510,TR-011,CMP-HYD,Main pump failure,WO-001824,2026-05-10 18:32:55,2026-05-11 01:01:14,6.47,1.05,7.52,10879.4,HYD-06,CMMS-SIM
F-000882,2026-05-12 04:00:00,20260512,TR-011,CMP-HYD,Main pump failure,WO-001826,2026-05-12 04:40:51,2026-05-12 16:49:41,12.15,0.68,12.83,10934.9,HYD-32,CMMS-SIM
F-000883,2026-05-14 06:00:00,20260514,TR-011,CMP-ELE,Harness damage,WO-001827,2026-05-14 07:35:00,2026-05-14 13:12:06,5.62,1.58,7.2,11018.5,ELE-11,CMMS-SIM
F-000884,2026-05-19 00:30:00,20260519,TR-011,CMP-BRK,Brake pressure fault,WO-001829,2026-05-19 01:49:43,2026-05-19 02:53:55,1.07,1.33,2.4,11098.9,BRK-66,CMMS-SIM
F-000885,2026-05-22 02:30:00,20260522,TR-011,CMP-ELE,Harness damage,WO-001830,2026-05-22 02:43:26,2026-05-22 07:54:52,5.19,0.22,5.41,11153.4,ELE-02,CMMS-SIM
F-000886,2026-05-24 15:30:00,20260524,TR-011,CMP-ELE,Starter fault,WO-001832,2026-05-24 15:43:00,2026-05-25 04:21:55,12.65,0.22,12.87,11237.3,ELE-80,CMMS-SIM
F-000887,2026-05-27 19:30:00,20260527,TR-011,CMP-ELE,Sensor failure,WO-001833,2026-05-27 20:26:03,2026-05-28 03:06:01,6.67,0.93,7.6,11327.1,ELE-17,CMMS-SIM
F-000888,2026-05-31 11:00:00,20260531,TR-011,CMP-ELE,Lighting circuit fault,WO-001835,2026-05-31 21:06:01,2026-06-01 06:59:07,9.88,10.1,19.99,11363.6,ELE-92,CMMS-SIM
F-000889,2026-06-11 03:30:00,20260611,TR-011,CMP-ELE,Lighting circuit fault,WO-001839,2026-06-11 05:21:33,2026-06-11 12:46:23,7.41,1.86,9.27,11425.0,ELE-83,CMMS-SIM
F-000890,2026-06-13 13:00:00,20260613,TR-011,CMP-ELE,Lighting circuit fault,WO-001840,2026-06-13 15:19:50,2026-06-14 04:32:16,13.21,2.33,15.54,11436.2,ELE-09,CMMS-SIM
F-000891,2026-06-26 10:30:00,20260626,TR-011,CMP-OTH,Other mechanical fault,WO-001845,2026-06-26 11:06:05,2026-06-26 12:00:37,0.91,0.6,1.51,11495.8,OTH-76,CMMS-SIM
F-000892,2026-06-28 13:30:00,20260628,TR-011,CMP-HYD,Hose burst,WO-001846,2026-06-28 13:39:17,2026-06-28 16:06:42,2.46,0.15,2.61,11520.5,HYD-61,CMMS-SIM
F-000893,2026-06-29 04:00:00,20260629,TR-011,CMP-TYR,Track tension failure,WO-001847,2026-06-29 05:09:06,2026-06-29 12:06:10,6.95,1.15,8.1,11546.2,TYR-78,CMMS-SIM
F-000894,2026-06-30 02:30:00,20260630,TR-011,CMP-ELE,Sensor failure,WO-001849,2026-06-30 05:44:46,2026-06-30 14:54:47,9.17,3.25,12.41,11604.4,ELE-98,CMMS-SIM
F-000895,2026-06-30 19:30:00,20260630,TR-011,CMP-HYD,Main pump failure,WO-001850,2026-06-30 23:36:19,2026-07-01 09:33:49,9.96,4.11,14.06,11657.2,HYD-32,CMMS-SIM
F-000896,2026-07-01 21:00:00,20260701,TR-011,CMP-ELE,Starter fault,WO-001851,2026-07-02 01:08:26,2026-07-02 06:32:49,5.41,4.14,9.55,11738.6,ELE-90,CMMS-SIM
F-000897,2026-07-18 14:30:00,20260718,TR-011,CMP-ELE,Lighting circuit fault,WO-001855,2026-07-18 15:05:50,2026-07-18 19:47:14,4.69,0.6,5.29,11782.4,ELE-50,CMMS-SIM
F-000898,2026-08-17 21:00:00,20260817,TR-011,CMP-ENG,Fuel system fault,WO-001858,2026-08-17 22:22:22,2026-08-18 01:35:16,3.21,1.37,4.59,11857.4,ENG-69,CMMS-SIM
F-000899,2026-08-18 02:00:00,20260818,TR-011,CMP-BRK,Brake wear alarm,WO-001859,2026-08-18 03:08:46,2026-08-18 07:34:41,4.43,1.15,5.58,11920.5,BRK-97,CMMS-SIM
F-000900,2026-08-27 07:00:00,20260827,TR-011,CMP-HYD,Main pump failure,WO-001860,2026-08-27 09:17:19,2026-08-27 18:24:55,9.13,2.29,11.42,11972.0,HYD-33,CMMS-SIM
F-000901,2026-09-08 05:00:00,20260908,TR-011,CMP-TYR,Track tension failure,WO-001863,2026-09-08 06:15:54,2026-09-08 08:23:38,2.13,1.27,3.39,12022.2,TYR-23,CMMS-SIM
F-000902,2025-10-01 00:00:00,20251001,TR-012,CMP-ENG,Fuel system fault,WO-001864,2025-10-01 04:06:26,2025-10-01 12:50:47,8.74,4.11,12.85,8022.2,ENG-76,CMMS-SIM
F-000903,2025-10-05 01:30:00,20251005,TR-012,CMP-HYD,Hose burst,WO-001865,2025-10-05 05:36:35,2025-10-05 10:09:11,4.54,4.11,8.65,8085.4,HYD-35,CMMS-SIM
F-000904,2025-10-09 12:00:00,20251009,TR-012,CMP-OTH,Other mechanical fault,WO-001867,2025-10-09 13:08:43,2025-10-09 19:05:07,5.94,1.15,7.09,8118.2,OTH-54,CMMS-SIM
F-000905,2025-10-12 15:00:00,20251012,TR-012,CMP-ELE,Starter fault,WO-001871,2025-10-12 15:07:29,2025-10-12 18:16:06,3.14,0.12,3.27,8204.2,ELE-39,CMMS-SIM
F-000906,2025-10-13 16:00:00,20251013,TR-012,CMP-HYD,Boom cylinder seal leak,WO-001873,2025-10-13 17:53:37,2025-10-13 20:00:35,2.12,1.89,4.01,8252.6,HYD-31,CMMS-SIM
F-000907,2025-10-14 15:00:00,20251014,TR-012,CMP-ELE,Harness damage,WO-001874,2025-10-14 18:12:00,2025-10-15 01:16:51,7.08,3.2,10.28,8335.7,ELE-09,CMMS-SIM
F-000908,2025-10-17 07:00:00,20251017,TR-012,CMP-ELE,Starter fault,WO-001875,2025-10-17 08:21:07,2025-10-17 10:47:07,2.43,1.35,3.79,8358.5,ELE-12,CMMS-SIM
F-000909,2025-10-22 15:00:00,20251022,TR-012,CMP-BRK,Brake wear alarm,WO-001877,2025-10-22 18:18:13,2025-10-23 11:40:11,17.37,3.3,20.67,8387.1,BRK-99,CMMS-SIM
F-000910,2025-10-25 16:00:00,20251025,TR-012,CMP-ELE,Sensor failure,WO-001879,2025-10-25 16:17:33,2025-10-25 20:07:50,3.84,0.29,4.13,8444.4,ELE-27,CMMS-SIM
F-000911,2025-10-26 05:30:00,20251026,TR-012,CMP-HYD,Valve block leak,WO-001880,2025-10-26 05:33:21,2025-10-26 07:43:09,2.16,0.06,2.22,8502.7,HYD-16,CMMS-SIM
F-000912,2025-10-29 12:00:00,20251029,TR-012,CMP-TYR,Sidewall damage,WO-001882,2025-10-29 13:18:26,2025-10-29 22:57:22,9.65,1.31,10.96,8549.9,TYR-59,CMMS-SIM
F-000913,2025-10-30 05:30:00,20251030,TR-012,CMP-ELE,Lighting circuit fault,WO-001883,2025-10-30 05:38:38,2025-10-30 11:35:19,5.94,0.14,6.09,8564.8,ELE-98,CMMS-SIM
F-000914,2025-11-13 16:00:00,20251113,TR-012,CMP-HYD,Valve block leak,WO-001888,2025-11-13 16:12:27,2025-11-13 20:39:56,4.46,0.21,4.67,8635.6,HYD-20,CMMS-SIM
F-000915,2025-11-20 00:00:00,20251120,TR-012,CMP-TRN,Transmission shift fault,WO-001892,2025-11-20 01:15:50,2025-11-20 05:39:02,4.39,1.26,5.65,8707.4,TRN-48,CMMS-SIM
F-000916,2025-11-29 16:30:00,20251129,TR-012,CMP-BRK,Brake wear alarm,WO-001893,2025-11-30 01:25:10,2025-11-30 05:27:05,4.03,8.92,12.95,8796.6,BRK-79,CMMS-SIM
F-000917,2025-12-01 22:30:00,20251201,TR-012,CMP-ELE,Starter fault,WO-001895,2025-12-01 23:53:38,2025-12-02 02:11:25,2.3,1.39,3.69,8858.7,ELE-10,CMMS-SIM
F-000918,2025-12-10 10:00:00,20251210,TR-012,CMP-TYR,Sidewall damage,WO-001902,2025-12-10 11:35:45,2025-12-10 14:39:07,3.06,1.6,4.65,8932.6,TYR-74,CMMS-SIM
F-000919,2025-12-10 15:30:00,20251210,TR-012,CMP-ELE,Starter fault,WO-001903,2025-12-10 16:12:12,2025-12-11 04:57:17,12.75,0.7,13.45,8967.3,ELE-73,CMMS-SIM
F-000920,2025-12-13 01:00:00,20251213,TR-012,CMP-ELE,Lighting circuit fault,WO-001905,2025-12-13 01:43:39,2025-12-13 11:48:03,10.07,0.73,10.8,9055.6,ELE-89,CMMS-SIM
F-000921,2025-12-15 12:30:00,20251215,TR-012,CMP-ELE,Starter fault,WO-001908,2025-12-15 15:41:36,2025-12-16 00:39:15,8.96,3.19,12.15,9093.4,ELE-29,CMMS-SIM
F-000922,2025-12-17 11:30:00,20251217,TR-012,CMP-ELE,Starter fault,WO-001910,2025-12-17 12:35:02,2025-12-17 20:16:50,7.7,1.08,8.78,9125.6,ELE-80,CMMS-SIM
F-000923,2025-12-24 11:30:00,20251224,TR-012,CMP-OTH,Other mechanical fault,WO-001913,2025-12-24 11:47:39,2025-12-24 13:29:08,1.69,0.29,1.99,9209.4,OTH-76,CMMS-SIM
F-000924,2025-12-25 20:00:00,20251225,TR-012,CMP-ENG,Fuel system fault,WO-001914,2025-12-25 22:20:15,2025-12-26 01:45:27,3.42,2.34,5.76,9293.6,ENG-76,CMMS-SIM
F-000925,2026-01-02 23:00:00,20260102,TR-012,CMP-ELE,Starter fault,WO-001916,2026-01-02 23:14:41,2026-01-03 04:32:46,5.3,0.24,5.55,9335.7,ELE-60,CMMS-SIM
F-000926,2026-01-05 06:30:00,20260105,TR-012,CMP-BRK,Brake pressure fault,WO-001917,2026-01-05 06:39:12,2026-01-05 15:57:00,9.3,0.15,9.45,9424.3,BRK-23,CMMS-SIM
F-000927,2026-01-11 20:00:00,20260111,TR-012,CMP-ELE,Starter fault,WO-001918,2026-01-12 00:28:22,2026-01-12 02:29:08,2.01,4.47,6.49,9482.0,ELE-86,CMMS-SIM
F-000928,2026-01-17 03:00:00,20260117,TR-012,CMP-TYR,Sidewall damage,WO-001919,2026-01-17 12:11:29,2026-01-17 17:39:47,5.47,9.19,14.66,9563.3,TYR-64,CMMS-SIM
F-000929,2026-01-18 18:00:00,20260118,TR-012,CMP-HYD,Valve block leak,WO-001920,2026-01-18 20:06:51,2026-01-19 03:45:32,7.64,2.11,9.76,9624.0,HYD-51,CMMS-SIM
F-000930,2026-01-19 21:30:00,20260119,TR-012,CMP-HYD,Boom cylinder seal leak,WO-001921,2026-01-20 00:05:55,2026-01-20 08:46:05,8.67,2.6,11.27,9636.1,HYD-29,CMMS-SIM
F-000931,2026-01-26 18:30:00,20260126,TR-012,CMP-ENG,Fuel system fault,WO-001924,2026-01-27 02:05:30,2026-01-27 06:36:57,4.52,7.59,12.12,9666.7,ENG-75,CMMS-SIM
F-000932,2026-02-04 17:00:00,20260204,TR-012,CMP-ELE,Starter fault,WO-001928,2026-02-04 18:49:41,2026-02-05 04:28:18,9.64,1.83,11.47,9738.1,ELE-36,CMMS-SIM
F-000933,2026-02-06 16:30:00,20260206,TR-012,CMP-ELE,Lighting circuit fault,WO-001929,2026-02-06 18:43:37,2026-02-06 20:32:34,1.82,2.23,4.04,9820.5,ELE-17,CMMS-SIM
F-000934,2026-02-06 23:30:00,20260206,TR-012,CMP-ELE,Sensor failure,WO-001931,2026-02-06 23:57:05,2026-02-07 05:00:15,5.05,0.45,5.5,9909.6,ELE-86,CMMS-SIM
F-000935,2026-02-07 16:00:00,20260207,TR-012,CMP-ENG,Cooling issue,WO-001932,2026-02-07 17:44:49,2026-02-07 22:01:21,4.28,1.75,6.02,9968.4,ENG-36,CMMS-SIM
F-000936,2026-02-15 00:30:00,20260215,TR-012,CMP-TYR,Track tension failure,WO-001933,2026-02-15 04:54:56,2026-02-15 09:49:26,4.91,4.42,9.32,10036.4,TYR-03,CMMS-SIM
F-000937,2026-02-23 03:30:00,20260223,TR-012,CMP-TYR,Sidewall damage,WO-001937,2026-02-23 04:03:39,2026-02-23 19:04:49,15.02,0.56,15.58,10050.6,TYR-54,CMMS-SIM
F-000938,2026-02-27 08:00:00,20260227,TR-012,CMP-ENG,Turbo fault,WO-001939,2026-02-27 09:46:16,2026-02-27 13:49:11,4.05,1.77,5.82,10098.6,ENG-88,CMMS-SIM
F-000939,2026-03-03 15:00:00,20260303,TR-012,CMP-HYD,Boom cylinder seal leak,WO-001940,2026-03-03 16:16:04,2026-03-03 19:14:20,2.97,1.27,4.24,10164.2,HYD-45,CMMS-SIM
F-000940,2026-03-05 21:00:00,20260305,TR-012,CMP-TYR,Tyre change,WO-001941,2026-03-05 23:50:46,2026-03-06 12:49:51,12.98,2.85,15.83,10241.0,TYR-88,CMMS-SIM
F-000941,2026-03-07 04:30:00,20260307,TR-012,CMP-HYD,Hose burst,WO-001943,2026-03-07 05:29:19,2026-03-07 10:36:12,5.11,0.99,6.1,10281.3,HYD-48,CMMS-SIM
F-000942,2026-03-07 10:30:00,20260307,TR-012,CMP-HYD,Valve block leak,WO-001944,2026-03-07 13:36:32,2026-03-07 17:12:33,3.6,3.11,6.71,10345.1,HYD-91,CMMS-SIM
F-000943,2026-03-08 17:30:00,20260308,TR-012,CMP-TYR,Sidewall damage,WO-001945,2026-03-08 20:58:45,2026-03-09 03:57:32,6.98,3.48,10.46,10373.1,TYR-16,CMMS-SIM
F-000944,2026-03-10 10:30:00,20260310,TR-012,CMP-ELE,Lighting circuit fault,WO-001946,2026-03-10 16:05:03,2026-03-10 21:01:10,4.94,5.58,10.52,10388.3,ELE-39,CMMS-SIM
F-000945,2026-03-12 18:00:00,20260312,TR-012,CMP-ELE,Lighting circuit fault,WO-001947,2026-03-12 19:39:02,2026-03-13 02:45:34,7.11,1.65,8.76,10477.7,ELE-55,CMMS-SIM
F-000946,2026-03-14 19:30:00,20260314,TR-012,CMP-TYR,Tyre change,WO-001949,2026-03-14 20:17:32,2026-03-15 00:44:38,4.45,0.79,5.24,10514.5,TYR-85,CMMS-SIM
F-000947,2026-03-16 10:30:00,20260316,TR-012,CMP-ELE,Harness damage,WO-001950,2026-03-16 11:00:22,2026-03-16 18:07:44,7.12,0.51,7.63,10577.3,ELE-68,CMMS-SIM
F-000948,2026-03-18 16:00:00,20260318,TR-012,CMP-TYR,Tyre change,WO-001953,2026-03-18 23:54:00,2026-03-19 10:49:37,10.93,7.9,18.83,10634.7,TYR-25,CMMS-SIM
F-000949,2026-03-25 21:00:00,20260325,TR-012,CMP-ENG,Fuel system fault,WO-001955,2026-03-26 01:00:53,2026-03-26 07:43:39,6.71,4.01,10.73,10661.5,ENG-17,CMMS-SIM
F-000950,2026-03-28 10:30:00,20260328,TR-012,CMP-HYD,Valve block leak,WO-001957,2026-03-28 11:49:35,2026-03-28 17:55:37,6.1,1.33,7.43,10734.0,HYD-85,CMMS-SIM
F-000951,2026-03-28 18:30:00,20260328,TR-012,CMP-BRK,Brake pressure fault,WO-001958,2026-03-28 19:26:05,2026-03-28 23:28:45,4.04,0.93,4.98,10751.6,BRK-42,CMMS-SIM
F-000952,2026-03-31 21:30:00,20260331,TR-012,CMP-TYR,Track tension failure,WO-001960,2026-03-31 22:52:15,2026-04-01 00:25:27,1.55,1.37,2.92,10789.2,TYR-53,CMMS-SIM
F-000953,2026-04-02 08:30:00,20260402,TR-012,CMP-ELE,Sensor failure,WO-001962,2026-04-02 09:07:15,2026-04-02 13:03:24,3.94,0.62,4.56,10878.0,ELE-33,CMMS-SIM
F-000954,2026-04-05 03:30:00,20260405,TR-012,CMP-ELE,Starter fault,WO-001963,2026-04-05 06:32:11,2026-04-05 16:28:09,9.93,3.04,12.97,10927.9,ELE-59,CMMS-SIM
F-000955,2026-04-23 17:30:00,20260423,TR-012,CMP-TYR,Sidewall damage,WO-001968,2026-04-23 18:54:17,2026-04-24 01:59:36,7.09,1.4,8.49,11016.0,TYR-86,CMMS-SIM
F-000956,2026-04-24 06:30:00,20260424,TR-012,CMP-ELE,Starter fault,WO-001969,2026-04-24 08:35:59,2026-04-24 17:09:24,8.56,2.1,10.66,11093.1,ELE-49,CMMS-SIM
F-000957,2026-04-24 11:30:00,20260424,TR-012,CMP-HYD,Boom cylinder seal leak,WO-001970,2026-04-24 15:44:05,2026-04-24 23:05:58,7.36,4.23,11.6,11126.0,HYD-60,CMMS-SIM
F-000958,2026-05-04 05:00:00,20260504,TR-012,CMP-ELE,Starter fault,WO-001972,2026-05-04 08:42:57,2026-05-04 13:41:18,4.97,3.72,8.69,11142.4,ELE-76,CMMS-SIM
F-000959,2026-05-05 16:30:00,20260505,TR-012,CMP-HYD,Main pump failure,WO-001975,2026-05-05 18:01:05,2026-05-06 04:29:10,10.47,1.52,11.99,11153.2,HYD-44,CMMS-SIM
F-000960,2026-05-07 19:00:00,20260507,TR-012,CMP-HYD,Hose burst,WO-001976,2026-05-07 20:03:19,2026-05-08 02:13:58,6.18,1.06,7.23,11216.5,HYD-37,CMMS-SIM
F-000961,2026-05-15 22:30:00,20260515,TR-012,CMP-TRN,Transmission shift fault,WO-001977,2026-05-16 03:10:35,2026-05-16 08:22:25,5.2,4.68,9.87,11227.8,TRN-23,CMMS-SIM
F-000962,2026-05-24 22:30:00,20260524,TR-012,CMP-ELE,Starter fault,WO-001981,2026-05-24 23:42:25,2026-05-25 05:07:42,5.42,1.21,6.63,11310.3,ELE-94,CMMS-SIM
F-000963,2026-05-26 23:00:00,20260526,TR-012,CMP-HYD,Boom cylinder seal leak,WO-001983,2026-05-27 00:58:42,2026-05-27 12:46:24,11.8,1.98,13.77,11333.4,HYD-10,CMMS-SIM
F-000964,2026-05-29 17:00:00,20260529,TR-012,CMP-HYD,Valve block leak,WO-001985,2026-05-29 17:02:57,2026-05-29 21:19:19,4.27,0.05,4.32,11412.9,HYD-28,CMMS-SIM
F-000965,2026-06-01 02:30:00,20260601,TR-012,CMP-ELE,Starter fault,WO-001987,2026-06-01 09:15:07,2026-06-01 15:52:24,6.62,6.75,13.37,11463.2,ELE-65,CMMS-SIM
F-000966,2026-06-04 11:30:00,20260604,TR-012,CMP-HYD,Valve block leak,WO-001988,2026-06-04 12:05:30,2026-06-04 13:51:48,1.77,0.59,2.36,11477.6,HYD-51,CMMS-SIM
F-000967,2026-06-05 07:30:00,20260605,TR-012,CMP-HYD,Main pump failure,WO-001989,2026-06-05 10:29:58,2026-06-05 13:10:57,2.68,3.0,5.68,11560.9,HYD-12,CMMS-SIM
F-000968,2026-06-06 03:00:00,20260606,TR-012,CMP-ELE,Sensor failure,WO-001990,2026-06-06 04:14:14,2026-06-06 10:08:59,5.91,1.24,7.15,11608.5,ELE-06,CMMS-SIM
F-000969,2026-06-08 04:30:00,20260608,TR-012,CMP-ELE,Lighting circuit fault,WO-001992,2026-06-08 04:52:26,2026-06-08 12:02:49,7.17,0.37,7.55,11697.2,ELE-34,CMMS-SIM
F-000970,2026-06-12 23:30:00,20260612,TR-012,CMP-TYR,Sidewall damage,WO-001994,2026-06-13 00:33:22,2026-06-13 09:17:47,8.74,1.06,9.8,11765.0,TYR-26,CMMS-SIM
F-000971,2026-06-16 17:00:00,20260616,TR-012,CMP-HYD,Hose burst,WO-001996,2026-06-16 22:59:48,2026-06-17 04:19:03,5.32,6.0,11.32,11844.6,HYD-24,CMMS-SIM
F-000972,2026-06-18 23:00:00,20260618,TR-012,CMP-ELE,Lighting circuit fault,WO-001998,2026-06-19 00:22:02,2026-06-19 03:44:02,3.37,1.37,4.73,11911.4,ELE-29,CMMS-SIM
F-000973,2026-06-26 08:00:00,20260626,TR-012,CMP-HYD,Boom cylinder seal leak,WO-001999,2026-06-26 11:40:42,2026-06-26 13:20:40,1.67,3.68,5.34,11979.1,HYD-65,CMMS-SIM
F-000974,2026-06-26 21:00:00,20260626,TR-012,CMP-HYD,Valve block leak,WO-002000,2026-06-26 23:09:26,2026-06-27 05:18:49,6.16,2.16,8.31,12057.2,HYD-55,CMMS-SIM
F-000975,2026-07-03 18:30:00,20260703,TR-012,CMP-ENG,Fuel system fault,WO-002002,2026-07-03 19:29:06,2026-07-04 01:34:20,6.09,0.99,7.07,12142.0,ENG-01,CMMS-SIM
F-000976,2026-07-07 04:30:00,20260707,TR-012,CMP-HYD,Main pump failure,WO-002003,2026-07-07 05:42:17,2026-07-07 15:33:02,9.85,1.2,11.05,12230.3,HYD-67,CMMS-SIM
F-000977,2026-08-01 00:00:00,20260801,TR-012,CMP-TYR,Track tension failure,WO-002007,2026-08-01 00:58:43,2026-08-01 06:35:13,5.61,0.98,6.59,12319.6,TYR-77,CMMS-SIM
F-000978,2026-08-01 04:00:00,20260801,TR-012,CMP-HYD,Valve block leak,WO-002008,2026-08-01 04:39:32,2026-08-01 08:50:32,4.18,0.66,4.84,12377.5,HYD-27,CMMS-SIM
F-000979,2026-08-03 19:30:00,20260803,TR-012,CMP-HYD,Hose burst,WO-002009,2026-08-03 20:38:16,2026-08-04 06:31:36,9.89,1.14,11.03,12408.3,HYD-23,CMMS-SIM
F-000980,2026-08-05 16:30:00,20260805,TR-012,CMP-HYD,Main pump failure,WO-002010,2026-08-05 19:52:49,2026-08-05 22:10:22,2.29,3.38,5.67,12487.9,HYD-61,CMMS-SIM
F-000981,2026-08-06 22:00:00,20260806,TR-012,CMP-BRK,Brake pressure fault,WO-002011,2026-08-06 23:27:13,2026-08-07 05:08:32,5.69,1.45,7.14,12536.7,BRK-60,CMMS-SIM
F-000982,2026-08-10 01:30:00,20260810,TR-012,CMP-BRK,Brake wear alarm,WO-002012,2026-08-10 04:14:38,2026-08-10 07:50:36,3.6,2.74,6.34,12601.5,BRK-12,CMMS-SIM
F-000983,2026-08-19 04:30:00,20260819,TR-012,CMP-TYR,Track tension failure,WO-002017,2026-08-19 05:44:27,2026-08-19 13:54:12,8.16,1.24,9.4,12679.5,TYR-82,CMMS-SIM
F-000984,2026-09-04 03:00:00,20260904,TR-012,CMP-ELE,Lighting circuit fault,WO-002020,2026-09-04 04:05:29,2026-09-04 07:57:56,3.87,1.09,4.97,12729.5,ELE-74,CMMS-SIM
F-000985,2025-10-02 02:30:00,20251002,LH-001,CMP-ELE,Lighting circuit fault,WO-002022,2025-10-02 03:33:24,2025-10-02 07:45:03,4.19,1.06,5.25,8031.9,ELE-26,CMMS-SIM
F-000986,2025-10-02 08:30:00,20251002,LH-001,CMP-BRK,Brake pressure fault,WO-002023,2025-10-02 09:19:54,2025-10-02 13:35:51,4.27,0.83,5.1,8045.1,BRK-56,CMMS-SIM
F-000987,2025-10-08 19:00:00,20251008,LH-001,CMP-HYD,Main pump failure,WO-002026,2025-10-08 20:01:28,2025-10-09 00:43:32,4.7,1.02,5.73,8125.3,HYD-23,CMMS-SIM
F-000988,2025-10-10 10:30:00,20251010,LH-001,CMP-HYD,Hose burst,WO-002027,2025-10-10 10:51:11,2025-10-10 15:27:52,4.61,0.35,4.96,8155.9,HYD-04,CMMS-SIM
F-000989,2025-10-17 07:00:00,20251017,LH-001,CMP-HYD,Valve block leak,WO-002029,2025-10-17 08:52:10,2025-10-17 14:40:03,5.8,1.87,7.67,8215.7,HYD-32,CMMS-SIM
F-000990,2025-10-18 14:00:00,20251018,LH-001,CMP-HYD,Valve block leak,WO-002030,2025-10-18 15:06:15,2025-10-18 17:46:47,2.68,1.1,3.78,8256.9,HYD-22,CMMS-SIM
F-000991,2025-10-18 20:30:00,20251018,LH-001,CMP-BRK,Brake wear alarm,WO-002031,2025-10-18 21:03:12,2025-10-19 00:54:56,3.86,0.55,4.42,8338.6,BRK-21,CMMS-SIM
F-000992,2025-10-19 20:00:00,20251019,LH-001,CMP-TYR,Tyre change,WO-002032,2025-10-19 21:01:13,2025-10-20 01:44:17,4.72,1.02,5.74,8426.1,TYR-47,CMMS-SIM
F-000993,2025-10-21 00:30:00,20251021,LH-001,CMP-ENG,Cooling issue,WO-002033,2025-10-21 02:24:55,2025-10-21 06:05:32,3.68,1.92,5.59,8459.9,ENG-50,CMMS-SIM
F-000994,2025-10-21 19:30:00,20251021,LH-001,CMP-ENG,Cooling issue,WO-002034,2025-10-21 21:00:55,2025-10-22 19:25:51,22.42,1.52,23.93,8511.9,ENG-67,CMMS-SIM
F-000995,2025-10-24 11:30:00,20251024,LH-001,CMP-HYD,Main pump failure,WO-002037,2025-10-24 12:38:36,2025-10-24 18:52:02,6.22,1.14,7.37,8573.6,HYD-23,CMMS-SIM
F-000996,2025-10-26 18:30:00,20251026,LH-001,CMP-ELE,Starter fault,WO-002039,2025-10-26 23:00:14,2025-10-27 04:57:23,5.95,4.5,10.46,8589.0,ELE-74,CMMS-SIM
F-000997,2025-10-30 23:00:00,20251030,LH-001,CMP-STR,Frame repair,WO-002040,2025-10-30 23:08:15,2025-10-31 06:15:27,7.12,0.14,7.26,8672.7,STR-14,CMMS-SIM
F-000998,2025-11-03 05:30:00,20251103,LH-001,CMP-TYR,Track tension failure,WO-002041,2025-11-03 06:31:53,2025-11-03 17:07:23,10.59,1.03,11.62,8740.3,TYR-75,CMMS-SIM
F-000999,2025-11-04 18:00:00,20251104,LH-001,CMP-TYR,Track tension failure,WO-002042,2025-11-04 18:14:45,2025-11-05 01:37:55,7.39,0.25,7.63,8753.2,TYR-40,CMMS-SIM
F-001000,2025-11-08 22:30:00,20251108,LH-001,CMP-ELE,Starter fault,WO-002047,2025-11-09 00:42:33,2025-11-09 16:40:09,15.96,2.21,18.17,8820.0,ELE-34,CMMS-SIM
F-001001,2025-11-10 14:00:00,20251110,LH-001,CMP-ENG,Fuel system fault,WO-002049,2025-11-10 17:02:19,2025-11-10 23:39:02,6.61,3.04,9.65,8906.2,ENG-82,CMMS-SIM
F-001002,2025-11-13 00:00:00,20251113,LH-001,CMP-HYD,Boom cylinder seal leak,WO-002050,2025-11-13 03:10:23,2025-11-13 14:46:36,11.6,3.17,14.78,8921.8,HYD-11,CMMS-SIM
F-001003,2025-11-13 13:00:00,20251113,LH-001,CMP-TYR,Track tension failure,WO-002051,2025-11-13 14:12:48,2025-11-13 15:58:15,1.76,1.21,2.97,9010.3,TYR-98,CMMS-SIM
F-001004,2025-11-13 16:30:00,20251113,LH-001,CMP-HYD,Hose burst,WO-002052,2025-11-13 18:43:27,2025-11-14 12:21:41,17.64,2.22,19.86,9033.0,HYD-48,CMMS-SIM
F-001005,2025-11-14 08:30:00,20251114,LH-001,CMP-HYD,Valve block leak,WO-002053,2025-11-14 10:48:07,2025-11-14 16:18:33,5.51,2.3,7.81,9076.7,HYD-14,CMMS-SIM
F-001006,2025-11-16 05:00:00,20251116,LH-001,CMP-ELE,Starter fault,WO-002054,2025-11-16 05:21:33,2025-11-16 09:02:45,3.69,0.36,4.05,9137.1,ELE-82,CMMS-SIM
F-001007,2025-11-19 07:30:00,20251119,LH-001,CMP-HYD,Hose burst,WO-002056,2025-11-19 08:47:22,2025-11-19 09:59:43,1.21,1.29,2.5,9163.1,HYD-80,CMMS-SIM
F-001008,2025-11-20 12:30:00,20251120,LH-001,CMP-HYD,Valve block leak,WO-002057,2025-11-20 12:38:14,2025-11-20 16:41:10,4.05,0.14,4.19,9234.9,HYD-05,CMMS-SIM
F-001009,2025-11-22 05:30:00,20251122,LH-001,CMP-BRK,Brake wear alarm,WO-002058,2025-11-22 08:40:05,2025-11-22 14:01:41,5.36,3.17,8.53,9303.7,BRK-52,CMMS-SIM
F-001010,2025-11-24 04:00:00,20251124,LH-001,CMP-TYR,Track tension failure,WO-002060,2025-11-24 05:31:34,2025-11-24 12:34:35,7.05,1.53,8.58,9363.9,TYR-34,CMMS-SIM
F-001011,2025-11-27 06:30:00,20251127,LH-001,CMP-HYD,Hose burst,WO-002061,2025-11-27 07:29:56,2025-11-27 14:00:17,6.51,1.0,7.5,9382.5,HYD-30,CMMS-SIM
F-001012,2025-11-30 10:30:00,20251130,LH-001,CMP-TYR,Tyre change,WO-002064,2025-11-30 12:39:55,2025-11-30 14:45:04,2.09,2.17,4.25,9402.1,TYR-31,CMMS-SIM
F-001013,2025-12-01 09:30:00,20251201,LH-001,CMP-ELE,Starter fault,WO-002065,2025-12-01 09:39:17,2025-12-01 15:27:16,5.8,0.15,5.95,9423.8,ELE-16,CMMS-SIM
F-001014,2025-12-03 04:30:00,20251203,LH-001,CMP-HYD,Boom cylinder seal leak,WO-002069,2025-12-03 07:04:45,2025-12-03 10:24:49,3.33,2.58,5.91,9513.4,HYD-31,CMMS-SIM
F-001015,2025-12-06 20:30:00,20251206,LH-001,CMP-BRK,Brake wear alarm,WO-002070,2025-12-06 21:07:21,2025-12-07 05:40:37,8.55,0.62,9.18,9575.8,BRK-74,CMMS-SIM
F-001016,2025-12-09 23:30:00,20251209,LH-001,CMP-BRK,Brake pressure fault,WO-002073,2025-12-10 03:22:02,2025-12-10 07:26:48,4.08,3.87,7.95,9636.1,BRK-76,CMMS-SIM
F-001017,2025-12-12 23:30:00,20251212,LH-001,CMP-ELE,Harness damage,WO-002077,2025-12-13 00:21:17,2025-12-13 03:11:06,2.83,0.85,3.69,9721.3,ELE-35,CMMS-SIM
F-001018,2025-12-14 07:00:00,20251214,LH-001,CMP-SVC,Service-related defect,WO-002078,2025-12-14 07:18:54,2025-12-14 11:14:00,3.92,0.32,4.23,9791.8,SVC-12,CMMS-SIM
F-001019,2025-12-14 10:00:00,20251214,LH-001,CMP-TYR,Sidewall damage,WO-002079,2025-12-14 12:23:47,2025-12-14 18:36:40,6.21,2.4,8.61,9841.1,TYR-14,CMMS-SIM
F-001020,2025-12-21 16:00:00,20251221,LH-001,CMP-HYD,Hose burst,WO-002083,2025-12-21 17:04:21,2025-12-22 01:01:27,7.95,1.07,9.02,9878.7,HYD-10,CMMS-SIM
F-001021,2025-12-22 08:30:00,20251222,LH-001,CMP-BRK,Brake pressure fault,WO-002084,2025-12-22 10:58:43,2025-12-22 20:24:55,9.44,2.48,11.92,9919.1,BRK-44,CMMS-SIM
F-001022,2025-12-25 04:30:00,20251225,LH-001,CMP-ELE,Sensor failure,WO-002086,2025-12-25 05:46:23,2025-12-25 15:29:05,9.71,1.27,10.98,9967.6,ELE-96,CMMS-SIM
F-001023,2025-12-26 01:30:00,20251226,LH-001,CMP-ELE,Harness damage,WO-002087,2025-12-26 02:48:28,2025-12-26 06:59:40,4.19,1.31,5.49,9993.3,ELE-25,CMMS-SIM
F-001024,2025-12-30 15:30:00,20251230,LH-001,CMP-HYD,Boom cylinder seal leak,WO-002091,2025-12-30 16:08:07,2025-12-30 21:57:32,5.82,0.64,6.46,10004.1,HYD-25,CMMS-SIM
F-001025,2026-01-02 21:00:00,20260102,LH-001,CMP-HYD,Main pump failure,WO-002093,2026-01-02 21:28:39,2026-01-03 06:29:25,9.01,0.48,9.49,10014.3,HYD-98,CMMS-SIM
F-001026,2026-01-06 14:30:00,20260106,LH-001,CMP-ENG,Cooling issue,WO-002094,2026-01-06 16:44:19,2026-01-06 19:07:29,2.39,2.24,4.62,10035.8,ENG-18,CMMS-SIM
F-001027,2026-01-13 16:30:00,20260113,LH-001,CMP-ELE,Starter fault,WO-002096,2026-01-13 18:40:23,2026-01-13 23:40:25,5.0,2.17,7.17,10097.8,ELE-01,CMMS-SIM
F-001028,2026-01-14 06:00:00,20260114,LH-001,CMP-OTH,Other mechanical fault,WO-002097,2026-01-14 07:51:17,2026-01-14 12:03:23,4.2,1.85,6.06,10169.6,OTH-69,CMMS-SIM
F-001029,2026-01-15 00:30:00,20260115,LH-001,CMP-HYD,Main pump failure,WO-002098,2026-01-15 03:37:42,2026-01-15 11:09:55,7.54,3.13,10.67,10203.5,HYD-50,CMMS-SIM
F-001030,2026-01-18 06:00:00,20260118,LH-001,CMP-ELE,Harness damage,WO-002099,2026-01-18 07:36:58,2026-01-18 19:01:03,11.4,1.62,13.02,10260.2,ELE-10,CMMS-SIM
F-001031,2026-01-19 06:30:00,20260119,LH-001,CMP-TYR,Tyre change,WO-002101,2026-01-19 07:05:30,2026-01-19 08:57:11,1.86,0.59,2.45,10276.5,TYR-27,CMMS-SIM
F-001032,2026-01-22 08:00:00,20260122,LH-001,CMP-HYD,Hose burst,WO-002102,2026-01-22 08:34:51,2026-01-22 12:22:48,3.8,0.58,4.38,10334.4,HYD-70,CMMS-SIM
F-001033,2026-01-25 09:00:00,20260125,LH-001,CMP-ELE,Starter fault,WO-002104,2026-01-25 10:38:48,2026-01-25 17:14:13,6.59,1.65,8.24,10366.1,ELE-51,CMMS-SIM
F-001034,2026-01-26 20:30:00,20260126,LH-001,CMP-ELE,Harness damage,WO-002105,2026-01-26 22:25:12,2026-01-27 09:12:08,10.78,1.92,12.7,10376.8,ELE-49,CMMS-SIM
F-001035,2026-01-27 09:30:00,20260127,LH-001,CMP-HYD,Boom cylinder seal leak,WO-002107,2026-01-27 10:00:22,2026-01-27 14:27:11,4.45,0.51,4.95,10448.5,HYD-94,CMMS-SIM
F-001036,2026-01-27 23:30:00,20260127,LH-001,CMP-ELE,Starter fault,WO-002108,2026-01-28 01:17:01,2026-01-28 02:41:11,1.4,1.78,3.19,10460.9,ELE-55,CMMS-SIM
F-001037,2026-01-31 18:30:00,20260131,LH-001,CMP-HYD,Valve block leak,WO-002110,2026-01-31 23:00:24,2026-02-01 08:23:31,9.39,4.51,13.89,10482.3,HYD-71,CMMS-SIM
F-001038,2026-02-15 03:30:00,20260215,LH-001,CMP-HYD,Valve block leak,WO-002114,2026-02-15 04:54:12,2026-02-15 07:37:55,2.73,1.4,4.13,10556.5,HYD-49,CMMS-SIM
F-001039,2026-02-18 02:30:00,20260218,LH-001,CMP-HYD,Boom cylinder seal leak,WO-002116,2026-02-18 04:26:47,2026-02-18 10:28:41,6.03,1.95,7.98,10616.1,HYD-45,CMMS-SIM
F-001040,2026-02-23 05:00:00,20260223,LH-001,CMP-ELE,Starter fault,WO-002121,2026-02-23 06:45:33,2026-02-23 09:26:07,2.68,1.76,4.44,10679.8,ELE-89,CMMS-SIM
F-001041,2026-02-25 16:00:00,20260225,LH-001,CMP-HYD,Hose burst,WO-002123,2026-02-25 18:06:32,2026-02-25 21:57:37,3.85,2.11,5.96,10756.3,HYD-81,CMMS-SIM
F-001042,2026-02-26 08:30:00,20260226,LH-001,CMP-TYR,Tyre change,WO-002124,2026-02-26 09:59:51,2026-02-26 15:36:35,5.61,1.5,7.11,10790.0,TYR-32,CMMS-SIM
F-001043,2026-02-27 20:00:00,20260227,LH-001,CMP-SVC,Service-related defect,WO-002126,2026-02-27 20:53:44,2026-02-28 02:08:02,5.24,0.9,6.13,10877.3,SVC-65,CMMS-SIM
F-001044,2026-02-28 03:00:00,20260228,LH-001,CMP-ENG,Cooling issue,WO-002127,2026-02-28 06:14:04,2026-02-28 09:06:54,2.88,3.23,6.12,10891.2,ENG-38,CMMS-SIM
F-001045,2026-03-03 14:30:00,20260303,LH-001,CMP-HYD,Hose burst,WO-002129,2026-03-03 14:38:18,2026-03-03 17:20:05,2.7,0.14,2.83,10902.8,HYD-52,CMMS-SIM
F-001046,2026-03-03 19:30:00,20260303,LH-001,CMP-HYD,Boom cylinder seal leak,WO-002130,2026-03-03 21:40:57,2026-03-04 01:07:08,3.44,2.18,5.62,10974.5,HYD-44,CMMS-SIM
F-001047,2026-03-08 08:30:00,20260308,LH-001,CMP-HYD,Boom cylinder seal leak,WO-002132,2026-03-08 08:42:56,2026-03-08 13:33:45,4.85,0.22,5.06,11041.7,HYD-94,CMMS-SIM
F-001048,2026-03-12 04:30:00,20260312,LH-001,CMP-ENG,Turbo fault,WO-002136,2026-03-12 09:01:37,2026-03-12 16:52:01,7.84,4.53,12.37,11121.2,ENG-47,CMMS-SIM
F-001049,2026-03-13 04:00:00,20260313,LH-001,CMP-HYD,Boom cylinder seal leak,WO-002137,2026-03-13 05:02:28,2026-03-13 14:34:08,9.53,1.04,10.57,11202.6,HYD-69,CMMS-SIM
F-001050,2026-03-14 06:00:00,20260314,LH-001,CMP-ELE,Harness damage,WO-002139,2026-03-14 10:25:55,2026-03-14 18:53:51,8.47,4.43,12.9,11265.7,ELE-21,CMMS-SIM
F-001051,2026-03-19 18:00:00,20260319,LH-001,CMP-HYD,Boom cylinder seal leak,WO-002141,2026-03-19 18:19:58,2026-03-19 22:38:07,4.3,0.33,4.64,11323.3,HYD-28,CMMS-SIM
F-001052,2026-03-28 11:30:00,20260328,LH-001,CMP-TYR,Tyre change,WO-002142,2026-03-28 12:10:31,2026-03-28 16:33:40,4.39,0.68,5.06,11363.1,TYR-51,CMMS-SIM
F-001053,2026-03-30 16:00:00,20260330,LH-001,CMP-HYD,Hose burst,WO-002143,2026-03-30 17:28:10,2026-03-30 20:03:45,2.59,1.47,4.06,11374.6,HYD-51,CMMS-SIM
F-001054,2026-04-04 08:00:00,20260404,LH-001,CMP-TYR,Track tension failure,WO-002145,2026-04-04 12:33:04,2026-04-04 15:22:56,2.83,4.55,7.38,11431.5,TYR-03,CMMS-SIM
F-001055,2026-04-13 02:30:00,20260413,LH-001,CMP-HYD,Main pump failure,WO-002148,2026-04-13 04:09:03,2026-04-13 07:21:42,3.21,1.65,4.86,11488.8,HYD-36,CMMS-SIM
F-001056,2026-04-14 20:00:00,20260414,LH-001,CMP-TRN,Torque converter issue,WO-002149,2026-04-14 21:10:15,2026-04-15 02:21:07,5.18,1.17,6.35,11520.2,TRN-87,CMMS-SIM
F-001057,2026-04-17 05:30:00,20260417,LH-001,CMP-HYD,Valve block leak,WO-002150,2026-04-17 06:04:43,2026-04-17 11:05:33,5.01,0.58,5.59,11594.6,HYD-57,CMMS-SIM
F-001058,2026-04-17 09:00:00,20260417,LH-001,CMP-TYR,Tyre change,WO-002151,2026-04-17 09:41:13,2026-04-17 13:39:49,3.98,0.69,4.66,11653.3,TYR-91,CMMS-SIM
F-001059,2026-04-21 15:00:00,20260421,LH-001,CMP-TYR,Tyre change,WO-002154,2026-04-21 16:21:27,2026-04-21 17:33:18,1.2,1.36,2.56,11709.0,TYR-07,CMMS-SIM
F-001060,2026-04-23 08:00:00,20260423,LH-001,CMP-ELE,Lighting circuit fault,WO-002155,2026-04-23 09:44:04,2026-04-23 14:12:06,4.47,1.73,6.2,11781.6,ELE-60,CMMS-SIM
F-001061,2026-05-08 08:30:00,20260508,LH-001,CMP-HYD,Main pump failure,WO-002160,2026-05-08 09:50:37,2026-05-08 12:51:02,3.01,1.34,4.35,11840.0,HYD-82,CMMS-SIM
F-001062,2026-05-12 08:30:00,20260512,LH-001,CMP-HYD,Boom cylinder seal leak,WO-002164,2026-05-12 08:47:03,2026-05-12 19:13:29,10.44,0.28,10.72,11868.1,HYD-92,CMMS-SIM
F-001063,2026-05-13 00:30:00,20260513,LH-001,CMP-HYD,Hose burst,WO-002165,2026-05-13 03:02:42,2026-05-13 07:49:19,4.78,2.55,7.32,11883.6,HYD-77,CMMS-SIM
F-001064,2026-05-15 00:30:00,20260515,LH-001,CMP-TYR,Tyre change,WO-002167,2026-05-15 01:04:17,2026-05-15 09:38:47,8.57,0.57,9.15,11926.9,TYR-18,CMMS-SIM
F-001065,2026-05-15 09:00:00,20260515,LH-001,CMP-TYR,Sidewall damage,WO-002168,2026-05-15 10:02:07,2026-05-15 16:09:47,6.13,1.04,7.16,11947.2,TYR-19,CMMS-SIM
F-001066,2026-05-17 11:00:00,20260517,LH-001,CMP-HYD,Valve block leak,WO-002169,2026-05-17 11:35:36,2026-05-17 16:17:58,4.71,0.59,5.3,11967.2,HYD-23,CMMS-SIM
F-001067,2026-05-18 19:30:00,20260518,LH-001,CMP-HYD,Boom cylinder seal leak,WO-002170,2026-05-18 21:27:29,2026-05-19 08:11:08,10.73,1.96,12.69,12027.5,HYD-67,CMMS-SIM
F-001068,2026-05-23 03:00:00,20260523,LH-001,CMP-BRK,Brake wear alarm,WO-002173,2026-05-23 06:17:28,2026-05-23 09:14:57,2.96,3.29,6.25,12052.5,BRK-26,CMMS-SIM
F-001069,2026-05-24 16:00:00,20260524,LH-001,CMP-TRN,Torque converter issue,WO-002175,2026-05-24 16:54:57,2026-05-25 04:24:29,11.49,0.92,12.41,12116.3,TRN-01,CMMS-SIM
F-001070,2026-05-26 07:00:00,20260526,LH-001,CMP-ELE,Sensor failure,WO-002176,2026-05-26 10:19:01,2026-05-26 11:44:22,1.42,3.32,4.74,12153.2,ELE-44,CMMS-SIM
F-001071,2026-05-27 09:00:00,20260527,LH-001,CMP-HYD,Valve block leak,WO-002177,2026-05-27 15:54:10,2026-05-27 20:43:35,4.82,6.9,11.73,12180.8,HYD-05,CMMS-SIM
F-001072,2026-05-31 09:00:00,20260531,LH-001,CMP-SVC,Service-related defect,WO-002180,2026-05-31 09:55:47,2026-05-31 15:09:46,5.23,0.93,6.16,12237.1,SVC-26,CMMS-SIM
F-001073,2026-06-01 14:00:00,20260601,LH-001,CMP-HYD,Boom cylinder seal leak,WO-002181,2026-06-01 15:55:18,2026-06-01 20:15:43,4.34,1.92,6.26,12285.8,HYD-42,CMMS-SIM
F-001074,2026-06-02 21:00:00,20260602,LH-001,CMP-SVC,Service-related defect,WO-002182,2026-06-02 23:28:43,2026-06-03 03:44:56,4.27,2.48,6.75,12307.9,SVC-02,CMMS-SIM
F-001075,2026-06-03 12:00:00,20260603,LH-001,CMP-STR,Frame repair,WO-002183,2026-06-03 15:23:43,2026-06-03 20:30:09,5.11,3.4,8.5,12330.4,STR-86,CMMS-SIM
F-001076,2026-06-13 11:30:00,20260613,LH-001,CMP-ELE,Starter fault,WO-002188,2026-06-13 14:50:17,2026-06-13 16:28:25,1.64,3.34,4.97,12381.3,ELE-98,CMMS-SIM
F-001077,2026-06-16 02:00:00,20260616,LH-001,CMP-TYR,Sidewall damage,WO-002189,2026-06-16 02:44:29,2026-06-16 06:52:51,4.14,0.74,4.88,12453.7,TYR-20,CMMS-SIM
F-001078,2026-06-17 11:30:00,20260617,LH-001,CMP-HYD,Hose burst,WO-002190,2026-06-17 14:42:48,2026-06-17 16:21:40,1.65,3.21,4.86,12518.8,HYD-09,CMMS-SIM
F-001079,2026-06-19 10:30:00,20260619,LH-001,CMP-ELE,Lighting circuit fault,WO-002194,2026-06-19 11:37:06,2026-06-19 16:23:23,4.77,1.12,5.89,12578.0,ELE-76,CMMS-SIM
F-001080,2026-06-20 21:30:00,20260620,LH-001,CMP-HYD,Main pump failure,WO-002197,2026-06-21 00:55:22,2026-06-21 13:24:39,12.49,3.42,15.91,12590.8,HYD-37,CMMS-SIM
F-001081,2026-06-24 00:00:00,20260624,LH-001,CMP-ELE,Starter fault,WO-002198,2026-06-24 00:28:31,2026-06-24 08:04:18,7.6,0.48,8.07,12621.4,ELE-24,CMMS-SIM
F-001082,2026-06-27 03:00:00,20260627,LH-001,CMP-HYD,Boom cylinder seal leak,WO-002200,2026-06-27 03:45:45,2026-06-27 09:44:10,5.97,0.76,6.74,12651.0,HYD-39,CMMS-SIM
F-001083,2026-06-28 08:30:00,20260628,LH-001,CMP-HYD,Boom cylinder seal leak,WO-002202,2026-06-28 09:33:59,2026-06-28 11:27:52,1.9,1.07,2.96,12701.3,HYD-10,CMMS-SIM
F-001084,2026-07-01 21:30:00,20260701,LH-001,CMP-ELE,Harness damage,WO-002204,2026-07-01 22:47:53,2026-07-02 10:10:29,11.38,1.3,12.67,12762.1,ELE-01,CMMS-SIM
F-001085,2026-07-02 09:30:00,20260702,LH-001,CMP-HYD,Hose burst,WO-002205,2026-07-02 12:15:54,2026-07-02 16:48:06,4.54,2.77,7.3,12798.4,HYD-88,CMMS-SIM
F-001086,2026-07-08 00:00:00,20260708,LH-001,CMP-ELE,Sensor failure,WO-002206,2026-07-08 00:33:23,2026-07-08 04:37:43,4.07,0.56,4.63,12877.5,ELE-25,CMMS-SIM
F-001087,2026-07-16 18:30:00,20260716,LH-001,CMP-ENG,Fuel system fault,WO-002214,2026-07-16 19:39:01,2026-07-17 02:18:13,6.65,1.15,7.8,12930.5,ENG-99,CMMS-SIM
F-001088,2026-07-18 23:00:00,20260718,LH-001,CMP-ELE,Sensor failure,WO-002217,2026-07-19 01:28:57,2026-07-19 04:33:51,3.08,2.48,5.56,12973.8,ELE-17,CMMS-SIM
F-001089,2026-08-04 08:00:00,20260804,LH-001,CMP-TYR,Track tension failure,WO-002221,2026-08-04 08:01:28,2026-08-04 11:09:59,3.14,0.02,3.17,13062.1,TYR-52,CMMS-SIM
F-001090,2026-08-13 20:30:00,20260813,LH-001,CMP-HYD,Boom cylinder seal leak,WO-002225,2026-08-13 21:43:40,2026-08-14 06:02:16,8.31,1.23,9.54,13115.3,HYD-30,CMMS-SIM
F-001091,2026-08-14 03:30:00,20260814,LH-001,CMP-STR,Crack inspection,WO-002226,2026-08-14 04:20:46,2026-08-14 17:30:18,13.16,0.85,14.01,13188.9,STR-21,CMMS-SIM
F-001092,2026-08-14 10:00:00,20260814,LH-001,CMP-TYR,Track tension failure,WO-002227,2026-08-14 15:43:13,2026-08-15 03:14:58,11.53,5.72,17.25,13258.3,TYR-34,CMMS-SIM
F-001093,2026-08-15 06:00:00,20260815,LH-001,CMP-ELE,Lighting circuit fault,WO-002228,2026-08-15 06:34:23,2026-08-15 12:26:01,5.86,0.57,6.43,13312.8,ELE-22,CMMS-SIM
F-001094,2026-08-18 05:00:00,20260818,LH-001,CMP-SVC,Service-related defect,WO-002230,2026-08-18 10:27:41,2026-08-18 13:17:02,2.82,5.46,8.28,13392.0,SVC-69,CMMS-SIM
F-001095,2026-08-19 13:30:00,20260819,LH-001,CMP-HYD,Valve block leak,WO-002231,2026-08-19 14:46:32,2026-08-19 18:52:57,4.11,1.28,5.38,13453.0,HYD-41,CMMS-SIM
F-001096,2026-08-22 13:30:00,20260822,LH-001,CMP-TYR,Tyre change,WO-002233,2026-08-22 14:34:47,2026-08-22 19:35:59,5.02,1.08,6.1,13491.5,TYR-65,CMMS-SIM
F-001097,2026-08-31 07:00:00,20260831,LH-001,CMP-ELE,Starter fault,WO-002235,2026-08-31 07:35:50,2026-08-31 10:41:13,3.09,0.6,3.69,13502.2,ELE-40,CMMS-SIM
F-001098,2026-09-10 04:30:00,20260910,LH-001,CMP-ELE,Harness damage,WO-002236,2026-09-10 05:53:16,2026-09-10 10:24:16,4.52,1.39,5.9,13573.0,ELE-98,CMMS-SIM
F-001099,2025-10-05 11:00:00,20251005,LH-002,CMP-ELE,Harness damage,WO-002239,2025-10-05 12:06:25,2025-10-05 12:44:34,0.64,1.11,1.74,8047.2,ELE-95,CMMS-SIM
F-001100,2025-10-06 01:30:00,20251006,LH-002,CMP-TYR,Tyre change,WO-002240,2025-10-06 03:46:50,2025-10-06 05:53:07,2.1,2.28,4.39,8073.1,TYR-81,CMMS-SIM
F-001101,2025-10-09 23:30:00,20251009,LH-002,CMP-HYD,Boom cylinder seal leak,WO-002241,2025-10-10 00:08:44,2025-10-10 10:06:51,9.97,0.65,10.61,8134.4,HYD-60,CMMS-SIM
F-001102,2025-10-11 22:30:00,20251011,LH-002,CMP-ENG,Fuel system fault,WO-002243,2025-10-12 00:09:38,2025-10-12 13:30:56,13.35,1.66,15.02,8193.8,ENG-29,CMMS-SIM
F-001103,2025-10-12 08:30:00,20251012,LH-002,CMP-ELE,Starter fault,WO-002244,2025-10-12 12:33:42,2025-10-12 16:39:57,4.1,4.06,8.17,8274.9,ELE-81,CMMS-SIM
F-001104,2025-10-18 03:30:00,20251018,LH-002,CMP-HYD,Valve block leak,WO-002248,2025-10-18 05:01:38,2025-10-18 06:52:36,1.85,1.53,3.38,8311.1,HYD-99,CMMS-SIM
F-001105,2025-10-19 21:30:00,20251019,LH-002,CMP-BRK,Brake wear alarm,WO-002249,2025-10-19 23:51:39,2025-10-20 03:27:35,3.6,2.36,5.96,8394.6,BRK-36,CMMS-SIM
F-001106,2025-10-21 02:30:00,20251021,LH-002,CMP-BRK,Brake wear alarm,WO-002250,2025-10-21 06:07:47,2025-10-21 09:25:30,3.3,3.63,6.93,8456.6,BRK-85,CMMS-SIM
F-001107,2025-10-21 14:30:00,20251021,LH-002,CMP-OTH,Other mechanical fault,WO-002252,2025-10-21 16:15:26,2025-10-21 20:30:23,4.25,1.76,6.01,8502.4,OTH-86,CMMS-SIM
F-001108,2025-10-26 02:30:00,20251026,LH-002,CMP-HYD,Main pump failure,WO-002257,2025-10-26 03:39:50,2025-10-26 08:27:19,4.79,1.16,5.96,8540.6,HYD-78,CMMS-SIM
F-001109,2025-10-28 23:00:00,20251028,LH-002,CMP-HYD,Main pump failure,WO-002260,2025-10-29 05:49:35,2025-10-29 12:06:57,6.29,6.83,13.12,8576.4,HYD-78,CMMS-SIM
F-001110,2025-10-29 20:00:00,20251029,LH-002,CMP-ELE,Harness damage,WO-002262,2025-10-29 20:50:55,2025-10-30 09:06:19,12.26,0.85,13.11,8642.2,ELE-79,CMMS-SIM
F-001111,2025-11-03 03:30:00,20251103,LH-002,CMP-BRK,Brake wear alarm,WO-002266,2025-11-03 05:22:27,2025-11-03 14:55:52,9.56,1.87,11.43,8710.8,BRK-03,CMMS-SIM
F-001112,2025-11-04 18:00:00,20251104,LH-002,CMP-HYD,Hose burst,WO-002269,2025-11-04 19:06:09,2025-11-05 01:14:46,6.14,1.1,7.25,8723.2,HYD-31,CMMS-SIM
F-001113,2025-11-07 06:00:00,20251107,LH-002,CMP-HYD,Hose burst,WO-002271,2025-11-07 07:03:40,2025-11-08 00:00:42,16.95,1.06,18.01,8739.5,HYD-96,CMMS-SIM
F-001114,2025-11-09 06:30:00,20251109,LH-002,CMP-HYD,Main pump failure,WO-002272,2025-11-09 07:14:20,2025-11-09 12:47:24,5.55,0.74,6.29,8805.5,HYD-83,CMMS-SIM
F-001115,2025-11-09 14:00:00,20251109,LH-002,CMP-HYD,Boom cylinder seal leak,WO-002273,2025-11-09 14:47:34,2025-11-09 20:30:38,5.72,0.79,6.51,8847.2,HYD-64,CMMS-SIM
F-001116,2025-11-11 05:00:00,20251111,LH-002,CMP-HYD,Boom cylinder seal leak,WO-002274,2025-11-11 07:01:52,2025-11-11 09:28:30,2.44,2.03,4.48,8900.1,HYD-19,CMMS-SIM
F-001117,2025-11-20 01:00:00,20251120,LH-002,CMP-ELE,Harness damage,WO-002278,2025-11-20 02:37:23,2025-11-20 06:12:22,3.58,1.62,5.21,8970.7,ELE-26,CMMS-SIM
F-001118,2025-11-20 12:30:00,20251120,LH-002,CMP-OTH,Other mechanical fault,WO-002279,2025-11-20 14:44:10,2025-11-20 22:02:39,7.31,2.24,9.54,9028.7,OTH-51,CMMS-SIM
F-001119,2025-11-21 16:00:00,20251121,LH-002,CMP-ELE,Harness damage,WO-002281,2025-11-21 16:26:34,2025-11-21 20:11:42,3.75,0.44,4.2,9075.2,ELE-83,CMMS-SIM
F-001120,2025-11-22 20:30:00,20251122,LH-002,CMP-TRN,Transmission shift fault,WO-002283,2025-11-22 21:47:36,2025-11-23 01:02:46,3.25,1.29,4.55,9089.3,TRN-32,CMMS-SIM
F-001121,2025-11-27 13:30:00,20251127,LH-002,CMP-TYR,Track tension failure,WO-002287,2025-11-27 14:07:11,2025-11-27 18:21:06,4.23,0.62,4.85,9156.4,TYR-04,CMMS-SIM
F-001122,2025-12-02 06:00:00,20251202,LH-002,CMP-HYD,Boom cylinder seal leak,WO-002291,2025-12-02 08:28:55,2025-12-02 21:25:22,12.94,2.48,15.42,9182.5,HYD-25,CMMS-SIM
F-001123,2025-12-02 13:30:00,20251202,LH-002,CMP-BRK,Brake pressure fault,WO-002293,2025-12-02 14:51:11,2025-12-02 21:41:40,6.84,1.35,8.19,9218.3,BRK-77,CMMS-SIM
F-001124,2025-12-03 23:00:00,20251203,LH-002,CMP-ELE,Harness damage,WO-002296,2025-12-04 01:16:47,2025-12-04 09:18:53,8.04,2.28,10.31,9275.6,ELE-42,CMMS-SIM
F-001125,2025-12-08 08:00:00,20251208,LH-002,CMP-OTH,Other mechanical fault,WO-002300,2025-12-08 10:58:20,2025-12-08 17:21:12,6.38,2.97,9.35,9331.9,OTH-57,CMMS-SIM
F-001126,2025-12-11 05:30:00,20251211,LH-002,CMP-HYD,Main pump failure,WO-002305,2025-12-11 07:12:52,2025-12-11 09:37:50,2.42,1.71,4.13,9399.2,HYD-74,CMMS-SIM
F-001127,2025-12-16 07:30:00,20251216,LH-002,CMP-ELE,Harness damage,WO-002307,2025-12-16 09:01:50,2025-12-16 11:15:36,2.23,1.53,3.76,9410.9,ELE-97,CMMS-SIM
F-001128,2025-12-16 22:30:00,20251216,LH-002,CMP-BRK,Brake wear alarm,WO-002308,2025-12-16 23:09:25,2025-12-16 23:52:32,0.72,0.66,1.38,9471.1,BRK-77,CMMS-SIM
F-001129,2025-12-17 22:00:00,20251217,LH-002,CMP-ELE,Sensor failure,WO-002309,2025-12-18 00:22:45,2025-12-18 11:07:04,10.74,2.38,13.12,9511.7,ELE-18,CMMS-SIM
F-001130,2025-12-21 01:30:00,20251221,LH-002,CMP-ELE,Sensor failure,WO-002311,2025-12-21 01:39:32,2025-12-21 12:39:39,11.0,0.16,11.16,9532.4,ELE-25,CMMS-SIM
F-001131,2025-12-25 21:30:00,20251225,LH-002,CMP-ENG,Fuel system fault,WO-002312,2025-12-25 22:12:36,2025-12-26 00:19:39,2.12,0.71,2.83,9613.5,ENG-34,CMMS-SIM
F-001132,2025-12-28 06:00:00,20251228,LH-002,CMP-ELE,Harness damage,WO-002313,2025-12-28 08:01:15,2025-12-28 10:36:52,2.59,2.02,4.61,9632.0,ELE-87,CMMS-SIM
F-001133,2025-12-29 01:30:00,20251229,LH-002,CMP-ENG,Cooling issue,WO-002314,2025-12-29 02:26:32,2025-12-29 04:14:08,1.79,0.94,2.74,9720.8,ENG-27,CMMS-SIM
F-001134,2026-01-02 17:30:00,20260102,LH-002,CMP-ENG,Fuel system fault,WO-002316,2026-01-02 18:33:50,2026-01-02 22:57:46,4.4,1.06,5.46,9733.3,ENG-78,CMMS-SIM
F-001135,2026-01-05 09:30:00,20260105,LH-002,CMP-STR,Crack inspection,WO-002319,2026-01-05 09:55:47,2026-01-05 17:23:23,7.46,0.43,7.89,9767.3,STR-44,CMMS-SIM
F-001136,2026-01-10 16:30:00,20260110,LH-002,CMP-ELE,Sensor failure,WO-002322,2026-01-10 21:14:28,2026-01-11 03:21:55,6.12,4.74,10.87,9787.6,ELE-77,CMMS-SIM
F-001137,2026-01-13 04:30:00,20260113,LH-002,CMP-BRK,Brake pressure fault,WO-002324,2026-01-13 07:33:25,2026-01-13 10:01:49,2.47,3.06,5.53,9808.7,BRK-59,CMMS-SIM
F-001138,2026-01-14 22:30:00,20260114,LH-002,CMP-HYD,Hose burst,WO-002325,2026-01-14 22:40:30,2026-01-15 01:47:34,3.12,0.18,3.29,9819.3,HYD-65,CMMS-SIM
F-001139,2026-01-17 07:30:00,20260117,LH-002,CMP-HYD,Hose burst,WO-002326,2026-01-17 09:02:31,2026-01-17 20:35:59,11.56,1.54,13.1,9862.5,HYD-89,CMMS-SIM
F-001140,2026-01-20 12:30:00,20260120,LH-002,CMP-ELE,Sensor failure,WO-002330,2026-01-20 14:36:46,2026-01-20 18:43:21,4.11,2.11,6.22,9949.0,ELE-94,CMMS-SIM
F-001141,2026-01-21 23:30:00,20260121,LH-002,CMP-ELE,Harness damage,WO-002331,2026-01-22 03:53:10,2026-01-22 11:55:38,8.04,4.39,12.43,9990.1,ELE-67,CMMS-SIM
F-001142,2026-01-22 23:00:00,20260122,LH-002,CMP-ELE,Sensor failure,WO-002332,2026-01-22 23:20:33,2026-01-23 00:04:08,0.73,0.34,1.07,10065.3,ELE-63,CMMS-SIM
F-001143,2026-01-26 01:30:00,20260126,LH-002,CMP-HYD,Main pump failure,WO-002335,2026-01-26 04:04:26,2026-01-26 10:17:18,6.21,2.57,8.79,10119.5,HYD-84,CMMS-SIM
F-001144,2026-01-29 08:30:00,20260129,LH-002,CMP-HYD,Boom cylinder seal leak,WO-002337,2026-01-29 09:54:41,2026-01-29 18:39:39,8.75,1.41,10.16,10177.9,HYD-60,CMMS-SIM
F-001145,2026-02-01 02:30:00,20260201,LH-002,CMP-HYD,Valve block leak,WO-002340,2026-02-01 02:59:36,2026-02-01 11:52:14,8.88,0.49,9.37,10227.3,HYD-58,CMMS-SIM
F-001146,2026-02-05 01:30:00,20260205,LH-002,CMP-HYD,Boom cylinder seal leak,WO-002341,2026-02-05 02:09:32,2026-02-05 07:45:53,5.61,0.66,6.26,10258.4,HYD-79,CMMS-SIM
F-001147,2026-02-06 05:30:00,20260206,LH-002,CMP-ELE,Harness damage,WO-002342,2026-02-06 07:14:44,2026-02-06 16:05:27,8.85,1.75,10.59,10295.6,ELE-35,CMMS-SIM
F-001148,2026-02-07 00:00:00,20260207,LH-002,CMP-HYD,Valve block leak,WO-002343,2026-02-07 02:45:07,2026-02-07 07:31:58,4.78,2.75,7.53,10372.6,HYD-32,CMMS-SIM
F-001149,2026-02-13 13:30:00,20260213,LH-002,CMP-HYD,Boom cylinder seal leak,WO-002345,2026-02-13 14:05:11,2026-02-13 18:51:15,4.77,0.59,5.35,10426.9,HYD-61,CMMS-SIM
F-001150,2026-02-17 13:30:00,20260217,LH-002,CMP-ELE,Starter fault,WO-002346,2026-02-17 16:22:45,2026-02-17 22:24:02,6.02,2.88,8.9,10481.9,ELE-01,CMMS-SIM
F-001151,2026-02-18 17:00:00,20260218,LH-002,CMP-HYD,Hose burst,WO-002349,2026-02-18 17:23:13,2026-02-19 04:15:48,10.88,0.39,11.26,10532.7,HYD-48,CMMS-SIM
F-001152,2026-02-23 05:00:00,20260223,LH-002,CMP-ELE,Lighting circuit fault,WO-002350,2026-02-23 07:36:14,2026-02-23 19:34:09,11.97,2.6,14.57,10611.3,ELE-79,CMMS-SIM
F-001153,2026-03-01 02:30:00,20260301,LH-002,CMP-TYR,Tyre change,WO-002354,2026-03-01 05:19:09,2026-03-01 10:44:57,5.43,2.82,8.25,10662.3,TYR-07,CMMS-SIM
F-001154,2026-03-04 04:30:00,20260304,LH-002,CMP-HYD,Boom cylinder seal leak,WO-002356,2026-03-04 07:59:48,2026-03-04 18:21:13,10.36,3.5,13.85,10720.4,HYD-35,CMMS-SIM
F-001155,2026-03-04 10:00:00,20260304,LH-002,CMP-HYD,Boom cylinder seal leak,WO-002357,2026-03-04 11:20:58,2026-03-04 16:30:31,5.16,1.35,6.51,10735.2,HYD-34,CMMS-SIM
F-001156,2026-03-04 19:30:00,20260304,LH-002,CMP-HYD,Main pump failure,WO-002359,2026-03-04 20:29:51,2026-03-05 00:32:37,4.05,1.0,5.04,10752.7,HYD-20,CMMS-SIM
F-001157,2026-03-05 08:30:00,20260305,LH-002,CMP-ELE,Sensor failure,WO-002360,2026-03-05 11:32:12,2026-03-05 16:18:27,4.77,3.04,7.81,10835.3,ELE-10,CMMS-SIM
F-001158,2026-03-06 06:00:00,20260306,LH-002,CMP-ELE,Sensor failure,WO-002361,2026-03-06 09:20:37,2026-03-06 14:41:17,5.34,3.34,8.69,10876.3,ELE-03,CMMS-SIM
F-001159,2026-03-10 17:00:00,20260310,LH-002,CMP-HYD,Valve block leak,WO-002364,2026-03-10 18:11:42,2026-03-11 01:15:09,7.06,1.2,8.25,10965.3,HYD-25,CMMS-SIM
F-001160,2026-03-11 23:30:00,20260311,LH-002,CMP-HYD,Valve block leak,WO-002365,2026-03-12 00:55:31,2026-03-12 04:16:07,3.34,1.43,4.77,10993.8,HYD-90,CMMS-SIM
F-001161,2026-03-12 08:00:00,20260312,LH-002,CMP-TYR,Tyre change,WO-002366,2026-03-12 08:12:01,2026-03-12 16:46:24,8.57,0.2,8.77,11048.9,TYR-60,CMMS-SIM
F-001162,2026-03-15 20:30:00,20260315,LH-002,CMP-HYD,Boom cylinder seal leak,WO-002367,2026-03-15 22:10:29,2026-03-16 05:23:11,7.21,1.67,8.89,11121.6,HYD-95,CMMS-SIM
F-001163,2026-03-19 21:00:00,20260319,LH-002,CMP-BRK,Brake wear alarm,WO-002369,2026-03-19 22:21:47,2026-03-20 06:06:15,7.74,1.36,9.1,11150.3,BRK-09,CMMS-SIM
F-001164,2026-03-20 22:00:00,20260320,LH-002,CMP-ELE,Lighting circuit fault,WO-002370,2026-03-20 23:32:46,2026-03-21 03:15:32,3.71,1.55,5.26,11161.7,ELE-12,CMMS-SIM
F-001165,2026-03-21 01:00:00,20260321,LH-002,CMP-HYD,Valve block leak,WO-002371,2026-03-21 02:11:31,2026-03-21 05:28:34,3.28,1.19,4.48,11202.8,HYD-01,CMMS-SIM
F-001166,2026-03-26 20:00:00,20260326,LH-002,CMP-ELE,Sensor failure,WO-002377,2026-03-26 20:11:26,2026-03-27 01:33:34,5.37,0.19,5.56,11228.1,ELE-88,CMMS-SIM
F-001167,2026-03-27 18:30:00,20260327,LH-002,CMP-HYD,Valve block leak,WO-002378,2026-03-27 20:33:13,2026-03-27 22:29:01,1.93,2.05,3.98,11314.4,HYD-84,CMMS-SIM
F-001168,2026-03-28 19:00:00,20260328,LH-002,CMP-BRK,Brake wear alarm,WO-002379,2026-03-28 20:12:12,2026-03-28 23:23:50,3.19,1.2,4.4,11398.0,BRK-06,CMMS-SIM
F-001169,2026-03-31 01:00:00,20260331,LH-002,CMP-ELE,Lighting circuit fault,WO-002381,2026-03-31 03:29:23,2026-03-31 08:59:19,5.5,2.49,7.99,11486.3,ELE-04,CMMS-SIM
F-001170,2026-04-17 20:30:00,20260417,LH-002,CMP-HYD,Hose burst,WO-002386,2026-04-17 20:55:52,2026-04-18 03:18:47,6.38,0.43,6.81,11535.7,HYD-09,CMMS-SIM
F-001171,2026-04-21 06:00:00,20260421,LH-002,CMP-TYR,Sidewall damage,WO-002387,2026-04-21 06:08:51,2026-04-21 09:58:00,3.82,0.15,3.97,11594.0,TYR-89,CMMS-SIM
F-001172,2026-04-27 16:00:00,20260427,LH-002,CMP-HYD,Main pump failure,WO-002391,2026-04-27 17:28:15,2026-04-28 07:25:11,13.95,1.47,15.42,11613.8,HYD-87,CMMS-SIM
F-001173,2026-05-03 08:00:00,20260503,LH-002,CMP-ENG,Cooling issue,WO-002392,2026-05-03 09:12:16,2026-05-03 11:38:39,2.44,1.2,3.64,11636.8,ENG-99,CMMS-SIM
F-001174,2026-05-04 07:30:00,20260504,LH-002,CMP-BRK,Brake pressure fault,WO-002393,2026-05-04 09:38:42,2026-05-04 21:21:35,11.71,2.15,13.86,11681.4,BRK-68,CMMS-SIM
F-001175,2026-05-07 15:30:00,20260507,LH-002,CMP-OTH,Other mechanical fault,WO-002394,2026-05-07 16:55:31,2026-05-07 23:04:05,6.14,1.43,7.57,11749.2,OTH-81,CMMS-SIM
F-001176,2026-05-08 04:30:00,20260508,LH-002,CMP-HYD,Boom cylinder seal leak,WO-002395,2026-05-08 05:26:50,2026-05-08 07:54:59,2.47,0.95,3.42,11833.0,HYD-27,CMMS-SIM
F-001177,2026-05-09 20:00:00,20260509,LH-002,CMP-BRK,Brake wear alarm,WO-002396,2026-05-09 22:23:12,2026-05-10 05:19:47,6.94,2.39,9.33,11884.9,BRK-15,CMMS-SIM
F-001178,2026-05-11 06:30:00,20260511,LH-002,CMP-ELE,Sensor failure,WO-002397,2026-05-11 08:39:46,2026-05-12 03:04:45,18.42,2.16,20.58,11962.5,ELE-39,CMMS-SIM
F-001179,2026-05-11 21:30:00,20260511,LH-002,CMP-TYR,Sidewall damage,WO-002398,2026-05-12 00:22:16,2026-05-12 04:09:11,3.78,2.87,6.65,11996.4,TYR-55,CMMS-SIM
F-001180,2026-05-20 14:00:00,20260520,LH-002,CMP-HYD,Valve block leak,WO-002400,2026-05-20 15:38:58,2026-05-20 20:48:30,5.16,1.65,6.81,12080.0,HYD-69,CMMS-SIM
F-001181,2026-05-23 15:00:00,20260523,LH-002,CMP-TYR,Sidewall damage,WO-002402,2026-05-23 15:56:30,2026-05-23 22:30:19,6.56,0.94,7.51,12128.8,TYR-42,CMMS-SIM
F-001182,2026-05-27 22:30:00,20260527,LH-002,CMP-TYR,Track tension failure,WO-002405,2026-05-28 00:43:41,2026-05-28 04:30:10,3.77,2.23,6.0,12170.8,TYR-42,CMMS-SIM
F-001183,2026-05-29 21:00:00,20260529,LH-002,CMP-TYR,Sidewall damage,WO-002406,2026-05-30 00:00:57,2026-05-30 02:09:35,2.14,3.02,5.16,12204.2,TYR-48,CMMS-SIM
F-001184,2026-05-31 10:00:00,20260531,LH-002,CMP-HYD,Main pump failure,WO-002408,2026-05-31 12:36:31,2026-05-31 17:01:18,4.41,2.61,7.02,12285.4,HYD-80,CMMS-SIM
F-001185,2026-06-02 09:00:00,20260602,LH-002,CMP-ELE,Sensor failure,WO-002410,2026-06-02 09:58:48,2026-06-02 13:21:32,3.38,0.98,4.36,12313.2,ELE-73,CMMS-SIM
F-001186,2026-06-03 14:30:00,20260603,LH-002,CMP-HYD,Hose burst,WO-002412,2026-06-03 17:07:40,2026-06-04 02:11:51,9.07,2.63,11.7,12328.8,HYD-93,CMMS-SIM
F-001187,2026-06-05 02:30:00,20260605,LH-002,CMP-SVC,Service-related defect,WO-002416,2026-06-05 05:13:44,2026-06-05 15:24:48,10.18,2.73,12.91,12362.1,SVC-99,CMMS-SIM
F-001188,2026-06-08 16:30:00,20260608,LH-002,CMP-HYD,Valve block leak,WO-002417,2026-06-08 18:42:44,2026-06-08 21:54:22,3.19,2.21,5.41,12410.3,HYD-03,CMMS-SIM
F-001189,2026-06-09 18:30:00,20260609,LH-002,CMP-HYD,Main pump failure,WO-002418,2026-06-09 19:46:52,2026-06-10 01:49:16,6.04,1.28,7.32,12454.6,HYD-73,CMMS-SIM
F-001190,2026-06-11 02:30:00,20260611,LH-002,CMP-HYD,Main pump failure,WO-002420,2026-06-11 04:20:37,2026-06-11 07:00:09,2.66,1.84,4.5,12497.8,HYD-49,CMMS-SIM
F-001191,2026-06-13 11:00:00,20260613,LH-002,CMP-TRN,Torque converter issue,WO-002421,2026-06-13 14:21:34,2026-06-13 23:53:25,9.53,3.36,12.89,12565.8,TRN-61,CMMS-SIM
F-001192,2026-06-22 08:30:00,20260622,LH-002,CMP-TYR,Tyre change,WO-002422,2026-06-22 13:04:32,2026-06-22 22:47:04,9.71,4.58,14.28,12608.2,TYR-70,CMMS-SIM
F-001193,2026-06-22 16:00:00,20260622,LH-002,CMP-ELE,Sensor failure,WO-002423,2026-06-22 19:26:45,2026-06-23 09:48:06,14.36,3.45,17.8,12618.4,ELE-93,CMMS-SIM
F-001194,2026-06-23 19:00:00,20260623,LH-002,CMP-HYD,Valve block leak,WO-002424,2026-06-23 19:31:37,2026-06-24 00:52:05,5.34,0.53,5.87,12649.7,HYD-20,CMMS-SIM
F-001195,2026-06-28 03:00:00,20260628,LH-002,CMP-HYD,Boom cylinder seal leak,WO-002425,2026-06-28 04:20:24,2026-06-28 14:12:54,9.87,1.34,11.22,12723.6,HYD-17,CMMS-SIM
F-001196,2026-06-29 18:00:00,20260629,LH-002,CMP-HYD,Boom cylinder seal leak,WO-002426,2026-06-29 18:07:48,2026-06-29 21:21:30,3.23,0.13,3.36,12790.6,HYD-99,CMMS-SIM
F-001197,2026-07-08 09:30:00,20260708,LH-002,CMP-HYD,Main pump failure,WO-002432,2026-07-08 09:32:36,2026-07-08 18:59:29,9.45,0.04,9.49,12859.1,HYD-63,CMMS-SIM
F-001198,2026-07-08 14:00:00,20260708,LH-002,CMP-HYD,Valve block leak,WO-002433,2026-07-08 16:25:38,2026-07-08 20:38:55,4.22,2.43,6.65,12935.8,HYD-25,CMMS-SIM
F-001199,2026-07-10 21:00:00,20260710,LH-002,CMP-ENG,Cooling issue,WO-002435,2026-07-10 22:18:48,2026-07-11 04:55:47,6.62,1.31,7.93,12947.6,ENG-75,CMMS-SIM
F-001200,2026-07-12 07:30:00,20260712,LH-002,CMP-ENG,Turbo fault,WO-002437,2026-07-12 08:29:56,2026-07-12 16:27:35,7.96,1.0,8.96,13001.7,ENG-13,CMMS-SIM
F-001201,2026-07-13 04:30:00,20260713,LH-002,CMP-HYD,Valve block leak,WO-002438,2026-07-13 05:47:46,2026-07-13 09:48:24,4.01,1.3,5.31,13042.1,HYD-88,CMMS-SIM
F-001202,2026-07-14 07:30:00,20260714,LH-002,CMP-ENG,Cooling issue,WO-002439,2026-07-14 13:13:34,2026-07-14 19:16:04,6.04,5.73,11.77,13069.8,ENG-84,CMMS-SIM
F-001203,2026-07-20 10:00:00,20260720,LH-002,CMP-BRK,Brake wear alarm,WO-002441,2026-07-20 11:21:50,2026-07-20 12:41:55,1.33,1.36,2.7,13157.3,BRK-74,CMMS-SIM
F-001204,2026-07-26 10:00:00,20260726,LH-002,CMP-TYR,Sidewall damage,WO-002443,2026-07-26 11:08:04,2026-07-26 18:06:46,6.98,1.13,8.11,13217.9,TYR-83,CMMS-SIM
F-001205,2026-07-29 15:30:00,20260729,LH-002,CMP-HYD,Hose burst,WO-002445,2026-07-29 16:09:47,2026-07-30 13:09:10,20.99,0.66,21.65,13299.3,HYD-13,CMMS-SIM
F-001206,2026-08-01 04:30:00,20260801,LH-002,CMP-HYD,Main pump failure,WO-002447,2026-08-01 06:49:17,2026-08-01 10:25:21,3.6,2.32,5.92,13367.4,HYD-69,CMMS-SIM
F-001207,2026-08-09 14:30:00,20260809,LH-002,CMP-TYR,Sidewall damage,WO-002451,2026-08-09 15:45:51,2026-08-09 20:49:59,5.07,1.26,6.33,13383.7,TYR-84,CMMS-SIM
F-001208,2026-08-11 04:30:00,20260811,LH-002,CMP-HYD,Boom cylinder seal leak,WO-002453,2026-08-11 06:23:26,2026-08-11 07:04:41,0.69,1.89,2.58,13444.6,HYD-27,CMMS-SIM
F-001209,2026-08-17 00:00:00,20260817,LH-002,CMP-BRK,Brake wear alarm,WO-002456,2026-08-17 01:33:38,2026-08-17 06:17:03,4.72,1.56,6.28,13468.0,BRK-05,CMMS-SIM
F-001210,2025-10-06 21:30:00,20251006,LH-003,CMP-ELE,Lighting circuit fault,WO-002467,2025-10-06 23:09:54,2025-10-07 08:55:14,9.76,1.67,11.42,8049.2,ELE-48,CMMS-SIM
F-001211,2025-10-10 10:30:00,20251010,LH-003,CMP-HYD,Boom cylinder seal leak,WO-002471,2025-10-10 11:47:43,2025-10-10 17:07:09,5.32,1.3,6.62,8114.0,HYD-07,CMMS-SIM
F-001212,2025-10-15 22:30:00,20251015,LH-003,CMP-BRK,Brake wear alarm,WO-002472,2025-10-16 02:49:44,2025-10-16 05:50:49,3.02,4.33,7.35,8149.7,BRK-72,CMMS-SIM
F-001213,2025-10-17 11:30:00,20251017,LH-003,CMP-TYR,Sidewall damage,WO-002475,2025-10-17 12:10:14,2025-10-17 13:01:48,0.86,0.67,1.53,8200.4,TYR-99,CMMS-SIM
F-001214,2025-10-18 18:30:00,20251018,LH-003,CMP-BRK,Brake pressure fault,WO-002478,2025-10-18 19:52:22,2025-10-18 22:23:16,2.51,1.37,3.89,8244.3,BRK-13,CMMS-SIM
F-001215,2025-10-19 07:30:00,20251019,LH-003,CMP-ELE,Starter fault,WO-002479,2025-10-19 08:34:02,2025-10-19 15:12:48,6.65,1.07,7.71,8261.3,ELE-24,CMMS-SIM
F-001216,2025-10-20 08:30:00,20251020,LH-003,CMP-SVC,Service-related defect,WO-002480,2025-10-20 08:39:14,2025-10-20 11:05:26,2.44,0.15,2.59,8278.7,SVC-40,CMMS-SIM
F-001217,2025-10-21 05:00:00,20251021,LH-003,CMP-BRK,Brake wear alarm,WO-002482,2025-10-21 09:43:34,2025-10-21 17:20:22,7.61,4.73,12.34,8323.2,BRK-04,CMMS-SIM
F-001218,2025-10-22 00:30:00,20251022,LH-003,CMP-BRK,Brake pressure fault,WO-002483,2025-10-22 01:24:43,2025-10-22 06:33:53,5.15,0.91,6.06,8343.2,BRK-28,CMMS-SIM
F-001219,2025-10-25 04:30:00,20251025,LH-003,CMP-HYD,Hose burst,WO-002484,2025-10-25 05:52:40,2025-10-25 15:35:31,9.71,1.38,11.09,8361.3,HYD-88,CMMS-SIM
F-001220,2025-10-30 05:30:00,20251030,LH-003,CMP-TYR,Track tension failure,WO-002485,2025-10-30 07:39:07,2025-10-30 11:49:52,4.18,2.15,6.33,8423.3,TYR-09,CMMS-SIM
F-001221,2025-11-04 13:30:00,20251104,LH-003,CMP-BRK,Brake wear alarm,WO-002487,2025-11-04 13:58:19,2025-11-04 17:24:00,3.43,0.47,3.9,8510.0,BRK-38,CMMS-SIM
F-001222,2025-11-05 05:00:00,20251105,LH-003,CMP-ELE,Sensor failure,WO-002488,2025-11-05 07:48:01,2025-11-05 12:09:43,4.36,2.8,7.16,8568.1,ELE-28,CMMS-SIM
F-001223,2025-11-05 19:00:00,20251105,LH-003,CMP-ENG,Turbo fault,WO-002489,2025-11-05 19:56:04,2025-11-06 00:35:33,4.66,0.93,5.59,8611.3,ENG-35,CMMS-SIM
F-001224,2025-11-09 15:30:00,20251109,LH-003,CMP-HYD,Valve block leak,WO-002491,2025-11-09 16:18:20,2025-11-10 02:30:09,10.2,0.81,11.0,8642.6,HYD-86,CMMS-SIM
F-001225,2025-11-11 14:30:00,20251111,LH-003,CMP-SVC,Service-related defect,WO-002492,2025-11-11 16:20:07,2025-11-11 20:24:59,4.08,1.84,5.92,8707.5,SVC-71,CMMS-SIM
F-001226,2025-11-14 14:00:00,20251114,LH-003,CMP-TYR,Track tension failure,WO-002497,2025-11-14 16:47:28,2025-11-14 21:59:37,5.2,2.79,7.99,8765.0,TYR-52,CMMS-SIM
F-001227,2025-11-17 05:00:00,20251117,LH-003,CMP-HYD,Hose burst,WO-002501,2025-11-17 06:29:23,2025-11-17 09:24:53,2.93,1.49,4.41,8841.3,HYD-24,CMMS-SIM
F-001228,2025-11-17 21:30:00,20251117,LH-003,CMP-HYD,Hose burst,WO-002502,2025-11-18 03:04:15,2025-11-18 09:28:48,6.41,5.57,11.98,8905.5,HYD-77,CMMS-SIM
F-001229,2025-11-19 17:30:00,20251119,LH-003,CMP-ELE,Lighting circuit fault,WO-002505,2025-11-19 19:00:45,2025-11-20 04:01:58,9.02,1.51,10.53,8941.1,ELE-44,CMMS-SIM
F-001230,2025-11-20 00:00:00,20251120,LH-003,CMP-ELE,Starter fault,WO-002506,2025-11-20 00:40:38,2025-11-20 04:02:44,3.37,0.68,4.05,8987.7,ELE-27,CMMS-SIM
F-001231,2025-11-21 09:30:00,20251121,LH-003,CMP-HYD,Main pump failure,WO-002508,2025-11-21 10:41:20,2025-11-22 01:53:40,15.21,1.19,16.39,9061.5,HYD-53,CMMS-SIM
F-001232,2025-11-23 12:30:00,20251123,LH-003,CMP-ENG,Fuel system fault,WO-002509,2025-11-23 13:48:30,2025-11-24 01:16:23,11.46,1.31,12.77,9127.5,ENG-03,CMMS-SIM
F-001233,2025-11-26 14:00:00,20251126,LH-003,CMP-HYD,Boom cylinder seal leak,WO-002512,2025-11-26 15:56:44,2025-11-27 02:19:44,10.38,1.95,12.33,9170.3,HYD-60,CMMS-SIM
F-001234,2025-11-28 08:30:00,20251128,LH-003,CMP-ELE,Sensor failure,WO-002513,2025-11-28 10:16:48,2025-11-28 14:04:44,3.8,1.78,5.58,9193.7,ELE-90,CMMS-SIM
F-001235,2025-11-30 23:00:00,20251130,LH-003,CMP-HYD,Main pump failure,WO-002515,2025-11-30 23:18:24,2025-12-01 04:02:20,4.73,0.31,5.04,9253.7,HYD-72,CMMS-SIM
F-001236,2025-12-01 18:30:00,20251201,LH-003,CMP-HYD,Main pump failure,WO-002516,2025-12-01 18:58:30,2025-12-01 20:34:31,1.6,0.48,2.08,9333.3,HYD-77,CMMS-SIM
F-001237,2025-12-03 15:00:00,20251203,LH-003,CMP-BRK,Brake pressure fault,WO-002518,2025-12-03 17:05:39,2025-12-03 22:28:20,5.38,2.09,7.47,9423.3,BRK-70,CMMS-SIM
F-001238,2025-12-05 07:30:00,20251205,LH-003,CMP-HYD,Valve block leak,WO-002521,2025-12-05 08:33:18,2025-12-05 14:35:48,6.04,1.06,7.1,9502.0,HYD-96,CMMS-SIM
F-001239,2025-12-06 21:00:00,20251206,LH-003,CMP-ELE,Starter fault,WO-002523,2025-12-06 22:08:26,2025-12-07 05:28:32,7.33,1.14,8.48,9540.5,ELE-61,CMMS-SIM
F-001240,2025-12-07 15:00:00,20251207,LH-003,CMP-ELE,Lighting circuit fault,WO-002525,2025-12-07 16:16:59,2025-12-07 22:54:48,6.63,1.28,7.91,9577.7,ELE-87,CMMS-SIM
F-001241,2025-12-08 05:00:00,20251208,LH-003,CMP-ELE,Lighting circuit fault,WO-002526,2025-12-08 05:34:24,2025-12-08 16:30:42,10.94,0.57,11.51,9666.3,ELE-46,CMMS-SIM
F-001242,2025-12-14 11:30:00,20251214,LH-003,CMP-TYR,Track tension failure,WO-002530,2025-12-14 13:00:38,2025-12-14 16:07:07,3.11,1.51,4.62,9750.5,TYR-40,CMMS-SIM
F-001243,2025-12-17 13:00:00,20251217,LH-003,CMP-ELE,Lighting circuit fault,WO-002531,2025-12-17 13:52:15,2025-12-18 04:48:06,14.93,0.87,15.8,9773.2,ELE-95,CMMS-SIM
F-001244,2025-12-18 13:00:00,20251218,LH-003,CMP-ELE,Starter fault,WO-002532,2025-12-18 14:04:02,2025-12-18 20:50:44,6.78,1.07,7.85,9858.8,ELE-29,CMMS-SIM
F-001245,2025-12-21 21:00:00,20251221,LH-003,CMP-TYR,Tyre change,WO-002534,2025-12-21 23:36:25,2025-12-22 02:20:08,2.73,2.61,5.34,9894.2,TYR-98,CMMS-SIM
F-001246,2025-12-27 10:00:00,20251227,LH-003,CMP-TYR,Sidewall damage,WO-002537,2025-12-27 12:22:30,2025-12-27 12:54:48,0.54,2.38,2.91,9955.9,TYR-96,CMMS-SIM
F-001247,2025-12-30 08:00:00,20251230,LH-003,CMP-ELE,Starter fault,WO-002539,2025-12-30 09:48:43,2025-12-30 22:53:17,13.08,1.81,14.89,9997.8,ELE-65,CMMS-SIM
F-001248,2025-12-30 18:30:00,20251230,LH-003,CMP-HYD,Hose burst,WO-002540,2025-12-30 19:38:30,2025-12-31 01:17:56,5.66,1.14,6.8,10028.6,HYD-10,CMMS-SIM
F-001249,2026-01-03 07:00:00,20260103,LH-003,CMP-HYD,Hose burst,WO-002542,2026-01-03 07:30:38,2026-01-03 07:54:47,0.4,0.51,0.91,10086.7,HYD-39,CMMS-SIM
F-001250,2026-01-08 01:00:00,20260108,LH-003,CMP-OTH,Other mechanical fault,WO-002545,2026-01-08 01:44:36,2026-01-08 03:29:09,1.74,0.74,2.49,10141.3,OTH-62,CMMS-SIM
F-001251,2026-01-10 02:00:00,20260110,LH-003,CMP-ENG,Cooling issue,WO-002546,2026-01-10 02:00:10,2026-01-10 04:28:21,2.47,0.0,2.47,10213.9,ENG-58,CMMS-SIM
F-001252,2026-01-11 08:30:00,20260111,LH-003,CMP-HYD,Valve block leak,WO-002547,2026-01-11 09:31:05,2026-01-11 10:40:31,1.16,1.02,2.18,10271.9,HYD-75,CMMS-SIM
F-001253,2026-01-13 05:30:00,20260113,LH-003,CMP-HYD,Valve block leak,WO-002548,2026-01-13 08:42:38,2026-01-13 22:55:38,14.22,3.21,17.43,10356.2,HYD-95,CMMS-SIM
F-001254,2026-01-14 18:00:00,20260114,LH-003,CMP-TYR,Sidewall damage,WO-002549,2026-01-14 19:30:30,2026-01-15 03:51:16,8.35,1.51,9.85,10366.8,TYR-40,CMMS-SIM
F-001255,2026-01-14 23:00:00,20260114,LH-003,CMP-ENG,Cooling issue,WO-002550,2026-01-15 01:15:35,2026-01-15 05:27:57,4.21,2.26,6.47,10410.6,ENG-60,CMMS-SIM
F-001256,2026-01-24 08:30:00,20260124,LH-003,CMP-ENG,Cooling issue,WO-002554,2026-01-24 09:11:02,2026-01-24 17:43:23,8.54,0.68,9.22,10493.2,ENG-46,CMMS-SIM
F-001257,2026-01-25 00:30:00,20260125,LH-003,CMP-TYR,Tyre change,WO-002556,2026-01-25 01:59:02,2026-01-25 09:48:05,7.82,1.48,9.3,10546.1,TYR-99,CMMS-SIM
F-001258,2026-01-25 05:00:00,20260125,LH-003,CMP-ELE,Sensor failure,WO-002557,2026-01-25 06:45:05,2026-01-25 09:24:41,2.66,1.75,4.41,10567.8,ELE-44,CMMS-SIM
F-001259,2026-01-28 10:30:00,20260128,LH-003,CMP-TYR,Sidewall damage,WO-002561,2026-01-28 11:43:38,2026-01-28 20:24:41,8.68,1.23,9.91,10648.2,TYR-44,CMMS-SIM
F-001260,2026-01-29 04:00:00,20260129,LH-003,CMP-TYR,Sidewall damage,WO-002562,2026-01-29 04:03:29,2026-01-29 13:20:04,9.28,0.06,9.33,10728.6,TYR-14,CMMS-SIM
F-001261,2026-02-04 16:30:00,20260204,LH-003,CMP-HYD,Valve block leak,WO-002565,2026-02-04 18:02:13,2026-02-04 20:28:34,2.44,1.54,3.98,10810.3,HYD-12,CMMS-SIM
F-001262,2026-02-06 04:00:00,20260206,LH-003,CMP-HYD,Hose burst,WO-002566,2026-02-06 06:14:33,2026-02-06 11:50:21,5.6,2.24,7.84,10893.7,HYD-07,CMMS-SIM
F-001263,2026-02-08 05:30:00,20260208,LH-003,CMP-ELE,Starter fault,WO-002567,2026-02-08 07:03:44,2026-02-08 12:14:20,5.18,1.56,6.74,10908.1,ELE-77,CMMS-SIM
F-001264,2026-02-08 21:30:00,20260208,LH-003,CMP-ENG,Fuel system fault,WO-002568,2026-02-08 21:59:43,2026-02-09 02:07:12,4.12,0.5,4.62,10930.4,ENG-22,CMMS-SIM
F-001265,2026-02-10 02:00:00,20260210,LH-003,CMP-HYD,Boom cylinder seal leak,WO-002571,2026-02-10 05:06:23,2026-02-10 11:06:12,6.0,3.11,9.1,10942.7,HYD-42,CMMS-SIM
F-001266,2026-02-11 12:00:00,20260211,LH-003,CMP-HYD,Boom cylinder seal leak,WO-002572,2026-02-11 13:59:36,2026-02-11 22:34:46,8.59,1.99,10.58,11026.6,HYD-37,CMMS-SIM
F-001267,2026-02-15 20:00:00,20260215,LH-003,CMP-HYD,Hose burst,WO-002574,2026-02-15 20:22:20,2026-02-16 02:41:34,6.32,0.37,6.69,11058.2,HYD-05,CMMS-SIM
F-001268,2026-02-17 05:00:00,20260217,LH-003,CMP-HYD,Hose burst,WO-002576,2026-02-17 06:45:03,2026-02-17 21:04:57,14.33,1.75,16.08,11081.0,HYD-87,CMMS-SIM
F-001269,2026-02-24 03:30:00,20260224,LH-003,CMP-HYD,Valve block leak,WO-002578,2026-02-24 04:00:43,2026-02-24 09:22:16,5.36,0.51,5.87,11111.2,HYD-05,CMMS-SIM
F-001270,2026-02-24 15:30:00,20260224,LH-003,CMP-HYD,Hose burst,WO-002579,2026-02-24 16:38:29,2026-02-25 04:04:29,11.43,1.14,12.57,11141.2,HYD-97,CMMS-SIM
F-001271,2026-02-25 09:30:00,20260225,LH-003,CMP-HYD,Hose burst,WO-002580,2026-02-25 11:22:30,2026-02-25 16:12:30,4.83,1.88,6.71,11226.1,HYD-02,CMMS-SIM
F-001272,2026-03-01 13:30:00,20260301,LH-003,CMP-ELE,Harness damage,WO-002582,2026-03-01 14:55:44,2026-03-01 21:43:22,6.79,1.43,8.22,11265.5,ELE-85,CMMS-SIM
F-001273,2026-03-03 19:30:00,20260303,LH-003,CMP-ELE,Lighting circuit fault,WO-002584,2026-03-03 20:22:47,2026-03-04 00:10:46,3.8,0.88,4.68,11292.6,ELE-39,CMMS-SIM
F-001274,2026-03-05 02:00:00,20260305,LH-003,CMP-SVC,Service-related defect,WO-002585,2026-03-05 04:47:56,2026-03-05 06:48:37,2.01,2.8,4.81,11353.4,SVC-27,CMMS-SIM
F-001275,2026-03-07 10:00:00,20260307,LH-003,CMP-HYD,Valve block leak,WO-002586,2026-03-07 12:33:47,2026-03-07 14:23:58,1.84,2.56,4.4,11370.7,HYD-58,CMMS-SIM
F-001276,2026-03-07 20:30:00,20260307,LH-003,CMP-SVC,Service-related defect,WO-002587,2026-03-07 20:41:06,2026-03-08 06:40:43,9.99,0.19,10.18,11425.0,SVC-68,CMMS-SIM
F-001277,2026-03-12 09:30:00,20260312,LH-003,CMP-HYD,Valve block leak,WO-002589,2026-03-12 09:50:09,2026-03-12 15:26:33,5.61,0.34,5.94,11480.5,HYD-54,CMMS-SIM
F-001278,2026-03-18 09:00:00,20260318,LH-003,CMP-TYR,Tyre change,WO-002594,2026-03-18 11:00:17,2026-03-18 12:36:32,1.6,2.0,3.61,11539.3,TYR-39,CMMS-SIM
F-001279,2026-03-22 12:30:00,20260322,LH-003,CMP-HYD,Hose burst,WO-002598,2026-03-22 13:33:32,2026-03-22 23:09:04,9.59,1.06,10.65,11558.3,HYD-43,CMMS-SIM
F-001280,2026-03-23 18:30:00,20260323,LH-003,CMP-HYD,Hose burst,WO-002600,2026-03-23 20:19:20,2026-03-24 02:02:59,5.73,1.82,7.55,11628.9,HYD-43,CMMS-SIM
F-001281,2026-03-24 17:00:00,20260324,LH-003,CMP-ELE,Sensor failure,WO-002601,2026-03-24 19:05:14,2026-03-25 04:23:19,9.3,2.09,11.39,11655.8,ELE-45,CMMS-SIM
F-001282,2026-03-26 02:30:00,20260326,LH-003,CMP-HYD,Main pump failure,WO-002604,2026-03-26 03:05:08,2026-03-26 14:42:58,11.63,0.59,12.22,11685.0,HYD-80,CMMS-SIM
F-001283,2026-03-26 23:30:00,20260326,LH-003,CMP-ELE,Sensor failure,WO-002605,2026-03-27 00:31:26,2026-03-27 04:50:02,4.31,1.02,5.33,11699.4,ELE-71,CMMS-SIM
F-001284,2026-03-27 21:00:00,20260327,LH-003,CMP-HYD,Hose burst,WO-002606,2026-03-28 01:36:04,2026-03-28 13:31:21,11.92,4.6,16.52,11754.0,HYD-01,CMMS-SIM
F-001285,2026-03-28 06:30:00,20260328,LH-003,CMP-HYD,Valve block leak,WO-002607,2026-03-28 08:55:17,2026-03-28 13:42:14,4.78,2.42,7.2,11770.9,HYD-10,CMMS-SIM
F-001286,2026-03-29 20:30:00,20260329,LH-003,CMP-OTH,Other mechanical fault,WO-002608,2026-03-29 22:34:39,2026-03-30 13:46:41,15.2,2.08,17.28,11810.5,OTH-42,CMMS-SIM
F-001287,2026-04-03 08:00:00,20260403,LH-003,CMP-HYD,Hose burst,WO-002609,2026-04-03 08:49:42,2026-04-03 14:31:10,5.69,0.83,6.52,11831.8,HYD-17,CMMS-SIM
F-001288,2026-04-07 13:00:00,20260407,LH-003,CMP-BRK,Brake wear alarm,WO-002611,2026-04-07 13:22:10,2026-04-07 22:26:44,9.08,0.37,9.45,11920.5,BRK-50,CMMS-SIM
F-001289,2026-04-08 18:30:00,20260408,LH-003,CMP-ELE,Lighting circuit fault,WO-002612,2026-04-08 19:47:33,2026-04-08 23:16:36,3.48,1.29,4.78,12008.2,ELE-05,CMMS-SIM
F-001290,2026-04-16 05:30:00,20260416,LH-003,CMP-HYD,Main pump failure,WO-002615,2026-04-16 05:32:34,2026-04-16 13:20:04,7.79,0.04,7.83,12040.7,HYD-19,CMMS-SIM
F-001291,2026-04-16 20:00:00,20260416,LH-003,CMP-ELE,Lighting circuit fault,WO-002616,2026-04-16 23:00:48,2026-04-17 07:31:42,8.51,3.01,11.53,12051.8,ELE-77,CMMS-SIM
F-001292,2026-04-20 03:30:00,20260420,LH-003,CMP-ELE,Lighting circuit fault,WO-002617,2026-04-20 05:28:30,2026-04-20 08:42:28,3.23,1.98,5.21,12080.3,ELE-81,CMMS-SIM
F-001293,2026-04-23 10:00:00,20260423,LH-003,CMP-HYD,Valve block leak,WO-002618,2026-04-23 10:06:19,2026-04-23 12:39:57,2.56,0.11,2.67,12126.1,HYD-65,CMMS-SIM
F-001294,2026-04-28 04:30:00,20260428,LH-003,CMP-HYD,Hose burst,WO-002621,2026-04-28 08:17:31,2026-04-28 16:54:43,8.62,3.79,12.41,12166.6,HYD-83,CMMS-SIM
F-001295,2026-05-01 11:00:00,20260501,LH-003,CMP-BRK,Brake wear alarm,WO-002623,2026-05-01 13:03:50,2026-05-01 18:05:03,5.02,2.06,7.08,12179.3,BRK-43,CMMS-SIM
F-001296,2026-05-07 09:00:00,20260507,LH-003,CMP-HYD,Valve block leak,WO-002625,2026-05-07 10:38:27,2026-05-07 12:39:38,2.02,1.64,3.66,12250.4,HYD-99,CMMS-SIM
F-001297,2026-05-08 19:30:00,20260508,LH-003,CMP-ENG,Cooling issue,WO-002627,2026-05-08 21:51:10,2026-05-09 09:36:51,11.76,2.35,14.11,12292.7,ENG-72,CMMS-SIM
F-001298,2026-05-09 22:00:00,20260509,LH-003,CMP-ELE,Lighting circuit fault,WO-002628,2026-05-09 23:33:21,2026-05-10 03:33:50,4.01,1.56,5.56,12380.0,ELE-99,CMMS-SIM
F-001299,2026-05-13 07:30:00,20260513,LH-003,CMP-ELE,Sensor failure,WO-002629,2026-05-13 10:12:30,2026-05-13 16:10:39,5.97,2.71,8.68,12439.7,ELE-45,CMMS-SIM
F-001300,2026-05-15 20:00:00,20260515,LH-003,CMP-ELE,Sensor failure,WO-002630,2026-05-15 20:54:39,2026-05-16 02:57:28,6.05,0.91,6.96,12474.2,ELE-09,CMMS-SIM
F-001301,2026-05-21 04:00:00,20260521,LH-003,CMP-HYD,Main pump failure,WO-002632,2026-05-21 06:36:19,2026-05-21 13:13:23,6.62,2.61,9.22,12541.0,HYD-80,CMMS-SIM
F-001302,2026-05-29 11:30:00,20260529,LH-003,CMP-ELE,Starter fault,WO-002636,2026-05-29 14:46:22,2026-05-29 22:37:30,7.85,3.27,11.13,12624.2,ELE-91,CMMS-SIM
F-001303,2026-06-03 15:00:00,20260603,LH-003,CMP-BRK,Brake wear alarm,WO-002638,2026-06-03 16:26:46,2026-06-04 01:18:18,8.86,1.45,10.31,12667.5,BRK-16,CMMS-SIM
F-001304,2026-06-09 04:00:00,20260609,LH-003,CMP-ENG,Fuel system fault,WO-002640,2026-06-09 08:39:35,2026-06-09 11:31:59,2.87,4.66,7.53,12748.6,ENG-35,CMMS-SIM
F-001305,2026-06-13 23:30:00,20260613,LH-003,CMP-HYD,Valve block leak,WO-002642,2026-06-14 00:45:47,2026-06-14 12:55:24,12.16,1.26,13.42,12762.5,HYD-54,CMMS-SIM
F-001306,2026-06-15 15:00:00,20260615,LH-003,CMP-ELE,Harness damage,WO-002643,2026-06-15 15:09:56,2026-06-15 22:25:11,7.25,0.17,7.42,12819.5,ELE-77,CMMS-SIM
F-001307,2026-06-18 00:00:00,20260618,LH-003,CMP-BRK,Brake pressure fault,WO-002646,2026-06-18 01:10:48,2026-06-18 04:51:36,3.68,1.18,4.86,12895.3,BRK-02,CMMS-SIM
F-001308,2026-06-23 21:30:00,20260623,LH-003,CMP-ELE,Sensor failure,WO-002651,2026-06-24 02:09:09,2026-06-24 09:17:04,7.13,4.65,11.78,12984.3,ELE-29,CMMS-SIM
F-001309,2026-06-30 01:30:00,20260630,LH-003,CMP-TYR,Track tension failure,WO-002653,2026-06-30 01:45:08,2026-06-30 02:23:23,0.64,0.25,0.89,13054.2,TYR-83,CMMS-SIM
F-001310,2026-07-08 16:30:00,20260708,LH-003,CMP-OTH,Other mechanical fault,WO-002654,2026-07-08 16:38:32,2026-07-08 18:32:26,1.9,0.14,2.04,13066.4,OTH-98,CMMS-SIM
F-001311,2026-07-09 08:30:00,20260709,LH-003,CMP-ENG,Fuel system fault,WO-002655,2026-07-09 10:32:31,2026-07-09 19:15:36,8.72,2.04,10.76,13149.5,ENG-41,CMMS-SIM
F-001312,2026-07-09 23:30:00,20260709,LH-003,CMP-ENG,Turbo fault,WO-002656,2026-07-10 03:09:01,2026-07-10 05:47:58,2.65,3.65,6.3,13164.0,ENG-13,CMMS-SIM
F-001313,2026-07-14 18:30:00,20260714,LH-003,CMP-HYD,Hose burst,WO-002658,2026-07-14 22:53:36,2026-07-15 13:21:10,14.46,4.39,18.85,13224.8,HYD-56,CMMS-SIM
F-001314,2026-07-19 07:00:00,20260719,LH-003,CMP-HYD,Boom cylinder seal leak,WO-002659,2026-07-19 07:15:39,2026-07-19 11:41:55,4.44,0.26,4.7,13294.2,HYD-14,CMMS-SIM
F-001315,2026-07-25 13:00:00,20260725,LH-003,CMP-ELE,Starter fault,WO-002662,2026-07-25 16:58:06,2026-07-26 04:46:07,11.8,3.97,15.77,13359.8,ELE-57,CMMS-SIM
F-001316,2026-07-28 03:00:00,20260728,LH-003,CMP-SVC,Service-related defect,WO-002663,2026-07-28 04:23:21,2026-07-28 08:16:53,3.89,1.39,5.28,13424.3,SVC-62,CMMS-SIM
F-001317,2026-07-31 16:30:00,20260731,LH-003,CMP-ELE,Sensor failure,WO-002666,2026-07-31 16:59:07,2026-07-31 23:02:03,6.05,0.49,6.53,13480.1,ELE-73,CMMS-SIM
F-001318,2026-08-01 23:30:00,20260801,LH-003,CMP-ELE,Sensor failure,WO-002669,2026-08-02 04:28:14,2026-08-02 14:08:14,9.67,4.97,14.64,13526.3,ELE-11,CMMS-SIM
F-001319,2026-08-10 02:00:00,20260810,LH-003,CMP-HYD,Hose burst,WO-002670,2026-08-10 02:22:40,2026-08-10 05:51:52,3.49,0.38,3.86,13572.4,HYD-39,CMMS-SIM
F-001320,2026-08-20 01:00:00,20260820,LH-003,CMP-HYD,Hose burst,WO-002672,2026-08-20 01:20:54,2026-08-20 08:31:57,7.18,0.35,7.53,13657.3,HYD-52,CMMS-SIM
F-001321,2026-08-22 10:00:00,20260822,LH-003,CMP-ENG,Turbo fault,WO-002675,2026-08-22 10:49:54,2026-08-22 22:58:40,12.15,0.83,12.98,13676.0,ENG-87,CMMS-SIM
F-001322,2026-09-04 01:30:00,20260904,LH-003,CMP-HYD,Hose burst,WO-002678,2026-09-04 02:11:37,2026-09-04 06:51:24,4.66,0.69,5.36,13716.9,HYD-63,CMMS-SIM
F-001323,2025-10-04 20:30:00,20251004,LH-004,CMP-HYD,Valve block leak,WO-002683,2025-10-04 20:45:35,2025-10-04 22:43:59,1.97,0.26,2.23,8014.4,HYD-17,CMMS-SIM
F-001324,2025-10-06 03:30:00,20251006,LH-004,CMP-SVC,Service-related defect,WO-002684,2025-10-06 08:47:29,2025-10-06 11:35:01,2.79,5.29,8.08,8075.0,SVC-54,CMMS-SIM
F-001325,2025-10-06 22:00:00,20251006,LH-004,CMP-HYD,Hose burst,WO-002685,2025-10-06 22:59:04,2025-10-07 05:13:21,6.24,0.98,7.22,8164.5,HYD-56,CMMS-SIM
F-001326,2025-10-09 19:00:00,20251009,LH-004,CMP-ENG,Cooling issue,WO-002689,2025-10-09 23:28:38,2025-10-10 02:26:32,2.96,4.48,7.44,8191.4,ENG-58,CMMS-SIM
F-001327,2025-10-14 15:30:00,20251014,LH-004,CMP-ELE,Harness damage,WO-002690,2025-10-14 17:14:19,2025-10-14 21:42:25,4.47,1.74,6.21,8230.5,ELE-63,CMMS-SIM
F-001328,2025-10-15 22:30:00,20251015,LH-004,CMP-ELE,Starter fault,WO-002692,2025-10-15 23:48:39,2025-10-16 02:21:43,2.55,1.31,3.86,8274.7,ELE-13,CMMS-SIM
F-001329,2025-10-20 04:30:00,20251020,LH-004,CMP-ELE,Sensor failure,WO-002694,2025-10-20 05:12:02,2025-10-20 10:05:03,4.88,0.7,5.58,8302.9,ELE-41,CMMS-SIM
F-001330,2025-10-25 12:00:00,20251025,LH-004,CMP-TRN,Transmission shift fault,WO-002696,2025-10-25 13:08:31,2025-10-26 03:20:28,14.2,1.14,15.34,8319.0,TRN-47,CMMS-SIM
F-001331,2025-10-26 11:00:00,20251026,LH-004,CMP-HYD,Boom cylinder seal leak,WO-002697,2025-10-26 12:38:21,2025-10-26 17:28:34,4.84,1.64,6.48,8332.8,HYD-81,CMMS-SIM
F-001332,2025-10-29 11:30:00,20251029,LH-004,CMP-TYR,Track tension failure,WO-002701,2025-10-29 12:13:06,2025-10-29 15:15:48,3.05,0.72,3.76,8379.6,TYR-73,CMMS-SIM
F-001333,2025-10-30 15:30:00,20251030,LH-004,CMP-BRK,Brake pressure fault,WO-002702,2025-10-30 18:19:53,2025-10-30 23:25:35,5.09,2.83,7.93,8433.8,BRK-21,CMMS-SIM
F-001334,2025-10-30 21:00:00,20251030,LH-004,CMP-HYD,Boom cylinder seal leak,WO-002703,2025-10-30 22:10:52,2025-10-31 01:39:01,3.47,1.18,4.65,8514.5,HYD-33,CMMS-SIM
F-001335,2025-11-06 17:00:00,20251106,LH-004,CMP-ELE,Sensor failure,WO-002709,2025-11-06 19:06:39,2025-11-06 20:47:36,1.68,2.11,3.79,8581.9,ELE-79,CMMS-SIM
F-001336,2025-11-10 22:00:00,20251110,LH-004,CMP-HYD,Hose burst,WO-002710,2025-11-10 23:12:47,2025-11-11 02:41:11,3.47,1.21,4.69,8640.5,HYD-42,CMMS-SIM
F-001337,2025-11-12 23:00:00,20251112,LH-004,CMP-BRK,Brake wear alarm,WO-002711,2025-11-13 03:55:55,2025-11-13 09:53:24,5.96,4.93,10.89,8671.0,BRK-10,CMMS-SIM
F-001338,2025-11-17 17:30:00,20251117,LH-004,CMP-ELE,Lighting circuit fault,WO-002713,2025-11-17 18:02:29,2025-11-17 23:46:57,5.74,0.54,6.28,8692.8,ELE-62,CMMS-SIM
F-001339,2025-11-19 15:30:00,20251119,LH-004,CMP-HYD,Hose burst,WO-002715,2025-11-19 16:06:31,2025-11-19 23:16:35,7.17,0.61,7.78,8740.0,HYD-43,CMMS-SIM
F-001340,2025-11-20 21:00:00,20251120,LH-004,CMP-ELE,Lighting circuit fault,WO-002716,2025-11-21 00:49:09,2025-11-21 08:11:26,7.37,3.82,11.19,8768.6,ELE-49,CMMS-SIM
F-001341,2025-11-21 06:00:00,20251121,LH-004,CMP-ELE,Harness damage,WO-002717,2025-11-21 11:18:52,2025-11-21 18:26:55,7.13,5.31,12.45,8814.3,ELE-52,CMMS-SIM
F-001342,2025-11-25 12:00:00,20251125,LH-004,CMP-ELE,Lighting circuit fault,WO-002719,2025-11-25 14:59:22,2025-11-25 21:22:47,6.39,2.99,9.38,8839.0,ELE-16,CMMS-SIM
F-001343,2025-11-27 03:30:00,20251127,LH-004,CMP-ELE,Lighting circuit fault,WO-002720,2025-11-27 04:06:02,2025-11-27 12:22:08,8.27,0.6,8.87,8920.5,ELE-07,CMMS-SIM
F-001344,2025-11-30 00:00:00,20251130,LH-004,CMP-HYD,Main pump failure,WO-002724,2025-11-30 00:52:44,2025-11-30 08:40:18,7.79,0.88,8.67,8955.6,HYD-32,CMMS-SIM
F-001345,2025-11-30 19:00:00,20251130,LH-004,CMP-BRK,Brake wear alarm,WO-002725,2025-11-30 20:06:21,2025-12-01 04:15:16,8.15,1.11,9.25,8989.1,BRK-50,CMMS-SIM
F-001346,2025-12-08 11:30:00,20251208,LH-004,CMP-ENG,Turbo fault,WO-002730,2025-12-08 12:54:58,2025-12-08 18:21:26,5.44,1.42,6.86,9048.6,ENG-68,CMMS-SIM
F-001347,2025-12-10 07:30:00,20251210,LH-004,CMP-HYD,Main pump failure,WO-002731,2025-12-10 08:42:01,2025-12-10 16:58:13,8.27,1.2,9.47,9073.8,HYD-96,CMMS-SIM
F-001348,2025-12-19 12:00:00,20251219,LH-004,CMP-HYD,Valve block leak,WO-002735,2025-12-19 14:30:02,2025-12-20 00:45:07,10.25,2.5,12.75,9160.9,HYD-11,CMMS-SIM
F-001349,2025-12-21 15:00:00,20251221,LH-004,CMP-OTH,Other mechanical fault,WO-002736,2025-12-21 18:39:18,2025-12-22 15:46:14,21.12,3.66,24.77,9190.6,OTH-61,CMMS-SIM
F-001350,2025-12-23 04:30:00,20251223,LH-004,CMP-HYD,Valve block leak,WO-002737,2025-12-23 05:36:41,2025-12-23 10:05:13,4.48,1.11,5.59,9237.9,HYD-94,CMMS-SIM
F-001351,2025-12-28 00:00:00,20251228,LH-004,CMP-ELE,Harness damage,WO-002739,2025-12-28 01:14:57,2025-12-28 07:22:33,6.13,1.25,7.38,9306.1,ELE-58,CMMS-SIM
F-001352,2026-01-01 13:00:00,20260101,LH-004,CMP-HYD,Main pump failure,WO-002742,2026-01-01 16:02:17,2026-01-01 23:33:47,7.53,3.04,10.56,9363.7,HYD-70,CMMS-SIM
F-001353,2026-01-02 05:00:00,20260102,LH-004,CMP-TYR,Sidewall damage,WO-002743,2026-01-02 06:47:45,2026-01-02 12:53:26,6.09,1.8,7.89,9380.6,TYR-59,CMMS-SIM
F-001354,2026-01-03 19:30:00,20260103,LH-004,CMP-HYD,Hose burst,WO-002744,2026-01-03 19:39:05,2026-01-04 02:15:40,6.61,0.15,6.76,9393.6,HYD-74,CMMS-SIM
F-001355,2026-01-08 02:00:00,20260108,LH-004,CMP-HYD,Hose burst,WO-002746,2026-01-08 02:08:58,2026-01-08 05:01:25,2.87,0.15,3.02,9425.3,HYD-66,CMMS-SIM
F-001356,2026-01-09 05:30:00,20260109,LH-004,CMP-ELE,Lighting circuit fault,WO-002748,2026-01-09 06:30:11,2026-01-09 21:03:22,14.55,1.0,15.56,9501.1,ELE-15,CMMS-SIM
F-001357,2026-01-11 12:00:00,20260111,LH-004,CMP-ELE,Lighting circuit fault,WO-002751,2026-01-11 12:44:04,2026-01-11 13:57:30,1.22,0.73,1.96,9529.6,ELE-03,CMMS-SIM
F-001358,2026-01-12 03:30:00,20260112,LH-004,CMP-HYD,Boom cylinder seal leak,WO-002753,2026-01-12 06:34:28,2026-01-12 11:53:40,5.32,3.07,8.39,9547.2,HYD-93,CMMS-SIM
F-001359,2026-01-12 17:00:00,20260112,LH-004,CMP-HYD,Boom cylinder seal leak,WO-002754,2026-01-12 17:46:12,2026-01-12 23:39:25,5.89,0.77,6.66,9601.5,HYD-76,CMMS-SIM
F-001360,2026-01-14 02:30:00,20260114,LH-004,CMP-ELE,Starter fault,WO-002756,2026-01-14 04:38:33,2026-01-14 06:18:41,1.67,2.14,3.81,9624.7,ELE-43,CMMS-SIM
F-001361,2026-01-16 18:30:00,20260116,LH-004,CMP-ELE,Harness damage,WO-002758,2026-01-16 20:32:58,2026-01-17 05:29:00,8.93,2.05,10.98,9681.3,ELE-54,CMMS-SIM
F-001362,2026-01-21 09:30:00,20260121,LH-004,CMP-HYD,Valve block leak,WO-002761,2026-01-21 10:02:12,2026-01-21 15:38:59,5.61,0.54,6.15,9725.0,HYD-51,CMMS-SIM
F-001363,2026-01-22 02:30:00,20260122,LH-004,CMP-ELE,Lighting circuit fault,WO-002762,2026-01-22 02:58:20,2026-01-22 06:06:56,3.14,0.47,3.62,9780.8,ELE-15,CMMS-SIM
F-001364,2026-01-24 13:00:00,20260124,LH-004,CMP-TYR,Tyre change,WO-002765,2026-01-24 15:14:52,2026-01-24 17:31:28,2.28,2.25,4.52,9863.7,TYR-45,CMMS-SIM
F-001365,2026-01-24 21:30:00,20260124,LH-004,CMP-ELE,Starter fault,WO-002767,2026-01-24 22:24:46,2026-01-25 00:39:30,2.25,0.91,3.16,9938.3,ELE-79,CMMS-SIM
F-001366,2026-01-30 04:00:00,20260130,LH-004,CMP-BRK,Brake pressure fault,WO-002771,2026-01-30 04:57:00,2026-01-30 10:18:52,5.36,0.95,6.31,9948.7,BRK-18,CMMS-SIM
F-001367,2026-02-16 10:00:00,20260216,LH-004,CMP-ELE,Lighting circuit fault,WO-002780,2026-02-16 11:23:53,2026-02-16 14:44:25,3.34,1.4,4.74,10015.1,ELE-99,CMMS-SIM
F-001368,2026-02-17 09:00:00,20260217,LH-004,CMP-ELE,Harness damage,WO-002781,2026-02-17 10:09:34,2026-02-17 11:17:38,1.13,1.16,2.29,10092.0,ELE-15,CMMS-SIM
F-001369,2026-02-21 06:30:00,20260221,LH-004,CMP-TYR,Tyre change,WO-002785,2026-02-21 08:27:56,2026-02-21 14:30:38,6.04,1.97,8.01,10175.7,TYR-40,CMMS-SIM
F-001370,2026-02-26 12:30:00,20260226,LH-004,CMP-HYD,Hose burst,WO-002788,2026-02-26 13:29:50,2026-02-26 17:41:24,4.19,1.0,5.19,10191.7,HYD-34,CMMS-SIM
F-001371,2026-02-27 14:00:00,20260227,LH-004,CMP-OTH,Other mechanical fault,WO-002789,2026-02-27 16:01:19,2026-02-27 19:44:55,3.73,2.02,5.75,10272.0,OTH-82,CMMS-SIM
F-001372,2026-03-01 14:00:00,20260301,LH-004,CMP-HYD,Boom cylinder seal leak,WO-002791,2026-03-01 14:02:45,2026-03-01 16:19:35,2.28,0.05,2.33,10336.0,HYD-68,CMMS-SIM
F-001373,2026-03-02 04:00:00,20260302,LH-004,CMP-TYR,Track tension failure,WO-002792,2026-03-02 05:29:21,2026-03-02 19:27:04,13.96,1.49,15.45,10399.5,TYR-18,CMMS-SIM
F-001374,2026-03-06 14:00:00,20260306,LH-004,CMP-TYR,Sidewall damage,WO-002793,2026-03-06 16:27:46,2026-03-06 23:17:23,6.83,2.46,9.29,10443.0,TYR-16,CMMS-SIM
F-001375,2026-03-12 13:30:00,20260312,LH-004,CMP-HYD,Hose burst,WO-002798,2026-03-12 14:36:56,2026-03-12 17:03:00,2.43,1.12,3.55,10495.9,HYD-48,CMMS-SIM
F-001376,2026-03-13 00:00:00,20260313,LH-004,CMP-HYD,Valve block leak,WO-002799,2026-03-13 01:41:58,2026-03-13 04:33:39,2.86,1.7,4.56,10528.7,HYD-58,CMMS-SIM
F-001377,2026-03-16 17:30:00,20260316,LH-004,CMP-ELE,Lighting circuit fault,WO-002801,2026-03-16 19:13:11,2026-03-16 21:48:47,2.59,1.72,4.31,10583.4,ELE-87,CMMS-SIM
F-001378,2026-03-21 12:30:00,20260321,LH-004,CMP-TRN,Transmission shift fault,WO-002808,2026-03-21 16:06:39,2026-03-21 23:02:06,6.92,3.61,10.54,10623.4,TRN-62,CMMS-SIM
F-001379,2026-03-22 07:30:00,20260322,LH-004,CMP-BRK,Brake wear alarm,WO-002809,2026-03-22 09:05:14,2026-03-22 16:28:18,7.38,1.59,8.97,10643.9,BRK-03,CMMS-SIM
F-001380,2026-03-27 05:00:00,20260327,LH-004,CMP-BRK,Brake pressure fault,WO-002811,2026-03-27 06:10:56,2026-03-27 11:25:02,5.23,1.18,6.42,10733.2,BRK-28,CMMS-SIM
F-001381,2026-03-27 15:30:00,20260327,LH-004,CMP-TYR,Track tension failure,WO-002812,2026-03-27 16:17:21,2026-03-27 19:42:00,3.41,0.79,4.2,10776.7,TYR-81,CMMS-SIM
F-001382,2026-03-30 13:30:00,20260330,LH-004,CMP-HYD,Valve block leak,WO-002815,2026-03-30 17:28:01,2026-03-31 01:27:34,7.99,3.97,11.96,10859.0,HYD-16,CMMS-SIM
F-001383,2026-04-01 19:00:00,20260401,LH-004,CMP-ELE,Harness damage,WO-002819,2026-04-01 20:22:31,2026-04-02 00:47:58,4.42,1.38,5.8,10919.9,ELE-14,CMMS-SIM
F-001384,2026-04-02 13:30:00,20260402,LH-004,CMP-HYD,Hose burst,WO-002820,2026-04-02 13:58:43,2026-04-02 20:08:24,6.16,0.48,6.64,10997.3,HYD-37,CMMS-SIM
F-001385,2026-04-03 09:00:00,20260403,LH-004,CMP-ELE,Sensor failure,WO-002821,2026-04-03 09:47:34,2026-04-03 13:12:36,3.42,0.79,4.21,11027.2,ELE-95,CMMS-SIM
F-001386,2026-04-04 13:00:00,20260404,LH-004,CMP-HYD,Boom cylinder seal leak,WO-002822,2026-04-04 14:49:59,2026-04-04 22:53:52,8.06,1.83,9.9,11100.6,HYD-46,CMMS-SIM
F-001387,2026-04-06 23:30:00,20260406,LH-004,CMP-HYD,Hose burst,WO-002823,2026-04-07 02:02:01,2026-04-07 03:58:29,1.94,2.53,4.47,11151.1,HYD-84,CMMS-SIM
F-001388,2026-04-07 23:30:00,20260407,LH-004,CMP-ELE,Sensor failure,WO-002825,2026-04-07 23:57:14,2026-04-08 08:47:04,8.83,0.45,9.28,11185.0,ELE-32,CMMS-SIM
F-001389,2026-04-08 09:30:00,20260408,LH-004,CMP-ELE,Harness damage,WO-002826,2026-04-08 09:38:45,2026-04-08 10:59:39,1.35,0.15,1.49,11261.4,ELE-56,CMMS-SIM
F-001390,2026-04-14 01:00:00,20260414,LH-004,CMP-HYD,Main pump failure,WO-002828,2026-04-14 03:42:17,2026-04-14 09:36:13,5.9,2.7,8.6,11306.6,HYD-17,CMMS-SIM
F-001391,2026-04-16 01:00:00,20260416,LH-004,CMP-HYD,Hose burst,WO-002829,2026-04-16 06:14:08,2026-04-16 09:11:39,2.96,5.24,8.19,11332.2,HYD-42,CMMS-SIM
F-001392,2026-04-18 22:30:00,20260418,LH-004,CMP-TYR,Sidewall damage,WO-002831,2026-04-18 23:11:39,2026-04-19 04:56:52,5.75,0.69,6.45,11366.1,TYR-46,CMMS-SIM
F-001393,2026-04-19 15:00:00,20260419,LH-004,CMP-HYD,Valve block leak,WO-002832,2026-04-19 15:05:43,2026-04-20 00:37:23,9.53,0.1,9.62,11425.5,HYD-21,CMMS-SIM
F-001394,2026-04-20 20:00:00,20260420,LH-004,CMP-HYD,Main pump failure,WO-002833,2026-04-20 22:56:19,2026-04-21 07:50:30,8.9,2.94,11.84,11502.4,HYD-20,CMMS-SIM
F-001395,2026-04-21 08:00:00,20260421,LH-004,CMP-HYD,Valve block leak,WO-002834,2026-04-21 08:48:25,2026-04-21 13:02:50,4.24,0.81,5.05,11519.3,HYD-40,CMMS-SIM
F-001396,2026-04-23 14:00:00,20260423,LH-004,CMP-HYD,Valve block leak,WO-002836,2026-04-23 15:32:41,2026-04-23 22:11:19,6.64,1.54,8.19,11557.9,HYD-95,CMMS-SIM
F-001397,2026-05-02 19:00:00,20260502,LH-004,CMP-ELE,Sensor failure,WO-002841,2026-05-02 21:09:09,2026-05-03 06:58:27,9.82,2.15,11.97,11598.4,ELE-15,CMMS-SIM
F-001398,2026-05-03 11:30:00,20260503,LH-004,CMP-TYR,Sidewall damage,WO-002842,2026-05-03 13:20:50,2026-05-03 14:59:00,1.64,1.85,3.48,11658.0,TYR-66,CMMS-SIM
F-001399,2026-05-11 20:30:00,20260511,LH-004,CMP-ELE,Harness damage,WO-002850,2026-05-11 22:44:06,2026-05-12 07:58:37,9.24,2.24,11.48,11729.6,ELE-99,CMMS-SIM
F-001400,2026-05-21 01:30:00,20260521,LH-004,CMP-TYR,Sidewall damage,WO-002854,2026-05-21 02:55:42,2026-05-21 07:39:30,4.73,1.43,6.16,11780.8,TYR-72,CMMS-SIM
F-001401,2026-05-24 02:00:00,20260524,LH-004,CMP-ENG,Turbo fault,WO-002855,2026-05-24 02:35:14,2026-05-24 04:34:52,1.99,0.59,2.58,11838.5,ENG-46,CMMS-SIM
F-001402,2026-05-29 09:00:00,20260529,LH-004,CMP-TYR,Track tension failure,WO-002857,2026-05-29 11:04:25,2026-05-29 16:37:01,5.54,2.07,7.62,11850.3,TYR-87,CMMS-SIM
F-001403,2026-05-30 17:00:00,20260530,LH-004,CMP-BRK,Brake wear alarm,WO-002859,2026-05-30 19:59:43,2026-05-31 06:44:13,10.74,3.0,13.74,11897.0,BRK-22,CMMS-SIM
F-001404,2026-06-12 15:00:00,20260612,LH-004,CMP-SVC,Service-related defect,WO-002864,2026-06-12 15:58:08,2026-06-12 21:01:51,5.06,0.97,6.03,11908.6,SVC-67,CMMS-SIM
F-001405,2026-06-15 06:00:00,20260615,LH-004,CMP-HYD,Boom cylinder seal leak,WO-002865,2026-06-15 08:39:10,2026-06-15 14:34:26,5.92,2.65,8.57,11992.1,HYD-92,CMMS-SIM
F-001406,2026-06-15 21:00:00,20260615,LH-004,CMP-ELE,Sensor failure,WO-002866,2026-06-15 22:03:37,2026-06-16 10:36:40,12.55,1.06,13.61,12019.4,ELE-08,CMMS-SIM
F-001407,2026-06-17 13:00:00,20260617,LH-004,CMP-HYD,Valve block leak,WO-002868,2026-06-17 14:14:01,2026-06-17 17:46:35,3.54,1.23,4.78,12063.4,HYD-68,CMMS-SIM
F-001408,2026-06-24 16:30:00,20260624,LH-004,CMP-HYD,Hose burst,WO-002870,2026-06-24 17:52:00,2026-06-25 01:40:10,7.8,1.37,9.17,12093.1,HYD-20,CMMS-SIM
F-001409,2026-06-24 20:00:00,20260624,LH-004,CMP-HYD,Main pump failure,WO-002871,2026-06-24 20:07:48,2026-06-24 22:30:57,2.39,0.13,2.52,12150.9,HYD-76,CMMS-SIM
F-001410,2026-06-29 22:00:00,20260629,LH-004,CMP-BRK,Brake wear alarm,WO-002872,2026-06-30 00:24:53,2026-06-30 04:02:47,3.63,2.41,6.05,12209.5,BRK-31,CMMS-SIM
F-001411,2026-07-02 12:00:00,20260702,LH-004,CMP-ENG,Fuel system fault,WO-002873,2026-07-02 13:19:22,2026-07-02 22:43:45,9.41,1.32,10.73,12266.0,ENG-63,CMMS-SIM
F-001412,2026-07-03 05:30:00,20260703,LH-004,CMP-HYD,Boom cylinder seal leak,WO-002874,2026-07-03 05:52:49,2026-07-03 08:24:22,2.53,0.38,2.91,12318.3,HYD-42,CMMS-SIM
F-001413,2026-07-04 17:30:00,20260704,LH-004,CMP-ELE,Harness damage,WO-002876,2026-07-04 19:07:02,2026-07-05 01:14:23,6.12,1.62,7.74,12367.5,ELE-47,CMMS-SIM
F-001414,2026-07-05 22:00:00,20260705,LH-004,CMP-HYD,Valve block leak,WO-002877,2026-07-05 22:55:30,2026-07-06 01:20:14,2.41,0.93,3.34,12385.3,HYD-64,CMMS-SIM
F-001415,2026-07-08 21:00:00,20260708,LH-004,CMP-TYR,Sidewall damage,WO-002879,2026-07-08 22:40:24,2026-07-09 10:36:20,11.93,1.67,13.61,12397.0,TYR-05,CMMS-SIM
F-001416,2026-07-11 23:30:00,20260711,LH-004,CMP-ELE,Sensor failure,WO-002881,2026-07-12 00:05:28,2026-07-12 07:33:16,7.46,0.59,8.05,12407.2,ELE-52,CMMS-SIM
F-001417,2026-07-16 22:00:00,20260716,LH-004,CMP-TYR,Track tension failure,WO-002883,2026-07-17 00:44:16,2026-07-17 06:31:19,5.78,2.74,8.52,12426.9,TYR-99,CMMS-SIM
F-001418,2026-07-19 22:30:00,20260719,LH-004,CMP-TYR,Track tension failure,WO-002884,2026-07-19 23:07:12,2026-07-20 08:23:19,9.27,0.62,9.89,12444.3,TYR-15,CMMS-SIM
F-001419,2026-07-21 04:30:00,20260721,LH-004,CMP-TYR,Track tension failure,WO-002885,2026-07-21 04:30:30,2026-07-21 06:44:19,2.23,0.01,2.24,12480.4,TYR-84,CMMS-SIM
F-001420,2026-07-22 19:00:00,20260722,LH-004,CMP-ELE,Harness damage,WO-002886,2026-07-22 20:42:46,2026-07-23 02:18:07,5.59,1.71,7.3,12492.6,ELE-04,CMMS-SIM
F-001421,2026-07-25 12:00:00,20260725,LH-004,CMP-TYR,Track tension failure,WO-002887,2026-07-25 13:13:25,2026-07-25 20:01:44,6.81,1.22,8.03,12558.3,TYR-66,CMMS-SIM
F-001422,2026-07-25 19:00:00,20260725,LH-004,CMP-TYR,Sidewall damage,WO-002888,2026-07-25 20:00:43,2026-07-26 06:11:08,10.17,1.01,11.19,12571.2,TYR-21,CMMS-SIM
F-001423,2026-07-30 15:30:00,20260730,LH-004,CMP-ELE,Sensor failure,WO-002889,2026-07-30 16:55:58,2026-07-30 22:00:01,5.07,1.43,6.5,12634.4,ELE-53,CMMS-SIM
F-001424,2026-08-02 01:00:00,20260802,LH-004,CMP-HYD,Valve block leak,WO-002890,2026-08-02 01:48:17,2026-08-02 06:30:17,4.7,0.8,5.5,12700.5,HYD-24,CMMS-SIM
F-001425,2026-08-04 13:30:00,20260804,LH-004,CMP-TYR,Track tension failure,WO-002892,2026-08-04 16:34:54,2026-08-04 18:42:35,2.13,3.08,5.21,12726.9,TYR-76,CMMS-SIM
F-001426,2026-08-05 04:00:00,20260805,LH-004,CMP-ELE,Lighting circuit fault,WO-002893,2026-08-05 04:31:16,2026-08-05 07:01:22,2.5,0.52,3.02,12803.1,ELE-90,CMMS-SIM
F-001427,2026-08-21 12:00:00,20260821,LH-004,CMP-TRN,Torque converter issue,WO-002900,2026-08-21 14:24:08,2026-08-21 16:34:00,2.16,2.4,4.57,12851.5,TRN-49,CMMS-SIM
F-001428,2026-08-23 07:00:00,20260823,LH-004,CMP-TYR,Sidewall damage,WO-002901,2026-08-23 09:46:00,2026-08-23 20:00:44,10.25,2.77,13.01,12923.7,TYR-95,CMMS-SIM
F-001429,2026-09-03 17:30:00,20260903,LH-004,CMP-ELE,Harness damage,WO-002904,2026-09-03 18:29:01,2026-09-04 04:42:20,10.22,0.98,11.21,12939.2,ELE-05,CMMS-SIM
F-001430,2026-09-07 19:00:00,20260907,LH-004,CMP-TYR,Sidewall damage,WO-002905,2026-09-08 00:13:43,2026-09-08 06:00:07,5.77,5.23,11.0,12989.1,TYR-77,CMMS-SIM
F-001431,2026-09-10 19:00:00,20260910,LH-004,CMP-TYR,Track tension failure,WO-002906,2026-09-10 20:18:43,2026-09-11 05:12:47,8.9,1.31,10.21,13054.3,TYR-16,CMMS-SIM
F-001432,2026-09-12 23:30:00,20260912,LH-004,CMP-ELE,Lighting circuit fault,WO-002907,2026-09-13 00:21:51,2026-09-13 04:29:26,4.13,0.86,4.99,13099.9,ELE-66,CMMS-SIM
F-001433,2025-10-05 01:30:00,20251005,LH-005,CMP-HYD,Hose burst,WO-002911,2025-10-05 01:42:17,2025-10-05 09:36:24,7.9,0.2,8.11,8079.1,HYD-16,CMMS-SIM
F-001434,2025-10-05 16:30:00,20251005,LH-005,CMP-BRK,Brake wear alarm,WO-002913,2025-10-05 18:32:33,2025-10-05 23:12:42,4.67,2.04,6.71,8167.5,BRK-63,CMMS-SIM
F-001435,2025-10-07 00:00:00,20251007,LH-005,CMP-ELE,Starter fault,WO-002915,2025-10-07 00:13:47,2025-10-07 06:10:04,5.94,0.23,6.17,8193.7,ELE-82,CMMS-SIM
F-001436,2025-10-08 00:30:00,20251008,LH-005,CMP-BRK,Brake wear alarm,WO-002916,2025-10-08 00:55:00,2025-10-08 11:31:54,10.62,0.42,11.03,8254.2,BRK-62,CMMS-SIM
F-001437,2025-10-13 02:30:00,20251013,LH-005,CMP-ELE,Lighting circuit fault,WO-002917,2025-10-13 03:03:03,2025-10-13 07:55:18,4.87,0.55,5.42,8291.8,ELE-41,CMMS-SIM
F-001438,2025-10-13 23:30:00,20251013,LH-005,CMP-OTH,Other mechanical fault,WO-002918,2025-10-14 02:41:36,2025-10-14 05:35:50,2.9,3.19,6.1,8366.5,OTH-31,CMMS-SIM
F-001439,2025-10-20 16:30:00,20251020,LH-005,CMP-ELE,Starter fault,WO-002923,2025-10-20 16:45:15,2025-10-20 19:22:50,2.63,0.25,2.88,8455.2,ELE-39,CMMS-SIM
F-001440,2025-10-23 12:30:00,20251023,LH-005,CMP-HYD,Valve block leak,WO-002924,2025-10-23 13:34:01,2025-10-23 22:20:28,8.77,1.07,9.84,8491.6,HYD-87,CMMS-SIM
F-001441,2025-10-27 20:00:00,20251027,LH-005,CMP-ELE,Harness damage,WO-002930,2025-10-27 21:19:57,2025-10-28 04:04:10,6.74,1.33,8.07,8545.3,ELE-40,CMMS-SIM
F-001442,2025-11-04 00:00:00,20251104,LH-005,CMP-HYD,Hose burst,WO-002934,2025-11-04 02:07:18,2025-11-04 06:00:19,3.88,2.12,6.01,8582.6,HYD-81,CMMS-SIM
F-001443,2025-11-09 00:00:00,20251109,LH-005,CMP-HYD,Boom cylinder seal leak,WO-002938,2025-11-09 00:39:28,2025-11-09 15:07:17,14.46,0.66,15.12,8669.8,HYD-59,CMMS-SIM
F-001444,2025-11-10 00:30:00,20251110,LH-005,CMP-ELE,Sensor failure,WO-002939,2025-11-10 05:42:21,2025-11-10 13:17:11,7.58,5.21,12.79,8684.9,ELE-74,CMMS-SIM
F-001445,2025-11-11 23:30:00,20251111,LH-005,CMP-HYD,Boom cylinder seal leak,WO-002943,2025-11-12 00:23:42,2025-11-12 05:09:30,4.76,0.9,5.66,8742.6,HYD-83,CMMS-SIM
F-001446,2025-11-14 15:30:00,20251114,LH-005,CMP-HYD,Valve block leak,WO-002944,2025-11-14 18:46:03,2025-11-14 22:17:00,3.52,3.27,6.78,8783.4,HYD-88,CMMS-SIM
F-001447,2025-11-16 01:30:00,20251116,LH-005,CMP-TYR,Tyre change,WO-002945,2025-11-16 02:14:35,2025-11-16 07:03:45,4.82,0.74,5.56,8854.9,TYR-86,CMMS-SIM
F-001448,2025-11-17 17:30:00,20251117,LH-005,CMP-ELE,Harness damage,WO-002946,2025-11-17 18:51:43,2025-11-17 21:04:29,2.21,1.36,3.57,8920.2,ELE-27,CMMS-SIM
F-001449,2025-11-26 12:30:00,20251126,LH-005,CMP-ELE,Harness damage,WO-002954,2025-11-26 14:14:55,2025-11-26 21:12:01,6.95,1.75,8.7,8953.7,ELE-21,CMMS-SIM
F-001450,2025-11-29 07:30:00,20251129,LH-005,CMP-HYD,Boom cylinder seal leak,WO-002956,2025-11-29 10:09:15,2025-11-29 17:23:08,7.23,2.65,9.89,8977.4,HYD-25,CMMS-SIM
F-001451,2025-11-30 03:00:00,20251130,LH-005,CMP-HYD,Hose burst,WO-002957,2025-11-30 03:24:49,2025-11-30 06:39:20,3.24,0.41,3.66,9003.2,HYD-14,CMMS-SIM
F-001452,2025-11-30 09:00:00,20251130,LH-005,CMP-ENG,Fuel system fault,WO-002958,2025-11-30 11:06:33,2025-12-01 04:21:07,17.24,2.11,19.35,9076.2,ENG-28,CMMS-SIM
F-001453,2025-12-02 12:00:00,20251202,LH-005,CMP-HYD,Hose burst,WO-002959,2025-12-02 12:03:21,2025-12-02 15:28:37,3.42,0.06,3.48,9157.9,HYD-46,CMMS-SIM
F-001454,2025-12-10 00:30:00,20251210,LH-005,CMP-HYD,Valve block leak,WO-002964,2025-12-10 01:51:25,2025-12-10 05:31:27,3.67,1.36,5.02,9173.0,HYD-59,CMMS-SIM
F-001455,2025-12-10 13:00:00,20251210,LH-005,CMP-HYD,Valve block leak,WO-002965,2025-12-10 14:13:50,2025-12-10 20:34:11,6.34,1.23,7.57,9216.9,HYD-07,CMMS-SIM
F-001456,2025-12-14 03:30:00,20251214,LH-005,CMP-OTH,Other mechanical fault,WO-002968,2025-12-14 04:58:34,2025-12-14 06:48:52,1.84,1.48,3.31,9248.7,OTH-51,CMMS-SIM
F-001457,2025-12-15 17:30:00,20251215,LH-005,CMP-HYD,Main pump failure,WO-002969,2025-12-15 21:10:27,2025-12-16 02:06:42,4.94,3.67,8.61,9305.6,HYD-03,CMMS-SIM
F-001458,2025-12-17 03:30:00,20251217,LH-005,CMP-HYD,Hose burst,WO-002972,2025-12-17 03:32:32,2025-12-17 09:09:30,5.62,0.04,5.66,9350.4,HYD-16,CMMS-SIM
F-001459,2025-12-18 04:30:00,20251218,LH-005,CMP-HYD,Boom cylinder seal leak,WO-002973,2025-12-18 08:37:50,2025-12-18 17:34:34,8.95,4.13,13.08,9419.7,HYD-19,CMMS-SIM
F-001460,2025-12-21 18:30:00,20251221,LH-005,CMP-ELE,Starter fault,WO-002976,2025-12-21 19:46:47,2025-12-22 01:55:04,6.14,1.28,7.42,9435.0,ELE-99,CMMS-SIM
F-001461,2025-12-24 22:30:00,20251224,LH-005,CMP-HYD,Hose burst,WO-002977,2025-12-24 23:48:30,2025-12-25 10:31:45,10.72,1.31,12.03,9492.4,HYD-55,CMMS-SIM
F-001462,2025-12-25 11:30:00,20251225,LH-005,CMP-HYD,Hose burst,WO-002978,2025-12-25 14:56:44,2025-12-25 18:46:58,3.84,3.45,7.28,9535.0,HYD-52,CMMS-SIM
F-001463,2025-12-29 22:00:00,20251229,LH-005,CMP-HYD,Valve block leak,WO-002981,2025-12-29 23:28:50,2025-12-30 08:29:13,9.01,1.48,10.49,9568.8,HYD-53,CMMS-SIM
F-001464,2025-12-30 21:00:00,20251230,LH-005,CMP-ELE,Harness damage,WO-002982,2025-12-30 21:33:50,2025-12-31 03:29:21,5.93,0.56,6.49,9586.1,ELE-15,CMMS-SIM
F-001465,2026-01-06 06:00:00,20260106,LH-005,CMP-HYD,Valve block leak,WO-002986,2026-01-06 10:23:48,2026-01-06 17:42:09,7.31,4.4,11.7,9661.8,HYD-86,CMMS-SIM
F-001466,2026-01-08 17:30:00,20260108,LH-005,CMP-ELE,Lighting circuit fault,WO-002988,2026-01-08 20:11:59,2026-01-09 00:57:06,4.75,2.7,7.45,9680.0,ELE-72,CMMS-SIM
F-001467,2026-01-11 08:00:00,20260111,LH-005,CMP-HYD,Hose burst,WO-002989,2026-01-11 11:14:31,2026-01-11 13:42:44,2.47,3.24,5.71,9693.4,HYD-52,CMMS-SIM
F-001468,2026-01-17 19:00:00,20260117,LH-005,CMP-TYR,Sidewall damage,WO-002994,2026-01-17 19:06:00,2026-01-18 03:16:22,8.17,0.1,8.27,9734.6,TYR-57,CMMS-SIM
F-001469,2026-01-17 23:00:00,20260117,LH-005,CMP-ELE,Starter fault,WO-002995,2026-01-17 23:34:30,2026-01-18 00:57:10,1.38,0.58,1.95,9810.0,ELE-03,CMMS-SIM
F-001470,2026-01-19 03:30:00,20260119,LH-005,CMP-HYD,Valve block leak,WO-002997,2026-01-19 03:42:00,2026-01-19 07:47:32,4.09,0.2,4.29,9866.3,HYD-79,CMMS-SIM
F-001471,2026-01-20 15:00:00,20260120,LH-005,CMP-HYD,Valve block leak,WO-002998,2026-01-20 15:34:46,2026-01-20 21:34:08,5.99,0.58,6.57,9953.3,HYD-45,CMMS-SIM
F-001472,2026-01-21 21:00:00,20260121,LH-005,CMP-TYR,Tyre change,WO-002999,2026-01-21 21:51:47,2026-01-22 01:28:15,3.61,0.86,4.47,10014.3,TYR-88,CMMS-SIM
F-001473,2026-01-25 07:30:00,20260125,LH-005,CMP-ENG,Cooling issue,WO-003000,2026-01-25 09:37:31,2026-01-26 04:33:27,18.93,2.13,21.06,10077.8,ENG-09,CMMS-SIM
F-001474,2026-01-25 18:00:00,20260125,LH-005,CMP-HYD,Main pump failure,WO-003001,2026-01-25 18:03:27,2026-01-25 21:42:18,3.65,0.06,3.71,10136.8,HYD-07,CMMS-SIM
F-001475,2026-01-27 06:00:00,20260127,LH-005,CMP-ENG,Fuel system fault,WO-003003,2026-01-27 09:05:25,2026-01-27 18:21:01,9.26,3.09,12.35,10176.4,ENG-24,CMMS-SIM
F-001476,2026-01-29 11:30:00,20260129,LH-005,CMP-OTH,Other mechanical fault,WO-003004,2026-01-29 12:15:25,2026-01-30 05:26:49,17.19,0.76,17.95,10189.8,OTH-65,CMMS-SIM
F-001477,2026-01-30 22:30:00,20260130,LH-005,CMP-HYD,Hose burst,WO-003006,2026-01-31 01:14:11,2026-01-31 03:20:56,2.11,2.74,4.85,10206.1,HYD-43,CMMS-SIM
F-001478,2026-02-01 16:30:00,20260201,LH-005,CMP-ELE,Harness damage,WO-003008,2026-02-01 17:04:55,2026-02-02 05:35:29,12.51,0.58,13.09,10249.4,ELE-49,CMMS-SIM
F-001479,2026-02-03 12:30:00,20260203,LH-005,CMP-HYD,Valve block leak,WO-003009,2026-02-03 14:02:11,2026-02-03 21:44:46,7.71,1.54,9.25,10287.1,HYD-96,CMMS-SIM
F-001480,2026-02-08 20:00:00,20260208,LH-005,CMP-HYD,Hose burst,WO-003013,2026-02-08 22:53:28,2026-02-09 07:48:37,8.92,2.89,11.81,10318.2,HYD-56,CMMS-SIM
F-001481,2026-02-11 23:00:00,20260211,LH-005,CMP-ENG,Cooling issue,WO-003017,2026-02-11 23:31:59,2026-02-12 01:58:17,2.44,0.53,2.97,10348.5,ENG-74,CMMS-SIM
F-001482,2026-02-16 06:30:00,20260216,LH-005,CMP-ELE,Lighting circuit fault,WO-003019,2026-02-16 08:15:10,2026-02-16 09:46:05,1.52,1.75,3.27,10422.6,ELE-33,CMMS-SIM
F-001483,2026-02-16 17:00:00,20260216,LH-005,CMP-HYD,Valve block leak,WO-003020,2026-02-16 19:10:18,2026-02-16 22:45:49,3.59,2.17,5.76,10489.2,HYD-05,CMMS-SIM
F-001484,2026-02-28 04:30:00,20260228,LH-005,CMP-BRK,Brake wear alarm,WO-003026,2026-02-28 07:15:36,2026-02-28 16:54:12,9.64,2.76,12.4,10552.7,BRK-88,CMMS-SIM
F-001485,2026-03-03 09:00:00,20260303,LH-005,CMP-TYR,Tyre change,WO-003028,2026-03-03 11:55:48,2026-03-03 14:26:24,2.51,2.93,5.44,10620.9,TYR-93,CMMS-SIM
F-001486,2026-03-05 19:30:00,20260305,LH-005,CMP-HYD,Main pump failure,WO-003031,2026-03-05 20:19:55,2026-03-06 08:38:50,12.32,0.83,13.15,10699.6,HYD-89,CMMS-SIM
F-001487,2026-03-06 00:00:00,20260306,LH-005,CMP-ENG,Fuel system fault,WO-003032,2026-03-06 04:49:27,2026-03-06 06:17:53,1.47,4.82,6.3,10732.7,ENG-57,CMMS-SIM
F-001488,2026-03-11 20:30:00,20260311,LH-005,CMP-ELE,Starter fault,WO-003035,2026-03-12 02:46:13,2026-03-12 05:21:24,2.59,6.27,8.86,10782.6,ELE-14,CMMS-SIM
F-001489,2026-03-14 04:30:00,20260314,LH-005,CMP-HYD,Hose burst,WO-003036,2026-03-14 05:38:31,2026-03-14 12:05:30,6.45,1.14,7.59,10859.5,HYD-49,CMMS-SIM
F-001490,2026-03-14 18:30:00,20260314,LH-005,CMP-SVC,Service-related defect,WO-003038,2026-03-14 18:49:30,2026-03-15 01:15:40,6.44,0.33,6.76,10883.1,SVC-02,CMMS-SIM
F-001491,2026-03-15 03:30:00,20260315,LH-005,CMP-BRK,Brake pressure fault,WO-003039,2026-03-15 04:42:27,2026-03-15 12:23:35,7.69,1.21,8.89,10967.5,BRK-32,CMMS-SIM
F-001492,2026-03-16 13:00:00,20260316,LH-005,CMP-HYD,Hose burst,WO-003041,2026-03-16 14:00:08,2026-03-16 17:49:40,3.83,1.0,4.83,10991.5,HYD-30,CMMS-SIM
F-001493,2026-03-18 01:00:00,20260318,LH-005,CMP-BRK,Brake pressure fault,WO-003042,2026-03-18 02:37:00,2026-03-18 06:14:25,3.62,1.62,5.24,11025.1,BRK-75,CMMS-SIM
F-001494,2026-03-22 02:30:00,20260322,LH-005,CMP-HYD,Hose burst,WO-003045,2026-03-22 03:51:22,2026-03-22 11:34:00,7.71,1.36,9.07,11065.3,HYD-36,CMMS-SIM
F-001495,2026-03-25 10:00:00,20260325,LH-005,CMP-ELE,Sensor failure,WO-003047,2026-03-25 14:47:38,2026-03-25 21:15:07,6.46,4.79,11.25,11111.7,ELE-95,CMMS-SIM
F-001496,2026-03-29 02:30:00,20260329,LH-005,CMP-TYR,Sidewall damage,WO-003049,2026-03-29 04:51:53,2026-03-29 14:28:14,9.61,2.36,11.97,11162.3,TYR-24,CMMS-SIM
F-001497,2026-03-31 00:00:00,20260331,LH-005,CMP-HYD,Valve block leak,WO-003050,2026-03-31 01:52:40,2026-03-31 10:56:55,9.07,1.88,10.95,11243.6,HYD-60,CMMS-SIM
F-001498,2026-04-02 01:00:00,20260402,LH-005,CMP-HYD,Main pump failure,WO-003052,2026-04-02 01:44:12,2026-04-02 06:45:58,5.03,0.74,5.77,11267.6,HYD-32,CMMS-SIM
F-001499,2026-04-08 13:30:00,20260408,LH-005,CMP-TYR,Tyre change,WO-003055,2026-04-08 15:44:57,2026-04-08 23:50:24,8.09,2.25,10.34,11357.6,TYR-59,CMMS-SIM
F-001500,2026-04-10 00:00:00,20260410,LH-005,CMP-TYR,Sidewall damage,WO-003057,2026-04-10 01:55:40,2026-04-10 07:23:50,5.47,1.93,7.4,11435.2,TYR-80,CMMS-SIM
F-001501,2026-04-17 13:00:00,20260417,LH-005,CMP-HYD,Boom cylinder seal leak,WO-003060,2026-04-17 14:30:51,2026-04-17 18:53:18,4.37,1.51,5.89,11524.0,HYD-59,CMMS-SIM
F-001502,2026-04-18 13:30:00,20260418,LH-005,CMP-SVC,Service-related defect,WO-003061,2026-04-18 14:26:25,2026-04-18 16:47:00,2.34,0.94,3.28,11551.6,SVC-24,CMMS-SIM
F-001503,2026-04-21 10:30:00,20260421,LH-005,CMP-HYD,Valve block leak,WO-003062,2026-04-21 11:21:58,2026-04-21 16:36:36,5.24,0.87,6.11,11624.1,HYD-78,CMMS-SIM
F-001504,2026-04-22 23:30:00,20260422,LH-005,CMP-BRK,Brake wear alarm,WO-003063,2026-04-23 00:09:09,2026-04-23 07:35:07,7.43,0.65,8.09,11658.7,BRK-09,CMMS-SIM
F-001505,2026-04-24 03:30:00,20260424,LH-005,CMP-HYD,Main pump failure,WO-003064,2026-04-24 04:11:44,2026-04-24 09:17:52,5.1,0.7,5.8,11748.6,HYD-01,CMMS-SIM
F-001506,2026-04-27 10:00:00,20260427,LH-005,CMP-BRK,Brake wear alarm,WO-003065,2026-04-27 10:56:37,2026-04-27 22:04:13,11.13,0.94,12.07,11790.4,BRK-23,CMMS-SIM
F-001507,2026-04-29 08:00:00,20260429,LH-005,CMP-HYD,Valve block leak,WO-003066,2026-04-29 10:12:49,2026-04-29 12:22:36,2.16,2.21,4.38,11851.5,HYD-97,CMMS-SIM
F-001508,2026-05-03 22:00:00,20260503,LH-005,CMP-ENG,Turbo fault,WO-003068,2026-05-04 02:16:24,2026-05-04 06:38:27,4.37,4.27,8.64,11908.2,ENG-08,CMMS-SIM
F-001509,2026-05-08 03:30:00,20260508,LH-005,CMP-ELE,Lighting circuit fault,WO-003073,2026-05-08 06:21:08,2026-05-08 12:42:08,6.35,2.85,9.2,11951.6,ELE-47,CMMS-SIM
F-001510,2026-05-08 08:30:00,20260508,LH-005,CMP-HYD,Hose burst,WO-003074,2026-05-08 12:23:50,2026-05-08 18:35:15,6.19,3.9,10.09,11992.6,HYD-79,CMMS-SIM
F-001511,2026-05-14 17:00:00,20260514,LH-005,CMP-SVC,Service-related defect,WO-003077,2026-05-14 17:38:18,2026-05-15 02:15:39,8.62,0.64,9.26,12031.0,SVC-25,CMMS-SIM
F-001512,2026-05-18 23:00:00,20260518,LH-005,CMP-TYR,Sidewall damage,WO-003079,2026-05-19 01:03:13,2026-05-19 11:33:25,10.5,2.05,12.56,12065.2,TYR-41,CMMS-SIM
F-001513,2026-05-22 02:00:00,20260522,LH-005,CMP-BRK,Brake wear alarm,WO-003084,2026-05-22 05:33:18,2026-05-22 18:16:40,12.72,3.56,16.28,12117.3,BRK-85,CMMS-SIM
F-001514,2026-05-27 01:00:00,20260527,LH-005,CMP-ELE,Harness damage,WO-003086,2026-05-27 05:07:23,2026-05-27 09:20:23,4.22,4.12,8.34,12158.4,ELE-19,CMMS-SIM
F-001515,2026-05-28 13:00:00,20260528,LH-005,CMP-TYR,Track tension failure,WO-003087,2026-05-28 13:30:25,2026-05-28 16:36:12,3.1,0.51,3.6,12193.2,TYR-72,CMMS-SIM
F-001516,2026-05-29 18:00:00,20260529,LH-005,CMP-ELE,Sensor failure,WO-003089,2026-05-29 19:07:25,2026-05-30 01:02:11,5.91,1.12,7.04,12210.7,ELE-08,CMMS-SIM
F-001517,2026-06-05 03:00:00,20260605,LH-005,CMP-HYD,Main pump failure,WO-003094,2026-06-05 04:06:36,2026-06-05 12:46:46,8.67,1.11,9.78,12286.6,HYD-76,CMMS-SIM
F-001518,2026-06-06 15:00:00,20260606,LH-005,CMP-ELE,Lighting circuit fault,WO-003095,2026-06-06 15:14:44,2026-06-06 18:03:25,2.81,0.25,3.06,12346.7,ELE-31,CMMS-SIM
F-001519,2026-06-07 13:30:00,20260607,LH-005,CMP-ELE,Starter fault,WO-003097,2026-06-07 14:10:58,2026-06-07 20:47:30,6.61,0.68,7.29,12363.1,ELE-88,CMMS-SIM
F-001520,2026-06-12 18:00:00,20260612,LH-005,CMP-HYD,Hose burst,WO-003100,2026-06-12 18:19:06,2026-06-12 20:42:58,2.4,0.32,2.72,12385.9,HYD-47,CMMS-SIM
F-001521,2026-06-13 18:30:00,20260613,LH-005,CMP-BRK,Brake pressure fault,WO-003101,2026-06-13 18:51:48,2026-06-14 03:10:38,8.31,0.36,8.68,12406.4,BRK-94,CMMS-SIM
F-001522,2026-06-16 00:30:00,20260616,LH-005,CMP-HYD,Main pump failure,WO-003103,2026-06-16 01:17:39,2026-06-16 12:32:13,11.24,0.79,12.04,12462.5,HYD-03,CMMS-SIM
F-001523,2026-06-20 19:00:00,20260620,LH-005,CMP-TYR,Sidewall damage,WO-003104,2026-06-20 21:01:28,2026-06-21 00:28:05,3.44,2.02,5.47,12504.5,TYR-60,CMMS-SIM
F-001524,2026-06-21 15:00:00,20260621,LH-005,CMP-TYR,Tyre change,WO-003105,2026-06-21 15:20:09,2026-06-21 23:44:52,8.41,0.34,8.75,12577.3,TYR-96,CMMS-SIM
F-001525,2026-06-22 10:30:00,20260622,LH-005,CMP-TRN,Torque converter issue,WO-003106,2026-06-22 11:52:33,2026-06-22 22:17:00,10.41,1.38,11.78,12603.7,TRN-64,CMMS-SIM
F-001526,2026-07-01 15:30:00,20260701,LH-005,CMP-HYD,Hose burst,WO-003111,2026-07-01 16:57:57,2026-07-02 02:57:34,9.99,1.47,11.46,12654.1,HYD-12,CMMS-SIM
F-001527,2026-07-05 12:00:00,20260705,LH-005,CMP-BRK,Brake pressure fault,WO-003115,2026-07-05 16:48:33,2026-07-05 22:02:24,5.23,4.81,10.04,12700.2,BRK-77,CMMS-SIM
F-001528,2026-07-06 19:30:00,20260706,LH-005,CMP-BRK,Brake pressure fault,WO-003116,2026-07-06 19:43:59,2026-07-06 20:39:02,0.92,0.23,1.15,12786.6,BRK-01,CMMS-SIM
F-001529,2026-07-08 15:30:00,20260708,LH-005,CMP-TYR,Sidewall damage,WO-003118,2026-07-08 17:12:11,2026-07-08 20:49:14,3.62,1.7,5.32,12813.9,TYR-11,CMMS-SIM
F-001530,2026-07-10 18:00:00,20260710,LH-005,CMP-ELE,Harness damage,WO-003120,2026-07-10 18:34:04,2026-07-10 20:40:44,2.11,0.57,2.68,12883.1,ELE-60,CMMS-SIM
F-001531,2026-07-18 14:00:00,20260718,LH-005,CMP-ELE,Starter fault,WO-003121,2026-07-18 15:45:05,2026-07-19 01:03:57,9.31,1.75,11.07,12947.9,ELE-79,CMMS-SIM
F-001532,2026-07-23 15:30:00,20260723,LH-005,CMP-TYR,Sidewall damage,WO-003122,2026-07-23 16:07:50,2026-07-24 03:09:28,11.03,0.63,11.66,12969.5,TYR-24,CMMS-SIM
F-001533,2026-07-24 20:00:00,20260724,LH-005,CMP-TYR,Track tension failure,WO-003124,2026-07-25 00:25:20,2026-07-25 04:55:44,4.51,4.42,8.93,13009.3,TYR-76,CMMS-SIM
F-001534,2026-07-26 07:30:00,20260726,LH-005,CMP-HYD,Boom cylinder seal leak,WO-003126,2026-07-26 11:13:41,2026-07-26 21:50:39,10.62,3.73,14.34,13062.3,HYD-44,CMMS-SIM
F-001535,2026-07-31 17:30:00,20260731,LH-005,CMP-HYD,Boom cylinder seal leak,WO-003129,2026-07-31 19:01:42,2026-07-31 21:21:12,2.32,1.53,3.85,13101.2,HYD-25,CMMS-SIM
F-001536,2026-08-04 10:30:00,20260804,LH-005,CMP-HYD,Main pump failure,WO-003131,2026-08-04 15:42:05,2026-08-04 21:34:13,5.87,5.2,11.07,13127.9,HYD-77,CMMS-SIM
F-001537,2026-08-09 06:30:00,20260809,LH-005,CMP-BRK,Brake pressure fault,WO-003133,2026-08-09 08:19:54,2026-08-09 22:58:27,14.64,1.83,16.47,13204.2,BRK-87,CMMS-SIM
F-001538,2026-08-09 16:30:00,20260809,LH-005,CMP-ELE,Lighting circuit fault,WO-003134,2026-08-09 18:18:02,2026-08-09 22:08:26,3.84,1.8,5.64,13267.9,ELE-80,CMMS-SIM
F-001539,2026-08-11 10:00:00,20260811,LH-005,CMP-HYD,Valve block leak,WO-003135,2026-08-11 11:23:23,2026-08-11 14:14:31,2.85,1.39,4.24,13286.3,HYD-79,CMMS-SIM
F-001540,2026-08-12 16:00:00,20260812,LH-005,CMP-TYR,Tyre change,WO-003137,2026-08-12 16:10:01,2026-08-12 22:17:58,6.13,0.17,6.3,13302.3,TYR-51,CMMS-SIM
F-001541,2026-08-14 00:00:00,20260814,LH-005,CMP-TYR,Track tension failure,WO-003139,2026-08-14 00:40:07,2026-08-14 02:38:37,1.98,0.67,2.64,13364.2,TYR-72,CMMS-SIM
F-001542,2026-08-23 19:00:00,20260823,LH-005,CMP-ENG,Cooling issue,WO-003143,2026-08-23 21:56:29,2026-08-24 04:48:18,6.86,2.94,9.81,13401.6,ENG-10,CMMS-SIM
F-001543,2026-08-26 19:00:00,20260826,LH-005,CMP-BRK,Brake pressure fault,WO-003145,2026-08-26 22:18:23,2026-08-27 01:50:15,3.53,3.31,6.84,13433.8,BRK-24,CMMS-SIM
F-001544,2026-09-03 09:30:00,20260903,LH-005,CMP-ELE,Sensor failure,WO-003146,2026-09-03 10:30:26,2026-09-03 12:42:12,2.2,1.01,3.2,13513.6,ELE-90,CMMS-SIM
F-001545,2025-10-01 02:00:00,20251001,LH-006,CMP-HYD,Valve block leak,WO-003148,2025-10-01 02:22:45,2025-10-01 07:19:27,4.94,0.38,5.32,8029.4,HYD-60,CMMS-SIM
F-001546,2025-10-01 11:30:00,20251001,LH-006,CMP-ENG,Cooling issue,WO-003150,2025-10-01 14:09:43,2025-10-01 16:51:35,2.7,2.66,5.36,8108.6,ENG-14,CMMS-SIM
F-001547,2025-10-01 23:00:00,20251001,LH-006,CMP-HYD,Hose burst,WO-003151,2025-10-02 00:17:45,2025-10-02 05:18:41,5.02,1.3,6.31,8136.9,HYD-82,CMMS-SIM
F-001548,2025-10-04 02:00:00,20251004,LH-006,CMP-BRK,Brake pressure fault,WO-003153,2025-10-04 02:08:59,2025-10-04 10:34:00,8.42,0.15,8.57,8167.6,BRK-10,CMMS-SIM
F-001549,2025-10-05 12:00:00,20251005,LH-006,CMP-HYD,Valve block leak,WO-003154,2025-10-05 18:08:48,2025-10-06 00:48:58,6.67,6.15,12.82,8209.7,HYD-82,CMMS-SIM
F-001550,2025-10-06 03:30:00,20251006,LH-006,CMP-HYD,Valve block leak,WO-003155,2025-10-06 09:05:31,2025-10-06 12:21:50,3.27,5.59,8.86,8285.4,HYD-34,CMMS-SIM
F-001551,2025-10-08 00:30:00,20251008,LH-006,CMP-ENG,Turbo fault,WO-003157,2025-10-08 01:46:22,2025-10-08 09:28:25,7.7,1.27,8.97,8369.8,ENG-76,CMMS-SIM
F-001552,2025-10-09 05:00:00,20251009,LH-006,CMP-OTH,Other mechanical fault,WO-003158,2025-10-09 06:14:41,2025-10-09 13:26:10,7.19,1.24,8.44,8414.1,OTH-10,CMMS-SIM
F-001553,2025-10-12 03:00:00,20251012,LH-006,CMP-HYD,Hose burst,WO-003160,2025-10-12 07:08:49,2025-10-12 17:37:31,10.48,4.15,14.63,8445.2,HYD-79,CMMS-SIM
F-001554,2025-10-14 08:00:00,20251014,LH-006,CMP-OTH,Other mechanical fault,WO-003161,2025-10-14 08:44:37,2025-10-14 13:22:38,4.63,0.74,5.38,8485.1,OTH-33,CMMS-SIM
F-001555,2025-10-16 03:00:00,20251016,LH-006,CMP-HYD,Valve block leak,WO-003164,2025-10-16 04:39:56,2025-10-16 07:47:03,3.12,1.67,4.78,8537.1,HYD-19,CMMS-SIM
F-001556,2025-10-19 15:30:00,20251019,LH-006,CMP-ELE,Lighting circuit fault,WO-003169,2025-10-19 18:41:55,2025-10-20 00:10:12,5.47,3.2,8.67,8616.1,ELE-83,CMMS-SIM
F-001557,2025-10-21 22:00:00,20251021,LH-006,CMP-TYR,Track tension failure,WO-003170,2025-10-21 22:51:13,2025-10-22 02:04:02,3.21,0.85,4.07,8649.0,TYR-16,CMMS-SIM
F-001558,2025-10-23 13:00:00,20251023,LH-006,CMP-ELE,Harness damage,WO-003171,2025-10-23 15:43:03,2025-10-23 23:06:45,7.4,2.72,10.11,8713.0,ELE-18,CMMS-SIM
F-001559,2025-10-25 03:00:00,20251025,LH-006,CMP-ELE,Harness damage,WO-003173,2025-10-25 05:03:46,2025-10-25 11:17:33,6.23,2.06,8.29,8771.6,ELE-94,CMMS-SIM
F-001560,2025-10-25 09:30:00,20251025,LH-006,CMP-TYR,Tyre change,WO-003174,2025-10-25 13:26:19,2025-10-25 21:07:43,7.69,3.94,11.63,8802.1,TYR-07,CMMS-SIM
F-001561,2025-10-30 12:00:00,20251030,LH-006,CMP-HYD,Boom cylinder seal leak,WO-003176,2025-10-30 17:06:44,2025-10-31 01:26:53,8.34,5.11,13.45,8853.6,HYD-43,CMMS-SIM
F-001562,2025-11-02 04:30:00,20251102,LH-006,CMP-HYD,Valve block leak,WO-003178,2025-11-02 06:51:58,2025-11-02 09:07:02,2.25,2.37,4.62,8943.1,HYD-56,CMMS-SIM
F-001563,2025-11-02 15:00:00,20251102,LH-006,CMP-HYD,Main pump failure,WO-003179,2025-11-02 15:29:08,2025-11-02 17:38:58,2.16,0.49,2.65,8976.4,HYD-18,CMMS-SIM
F-001564,2025-11-03 14:30:00,20251103,LH-006,CMP-ELE,Sensor failure,WO-003180,2025-11-03 18:15:43,2025-11-03 23:10:25,4.91,3.76,8.67,9009.9,ELE-39,CMMS-SIM
F-001565,2025-11-06 23:00:00,20251106,LH-006,CMP-HYD,Boom cylinder seal leak,WO-003184,2025-11-07 00:43:12,2025-11-07 01:14:18,0.52,1.72,2.24,9055.0,HYD-47,CMMS-SIM
F-001566,2025-11-08 07:30:00,20251108,LH-006,CMP-ELE,Harness damage,WO-003185,2025-11-08 08:46:46,2025-11-08 11:45:52,2.99,1.28,4.26,9102.7,ELE-24,CMMS-SIM
F-001567,2025-11-10 22:30:00,20251110,LH-006,CMP-HYD,Hose burst,WO-003187,2025-11-10 22:52:03,2025-11-11 23:01:16,24.15,0.37,24.52,9163.1,HYD-68,CMMS-SIM
F-001568,2025-11-12 16:30:00,20251112,LH-006,CMP-ELE,Sensor failure,WO-003188,2025-11-12 18:31:53,2025-11-13 05:30:58,10.98,2.03,13.02,9207.3,ELE-86,CMMS-SIM
F-001569,2025-11-20 13:30:00,20251120,LH-006,CMP-TYR,Track tension failure,WO-003194,2025-11-20 15:22:43,2025-11-20 23:32:08,8.16,1.88,10.04,9261.7,TYR-06,CMMS-SIM
F-001570,2025-11-25 09:30:00,20251125,LH-006,CMP-TYR,Track tension failure,WO-003196,2025-11-25 09:46:31,2025-11-25 10:20:41,0.57,0.28,0.84,9301.0,TYR-48,CMMS-SIM
F-001571,2025-11-25 16:30:00,20251125,LH-006,CMP-HYD,Hose burst,WO-003197,2025-11-25 19:31:36,2025-11-26 02:30:12,6.98,3.03,10.0,9344.8,HYD-28,CMMS-SIM
F-001572,2025-11-26 23:00:00,20251126,LH-006,CMP-ELE,Lighting circuit fault,WO-003198,2025-11-26 23:18:52,2025-11-27 07:02:22,7.73,0.31,8.04,9365.8,ELE-20,CMMS-SIM
F-001573,2025-11-29 12:30:00,20251129,LH-006,CMP-TYR,Sidewall damage,WO-003199,2025-11-29 16:14:31,2025-11-30 02:50:12,10.59,3.74,14.34,9377.4,TYR-12,CMMS-SIM
F-001574,2025-11-29 19:30:00,20251129,LH-006,CMP-SVC,Service-related defect,WO-003200,2025-11-29 20:22:13,2025-11-30 01:58:06,5.6,0.87,6.47,9407.5,SVC-76,CMMS-SIM
F-001575,2025-11-30 20:00:00,20251130,LH-006,CMP-ELE,Sensor failure,WO-003201,2025-11-30 21:48:23,2025-12-01 10:43:13,12.91,1.81,14.72,9429.5,ELE-94,CMMS-SIM
F-001576,2025-12-02 11:00:00,20251202,LH-006,CMP-BRK,Brake wear alarm,WO-003204,2025-12-02 11:24:49,2025-12-02 17:00:27,5.59,0.41,6.01,9488.1,BRK-02,CMMS-SIM
F-001577,2025-12-02 22:30:00,20251202,LH-006,CMP-TYR,Sidewall damage,WO-003205,2025-12-03 03:27:20,2025-12-03 10:22:40,6.92,4.96,11.88,9556.7,TYR-28,CMMS-SIM
F-001578,2025-12-06 01:30:00,20251206,LH-006,CMP-BRK,Brake wear alarm,WO-003209,2025-12-06 01:51:44,2025-12-06 07:01:44,5.17,0.36,5.53,9624.1,BRK-49,CMMS-SIM
F-001579,2025-12-13 18:00:00,20251213,LH-006,CMP-ELE,Sensor failure,WO-003215,2025-12-13 22:46:39,2025-12-14 05:11:02,6.41,4.78,11.18,9653.2,ELE-81,CMMS-SIM
F-001580,2025-12-16 19:30:00,20251216,LH-006,CMP-ELE,Sensor failure,WO-003216,2025-12-16 19:57:34,2025-12-17 06:34:12,10.61,0.46,11.07,9739.6,ELE-38,CMMS-SIM
F-001581,2025-12-17 13:00:00,20251217,LH-006,CMP-TYR,Tyre change,WO-003217,2025-12-17 13:36:10,2025-12-18 01:53:42,12.29,0.6,12.9,9765.3,TYR-93,CMMS-SIM
F-001582,2025-12-17 22:30:00,20251217,LH-006,CMP-HYD,Valve block leak,WO-003218,2025-12-18 00:39:48,2025-12-18 02:03:51,1.4,2.16,3.56,9842.5,HYD-64,CMMS-SIM
F-001583,2025-12-20 21:30:00,20251220,LH-006,CMP-HYD,Hose burst,WO-003219,2025-12-20 23:48:56,2025-12-21 09:12:56,9.4,2.32,11.72,9881.5,HYD-58,CMMS-SIM
F-001584,2025-12-22 09:30:00,20251222,LH-006,CMP-HYD,Boom cylinder seal leak,WO-003220,2025-12-22 10:37:12,2025-12-22 17:54:46,7.29,1.12,8.41,9897.5,HYD-89,CMMS-SIM
F-001585,2025-12-22 15:00:00,20251222,LH-006,CMP-ELE,Harness damage,WO-003221,2025-12-22 17:01:17,2025-12-23 08:05:28,15.07,2.02,17.09,9966.1,ELE-40,CMMS-SIM
F-001586,2025-12-24 13:30:00,20251224,LH-006,CMP-HYD,Main pump failure,WO-003222,2025-12-24 16:04:25,2025-12-24 21:31:33,5.45,2.57,8.03,10013.0,HYD-40,CMMS-SIM
F-001587,2025-12-26 01:30:00,20251226,LH-006,CMP-ELE,Lighting circuit fault,WO-003224,2025-12-26 04:26:57,2025-12-26 07:06:23,2.66,2.95,5.61,10085.8,ELE-66,CMMS-SIM
F-001588,2026-01-01 16:30:00,20260101,LH-006,CMP-HYD,Main pump failure,WO-003226,2026-01-01 18:43:56,2026-01-02 00:51:57,6.13,2.23,8.37,10111.1,HYD-27,CMMS-SIM
F-001589,2026-01-03 08:30:00,20260103,LH-006,CMP-HYD,Hose burst,WO-003227,2026-01-03 10:10:59,2026-01-03 14:00:09,3.82,1.68,5.5,10187.6,HYD-91,CMMS-SIM
F-001590,2026-01-06 14:00:00,20260106,LH-006,CMP-TYR,Tyre change,WO-003229,2026-01-06 17:20:31,2026-01-07 00:27:31,7.12,3.34,10.46,10252.8,TYR-43,CMMS-SIM
F-001591,2026-01-06 20:00:00,20260106,LH-006,CMP-ELE,Sensor failure,WO-003230,2026-01-06 21:19:38,2026-01-07 09:51:43,12.53,1.33,13.86,10338.2,ELE-24,CMMS-SIM
F-001592,2026-01-10 11:30:00,20260110,LH-006,CMP-TYR,Tyre change,WO-003234,2026-01-10 12:10:48,2026-01-10 15:39:03,3.47,0.68,4.15,10403.7,TYR-94,CMMS-SIM
F-001593,2026-01-11 18:30:00,20260111,LH-006,CMP-HYD,Main pump failure,WO-003235,2026-01-11 22:25:34,2026-01-12 00:39:48,2.24,3.93,6.16,10474.2,HYD-53,CMMS-SIM
F-001594,2026-01-15 19:00:00,20260115,LH-006,CMP-SVC,Service-related defect,WO-003241,2026-01-15 20:31:32,2026-01-15 23:37:04,3.09,1.53,4.62,10485.6,SVC-08,CMMS-SIM
F-001595,2026-01-16 00:30:00,20260116,LH-006,CMP-ELE,Harness damage,WO-003242,2026-01-16 06:04:11,2026-01-16 09:37:23,3.55,5.57,9.12,10563.0,ELE-01,CMMS-SIM
F-001596,2026-01-22 08:00:00,20260122,LH-006,CMP-HYD,Valve block leak,WO-003247,2026-01-22 09:28:28,2026-01-22 11:53:27,2.42,1.47,3.89,10634.3,HYD-80,CMMS-SIM
F-001597,2026-01-22 23:30:00,20260122,LH-006,CMP-ELE,Harness damage,WO-003249,2026-01-23 00:57:46,2026-01-23 01:48:06,0.84,1.46,2.3,10715.0,ELE-59,CMMS-SIM
F-001598,2026-01-25 13:00:00,20260125,LH-006,CMP-ELE,Sensor failure,WO-003251,2026-01-25 14:42:25,2026-01-25 21:56:56,7.24,1.71,8.95,10790.3,ELE-54,CMMS-SIM
F-001599,2026-01-26 02:30:00,20260126,LH-006,CMP-SVC,Service-related defect,WO-003253,2026-01-26 04:50:51,2026-01-26 21:09:39,16.31,2.35,18.66,10856.3,SVC-65,CMMS-SIM
F-001600,2026-01-29 01:00:00,20260129,LH-006,CMP-HYD,Boom cylinder seal leak,WO-003254,2026-01-29 06:50:11,2026-01-29 12:37:47,5.79,5.84,11.63,10907.7,HYD-18,CMMS-SIM
F-001601,2026-01-30 06:30:00,20260130,LH-006,CMP-HYD,Boom cylinder seal leak,WO-003255,2026-01-30 09:27:10,2026-01-30 11:42:11,2.25,2.95,5.2,10975.8,HYD-23,CMMS-SIM
F-001602,2026-02-09 22:00:00,20260209,LH-006,CMP-BRK,Brake pressure fault,WO-003257,2026-02-09 22:11:48,2026-02-10 14:41:03,16.49,0.2,16.68,11058.8,BRK-94,CMMS-SIM
F-001603,2026-02-14 13:30:00,20260214,LH-006,CMP-OTH,Other mechanical fault,WO-003259,2026-02-14 14:59:47,2026-02-14 22:49:16,7.82,1.5,9.32,11074.2,OTH-52,CMMS-SIM
F-001604,2026-02-17 04:00:00,20260217,LH-006,CMP-TYR,Track tension failure,WO-003260,2026-02-17 04:52:48,2026-02-17 09:03:32,4.18,0.88,5.06,11150.1,TYR-52,CMMS-SIM
F-001605,2026-02-19 14:00:00,20260219,LH-006,CMP-BRK,Brake wear alarm,WO-003261,2026-02-19 15:45:11,2026-02-19 17:28:54,1.73,1.75,3.48,11208.6,BRK-69,CMMS-SIM
F-001606,2026-02-23 12:00:00,20260223,LH-006,CMP-BRK,Brake pressure fault,WO-003263,2026-02-23 12:39:48,2026-02-23 17:47:48,5.13,0.66,5.8,11285.4,BRK-68,CMMS-SIM
F-001607,2026-02-24 12:00:00,20260224,LH-006,CMP-ELE,Lighting circuit fault,WO-003264,2026-02-24 14:09:42,2026-02-24 22:28:25,8.31,2.16,10.47,11363.4,ELE-17,CMMS-SIM
F-001608,2026-02-24 19:00:00,20260224,LH-006,CMP-HYD,Hose burst,WO-003265,2026-02-24 21:34:49,2026-02-25 06:54:17,9.32,2.58,11.9,11434.5,HYD-01,CMMS-SIM
F-001609,2026-02-25 00:00:00,20260225,LH-006,CMP-ENG,Fuel system fault,WO-003266,2026-02-25 00:08:44,2026-02-25 11:58:19,11.83,0.15,11.97,11493.4,ENG-29,CMMS-SIM
F-001610,2026-02-27 08:00:00,20260227,LH-006,CMP-ENG,Fuel system fault,WO-003267,2026-02-27 08:47:08,2026-02-27 16:18:20,7.52,0.79,8.31,11564.7,ENG-01,CMMS-SIM
F-001611,2026-03-04 10:00:00,20260304,LH-006,CMP-ELE,Starter fault,WO-003269,2026-03-04 10:53:32,2026-03-04 22:29:19,11.6,0.89,12.49,11624.1,ELE-35,CMMS-SIM
F-001612,2026-03-05 14:00:00,20260305,LH-006,CMP-HYD,Boom cylinder seal leak,WO-003271,2026-03-05 14:48:28,2026-03-05 17:54:33,3.1,0.81,3.91,11655.0,HYD-64,CMMS-SIM
F-001613,2026-03-08 03:30:00,20260308,LH-006,CMP-ELE,Starter fault,WO-003273,2026-03-08 05:32:26,2026-03-08 12:42:35,7.17,2.04,9.21,11704.4,ELE-57,CMMS-SIM
F-001614,2026-03-09 04:30:00,20260309,LH-006,CMP-ELE,Starter fault,WO-003274,2026-03-09 08:34:18,2026-03-09 18:26:08,9.86,4.07,13.94,11738.6,ELE-34,CMMS-SIM
F-001615,2026-03-10 06:00:00,20260310,LH-006,CMP-BRK,Brake wear alarm,WO-003275,2026-03-10 08:25:30,2026-03-10 09:59:55,1.57,2.43,4.0,11783.7,BRK-27,CMMS-SIM
F-001616,2026-03-11 10:00:00,20260311,LH-006,CMP-TYR,Sidewall damage,WO-003277,2026-03-11 10:41:09,2026-03-11 12:51:06,2.17,0.69,2.85,11824.8,TYR-80,CMMS-SIM
F-001617,2026-03-11 21:30:00,20260311,LH-006,CMP-ELE,Sensor failure,WO-003278,2026-03-11 23:23:48,2026-03-12 01:21:21,1.96,1.9,3.86,11877.7,ELE-75,CMMS-SIM
F-001618,2026-03-12 05:00:00,20260312,LH-006,CMP-HYD,Boom cylinder seal leak,WO-003279,2026-03-12 07:11:15,2026-03-12 13:26:03,6.25,2.19,8.43,11910.2,HYD-36,CMMS-SIM
F-001619,2026-03-16 03:30:00,20260316,LH-006,CMP-STR,Crack inspection,WO-003281,2026-03-16 05:47:00,2026-03-16 13:57:57,8.18,2.28,10.47,11975.2,STR-88,CMMS-SIM
F-001620,2026-03-23 03:30:00,20260323,LH-006,CMP-ELE,Lighting circuit fault,WO-003285,2026-03-23 04:21:42,2026-03-23 08:17:27,3.93,0.86,4.79,12028.5,ELE-95,CMMS-SIM
F-001621,2026-03-25 23:00:00,20260325,LH-006,CMP-HYD,Hose burst,WO-003286,2026-03-25 23:18:17,2026-03-26 04:07:13,4.82,0.3,5.12,12060.2,HYD-60,CMMS-SIM
F-001622,2026-03-27 02:00:00,20260327,LH-006,CMP-HYD,Boom cylinder seal leak,WO-003288,2026-03-27 03:13:47,2026-03-27 12:51:31,9.63,1.23,10.86,12142.5,HYD-68,CMMS-SIM
F-001623,2026-03-28 08:30:00,20260328,LH-006,CMP-HYD,Hose burst,WO-003290,2026-03-28 08:52:38,2026-03-28 12:50:58,3.97,0.38,4.35,12177.1,HYD-88,CMMS-SIM
F-001624,2026-04-01 12:00:00,20260401,LH-006,CMP-HYD,Main pump failure,WO-003294,2026-04-01 14:06:45,2026-04-01 17:06:51,3.0,2.11,5.11,12254.4,HYD-42,CMMS-SIM
F-001625,2026-04-03 05:30:00,20260403,LH-006,CMP-TYR,Tyre change,WO-003295,2026-04-03 07:33:36,2026-04-03 08:53:48,1.34,2.06,3.4,12280.9,TYR-01,CMMS-SIM
F-001626,2026-04-07 04:00:00,20260407,LH-006,CMP-ELE,Starter fault,WO-003296,2026-04-07 06:47:41,2026-04-07 09:22:37,2.58,2.79,5.38,12355.5,ELE-10,CMMS-SIM
F-001627,2026-04-10 19:00:00,20260410,LH-006,CMP-HYD,Boom cylinder seal leak,WO-003298,2026-04-10 23:05:59,2026-04-11 01:35:29,2.49,4.1,6.59,12418.2,HYD-02,CMMS-SIM
F-001628,2026-04-15 07:30:00,20260415,LH-006,CMP-HYD,Valve block leak,WO-003300,2026-04-15 08:07:44,2026-04-15 10:39:24,2.53,0.63,3.16,12458.8,HYD-57,CMMS-SIM
F-001629,2026-04-27 12:00:00,20260427,LH-006,CMP-ELE,Starter fault,WO-003306,2026-04-27 12:18:08,2026-04-27 16:12:03,3.9,0.3,4.2,12527.0,ELE-10,CMMS-SIM
F-001630,2026-04-30 18:30:00,20260430,LH-006,CMP-ELE,Harness damage,WO-003310,2026-04-30 20:17:49,2026-05-01 00:35:10,4.29,1.8,6.09,12572.6,ELE-83,CMMS-SIM
F-001631,2026-05-06 04:00:00,20260506,LH-006,CMP-ELE,Starter fault,WO-003313,2026-05-06 04:28:05,2026-05-06 08:26:02,3.97,0.47,4.43,12654.3,ELE-91,CMMS-SIM
F-001632,2026-05-07 13:30:00,20260507,LH-006,CMP-HYD,Main pump failure,WO-003314,2026-05-07 15:08:42,2026-05-07 21:52:02,6.72,1.65,8.37,12690.9,HYD-20,CMMS-SIM
F-001633,2026-05-08 22:30:00,20260508,LH-006,CMP-ELE,Sensor failure,WO-003315,2026-05-09 00:57:55,2026-05-09 03:46:38,2.81,2.47,5.28,12768.4,ELE-61,CMMS-SIM
F-001634,2026-05-12 07:00:00,20260512,LH-006,CMP-HYD,Main pump failure,WO-003317,2026-05-12 08:08:29,2026-05-12 12:33:06,4.41,1.14,5.55,12839.2,HYD-64,CMMS-SIM
F-001635,2026-05-25 04:00:00,20260525,LH-006,CMP-ELE,Sensor failure,WO-003323,2026-05-25 04:54:47,2026-05-25 09:33:15,4.64,0.91,5.55,12881.8,ELE-04,CMMS-SIM
F-001636,2026-05-29 09:00:00,20260529,LH-006,CMP-ENG,Cooling issue,WO-003326,2026-05-29 10:32:21,2026-05-29 20:03:12,9.51,1.54,11.05,12921.9,ENG-73,CMMS-SIM
F-001637,2026-06-01 17:00:00,20260601,LH-006,CMP-HYD,Valve block leak,WO-003328,2026-06-01 20:08:32,2026-06-02 02:25:14,6.28,3.14,9.42,12986.0,HYD-49,CMMS-SIM
F-001638,2026-06-02 16:00:00,20260602,LH-006,CMP-ELE,Starter fault,WO-003329,2026-06-02 21:43:03,2026-06-03 00:12:29,2.49,5.72,8.21,12998.1,ELE-40,CMMS-SIM
F-001639,2026-06-05 07:30:00,20260605,LH-006,CMP-BRK,Brake pressure fault,WO-003331,2026-06-05 09:13:41,2026-06-05 17:48:59,8.59,1.73,10.32,13057.5,BRK-54,CMMS-SIM
F-001640,2026-06-05 15:30:00,20260605,LH-006,CMP-HYD,Main pump failure,WO-003332,2026-06-05 18:25:54,2026-06-06 04:10:10,9.74,2.93,12.67,13135.3,HYD-59,CMMS-SIM
F-001641,2026-06-12 05:30:00,20260612,LH-006,CMP-SVC,Service-related defect,WO-003335,2026-06-12 10:40:44,2026-06-12 12:49:09,2.14,5.18,7.32,13151.8,SVC-54,CMMS-SIM
F-001642,2026-06-17 17:00:00,20260617,LH-006,CMP-ELE,Sensor failure,WO-003337,2026-06-17 18:41:14,2026-06-18 06:26:15,11.75,1.69,13.44,13173.7,ELE-78,CMMS-SIM
F-001643,2026-06-19 09:30:00,20260619,LH-006,CMP-BRK,Brake wear alarm,WO-003338,2026-06-19 10:06:21,2026-06-19 22:49:02,12.71,0.61,13.32,13250.7,BRK-84,CMMS-SIM
F-001644,2026-06-19 22:00:00,20260619,LH-006,CMP-BRK,Brake pressure fault,WO-003339,2026-06-19 23:25:08,2026-06-20 04:41:15,5.27,1.42,6.69,13300.1,BRK-16,CMMS-SIM
F-001645,2026-06-25 06:30:00,20260625,LH-006,CMP-HYD,Hose burst,WO-003341,2026-06-25 08:48:24,2026-06-25 22:57:16,14.15,2.31,16.45,13347.7,HYD-52,CMMS-SIM
F-001646,2026-06-27 20:00:00,20260627,LH-006,CMP-HYD,Main pump failure,WO-003343,2026-06-27 20:33:30,2026-06-28 00:50:41,4.29,0.56,4.84,13381.5,HYD-40,CMMS-SIM
F-001647,2026-07-16 01:30:00,20260716,LH-006,CMP-HYD,Boom cylinder seal leak,WO-003350,2026-07-16 04:23:03,2026-07-16 09:20:49,4.96,2.88,7.85,13405.3,HYD-78,CMMS-SIM
F-001648,2026-07-27 04:30:00,20260727,LH-006,CMP-TYR,Tyre change,WO-003355,2026-07-27 06:10:31,2026-07-27 15:13:12,9.04,1.68,10.72,13449.6,TYR-24,CMMS-SIM
F-001649,2026-07-29 19:00:00,20260729,LH-006,CMP-HYD,Main pump failure,WO-003356,2026-07-29 20:14:23,2026-07-29 21:07:16,0.88,1.24,2.12,13486.3,HYD-22,CMMS-SIM
F-001650,2026-08-03 16:30:00,20260803,LH-006,CMP-HYD,Valve block leak,WO-003358,2026-08-03 17:12:23,2026-08-03 22:44:19,5.53,0.71,6.24,13508.4,HYD-80,CMMS-SIM
F-001651,2026-08-06 15:00:00,20260806,LH-006,CMP-ELE,Starter fault,WO-003359,2026-08-06 15:37:17,2026-08-06 18:34:18,2.95,0.62,3.57,13536.9,ELE-22,CMMS-SIM
F-001652,2026-08-07 09:30:00,20260807,LH-006,CMP-TYR,Sidewall damage,WO-003360,2026-08-07 12:31:05,2026-08-07 20:11:45,7.68,3.02,10.7,13551.7,TYR-25,CMMS-SIM
F-001653,2026-08-09 06:30:00,20260809,LH-006,CMP-HYD,Valve block leak,WO-003361,2026-08-09 07:40:47,2026-08-09 12:53:54,5.22,1.18,6.4,13617.8,HYD-16,CMMS-SIM
F-001654,2026-08-11 07:00:00,20260811,LH-006,CMP-TYR,Track tension failure,WO-003362,2026-08-11 09:32:47,2026-08-11 13:46:14,4.22,2.55,6.77,13684.8,TYR-46,CMMS-SIM
F-001655,2026-08-12 23:30:00,20260812,LH-006,CMP-ELE,Lighting circuit fault,WO-003364,2026-08-13 00:06:28,2026-08-13 10:22:04,10.26,0.61,10.87,13731.5,ELE-95,CMMS-SIM
F-001656,2026-08-24 00:00:00,20260824,LH-006,CMP-ELE,Sensor failure,WO-003368,2026-08-24 00:18:30,2026-08-24 02:20:02,2.03,0.31,2.33,13790.6,ELE-87,CMMS-SIM
F-001657,2026-09-03 06:30:00,20260903,LH-006,CMP-BRK,Brake wear alarm,WO-003370,2026-09-03 07:00:42,2026-09-03 12:21:24,5.34,0.51,5.86,13848.0,BRK-72,CMMS-SIM
F-001658,2025-10-08 06:30:00,20251008,LH-007,CMP-TYR,Tyre change,WO-003376,2025-10-08 08:19:18,2025-10-08 13:51:10,5.53,1.82,7.35,8038.2,TYR-06,CMMS-SIM
F-001659,2025-10-10 12:30:00,20251010,LH-007,CMP-TYR,Track tension failure,WO-003378,2025-10-10 13:30:20,2025-10-10 22:43:35,9.22,1.01,10.23,8099.6,TYR-93,CMMS-SIM
F-001660,2025-10-11 08:30:00,20251011,LH-007,CMP-ELE,Harness damage,WO-003379,2025-10-11 11:01:48,2025-10-11 23:51:48,12.83,2.53,15.36,8173.7,ELE-16,CMMS-SIM
F-001661,2025-10-12 14:30:00,20251012,LH-007,CMP-TYR,Track tension failure,WO-003380,2025-10-12 16:10:10,2025-10-12 18:09:33,1.99,1.67,3.66,8235.4,TYR-38,CMMS-SIM
F-001662,2025-10-16 07:30:00,20251016,LH-007,CMP-HYD,Hose burst,WO-003381,2025-10-16 10:13:46,2025-10-16 18:12:09,7.97,2.73,10.7,8298.7,HYD-77,CMMS-SIM
F-001663,2025-10-16 14:30:00,20251016,LH-007,CMP-HYD,Boom cylinder seal leak,WO-003382,2025-10-16 14:53:36,2025-10-16 21:18:25,6.41,0.39,6.81,8349.0,HYD-75,CMMS-SIM
F-001664,2025-10-17 10:30:00,20251017,LH-007,CMP-ELE,Sensor failure,WO-003383,2025-10-17 13:15:55,2025-10-17 17:58:27,4.71,2.77,7.47,8362.5,ELE-39,CMMS-SIM
F-001665,2025-10-18 10:00:00,20251018,LH-007,CMP-TRN,Torque converter issue,WO-003384,2025-10-18 11:16:30,2025-10-18 15:28:41,4.2,1.28,5.48,8408.3,TRN-62,CMMS-SIM
F-001666,2025-10-21 23:30:00,20251021,LH-007,CMP-SVC,Service-related defect,WO-003387,2025-10-22 03:05:12,2025-10-22 08:45:28,5.67,3.59,9.26,8434.3,SVC-79,CMMS-SIM
F-001667,2025-10-23 09:00:00,20251023,LH-007,CMP-ELE,Lighting circuit fault,WO-003388,2025-10-23 10:35:08,2025-10-23 17:44:47,7.16,1.59,8.75,8498.2,ELE-39,CMMS-SIM
F-001668,2025-10-25 14:00:00,20251025,LH-007,CMP-HYD,Hose burst,WO-003389,2025-10-25 15:21:34,2025-10-25 19:10:50,3.82,1.36,5.18,8533.9,HYD-87,CMMS-SIM
F-001669,2025-10-26 04:30:00,20251026,LH-007,CMP-HYD,Valve block leak,WO-003390,2025-10-26 06:17:08,2025-10-26 14:29:57,8.21,1.79,10.0,8558.8,HYD-81,CMMS-SIM
F-001670,2025-10-30 05:00:00,20251030,LH-007,CMP-ELE,Lighting circuit fault,WO-003391,2025-10-30 05:50:18,2025-10-30 12:48:06,6.96,0.84,7.8,8597.7,ELE-58,CMMS-SIM
F-001671,2025-11-02 12:30:00,20251102,LH-007,CMP-HYD,Boom cylinder seal leak,WO-003394,2025-11-02 12:51:30,2025-11-03 00:29:07,11.63,0.36,11.99,8678.4,HYD-58,CMMS-SIM
F-001672,2025-11-03 06:00:00,20251103,LH-007,CMP-ELE,Starter fault,WO-003395,2025-11-03 06:01:04,2025-11-03 06:56:18,0.92,0.02,0.94,8727.7,ELE-49,CMMS-SIM
F-001673,2025-11-06 04:00:00,20251106,LH-007,CMP-ELE,Sensor failure,WO-003396,2025-11-06 06:11:36,2025-11-06 15:17:14,9.09,2.19,11.29,8773.2,ELE-83,CMMS-SIM
F-001674,2025-11-08 06:30:00,20251108,LH-007,CMP-ENG,Fuel system fault,WO-003397,2025-11-08 08:40:22,2025-11-08 14:49:52,6.16,2.17,8.33,8818.7,ENG-65,CMMS-SIM
F-001675,2025-11-10 21:00:00,20251110,LH-007,CMP-HYD,Valve block leak,WO-003400,2025-11-11 00:00:28,2025-11-11 04:32:03,4.53,3.01,7.53,8872.0,HYD-62,CMMS-SIM
F-001676,2025-11-12 12:00:00,20251112,LH-007,CMP-HYD,Valve block leak,WO-003401,2025-11-12 14:26:01,2025-11-12 18:57:05,4.52,2.43,6.95,8908.2,HYD-47,CMMS-SIM
F-001677,2025-11-20 09:30:00,20251120,LH-007,CMP-HYD,Boom cylinder seal leak,WO-003406,2025-11-20 09:36:28,2025-11-20 11:17:39,1.69,0.11,1.79,8932.7,HYD-41,CMMS-SIM
F-001678,2025-11-23 02:00:00,20251123,LH-007,CMP-ELE,Harness damage,WO-003408,2025-11-23 05:41:20,2025-11-23 14:24:07,8.71,3.69,12.4,8947.7,ELE-04,CMMS-SIM
F-001679,2025-11-25 23:00:00,20251125,LH-007,CMP-HYD,Valve block leak,WO-003409,2025-11-26 00:08:23,2025-11-26 02:13:13,2.08,1.14,3.22,8984.2,HYD-60,CMMS-SIM
F-001680,2025-11-29 21:30:00,20251129,LH-007,CMP-HYD,Main pump failure,WO-003411,2025-11-29 21:53:46,2025-11-30 07:06:57,9.22,0.4,9.62,9003.0,HYD-68,CMMS-SIM
F-001681,2025-12-02 03:30:00,20251202,LH-007,CMP-OTH,Other mechanical fault,WO-003412,2025-12-02 07:02:07,2025-12-02 08:06:26,1.07,3.54,4.61,9061.4,OTH-44,CMMS-SIM
F-001682,2025-12-03 11:30:00,20251203,LH-007,CMP-SVC,Service-related defect,WO-003414,2025-12-03 12:46:20,2025-12-03 22:28:28,9.7,1.27,10.97,9113.7,SVC-65,CMMS-SIM
F-001683,2025-12-05 15:00:00,20251205,LH-007,CMP-BRK,Brake pressure fault,WO-003415,2025-12-05 18:14:10,2025-12-06 03:14:45,9.01,3.24,12.25,9168.1,BRK-85,CMMS-SIM
F-001684,2025-12-08 10:00:00,20251208,LH-007,CMP-TRN,Transmission shift fault,WO-003416,2025-12-08 14:08:53,2025-12-08 17:59:09,3.84,4.15,7.99,9180.4,TRN-65,CMMS-SIM
F-001685,2025-12-08 15:00:00,20251208,LH-007,CMP-ENG,Fuel system fault,WO-003417,2025-12-08 15:14:32,2025-12-08 17:48:21,2.56,0.24,2.81,9236.3,ENG-81,CMMS-SIM
F-001686,2025-12-09 09:00:00,20251209,LH-007,CMP-ELE,Lighting circuit fault,WO-003418,2025-12-09 11:34:43,2025-12-09 12:10:33,0.6,2.58,3.18,9250.3,ELE-96,CMMS-SIM
F-001687,2025-12-10 11:00:00,20251210,LH-007,CMP-HYD,Main pump failure,WO-003419,2025-12-10 11:43:03,2025-12-10 22:41:13,10.97,0.72,11.69,9279.5,HYD-55,CMMS-SIM
F-001688,2025-12-14 02:30:00,20251214,LH-007,CMP-HYD,Valve block leak,WO-003420,2025-12-14 02:58:34,2025-12-14 08:35:11,5.61,0.48,6.09,9352.8,HYD-54,CMMS-SIM
F-001689,2025-12-18 09:00:00,20251218,LH-007,CMP-ENG,Cooling issue,WO-003424,2025-12-18 09:05:58,2025-12-18 14:03:10,4.95,0.1,5.05,9379.1,ENG-83,CMMS-SIM
F-001690,2025-12-19 20:30:00,20251219,LH-007,CMP-HYD,Hose burst,WO-003426,2025-12-19 22:13:40,2025-12-20 02:49:20,4.59,1.73,6.32,9390.6,HYD-26,CMMS-SIM
F-001691,2025-12-21 09:30:00,20251221,LH-007,CMP-ELE,Harness damage,WO-003427,2025-12-21 10:03:55,2025-12-21 12:21:21,2.29,0.57,2.86,9455.9,ELE-92,CMMS-SIM
F-001692,2025-12-26 19:00:00,20251226,LH-007,CMP-ELE,Sensor failure,WO-003429,2025-12-26 19:03:53,2025-12-27 01:19:56,6.27,0.06,6.33,9467.3,ELE-15,CMMS-SIM
F-001693,2025-12-30 02:30:00,20251230,LH-007,CMP-TYR,Track tension failure,WO-003433,2025-12-30 05:03:33,2025-12-30 10:13:11,5.16,2.56,7.72,9552.0,TYR-89,CMMS-SIM
F-001694,2026-01-03 01:30:00,20260103,LH-007,CMP-ELE,Harness damage,WO-003435,2026-01-03 02:44:40,2026-01-03 08:54:54,6.17,1.24,7.42,9597.6,ELE-47,CMMS-SIM
F-001695,2026-01-06 16:30:00,20260106,LH-007,CMP-HYD,Boom cylinder seal leak,WO-003436,2026-01-06 17:07:56,2026-01-06 21:34:21,4.44,0.63,5.07,9674.3,HYD-35,CMMS-SIM
F-001696,2026-01-11 02:00:00,20260111,LH-007,CMP-BRK,Brake pressure fault,WO-003438,2026-01-11 04:13:03,2026-01-11 17:52:48,13.66,2.22,15.88,9756.0,BRK-20,CMMS-SIM
F-001697,2026-01-11 08:30:00,20260111,LH-007,CMP-HYD,Valve block leak,WO-003439,2026-01-11 10:11:39,2026-01-11 23:07:32,12.93,1.69,14.63,9835.8,HYD-97,CMMS-SIM
F-001698,2026-01-14 14:30:00,20260114,LH-007,CMP-HYD,Main pump failure,WO-003442,2026-01-14 14:45:52,2026-01-14 20:19:02,5.55,0.26,5.82,9861.0,HYD-07,CMMS-SIM
F-001699,2026-01-17 02:00:00,20260117,LH-007,CMP-TYR,Tyre change,WO-003446,2026-01-17 04:16:17,2026-01-17 11:16:36,7.01,2.27,9.28,9895.2,TYR-15,CMMS-SIM
F-001700,2026-01-18 01:00:00,20260118,LH-007,CMP-ELE,Sensor failure,WO-003447,2026-01-18 01:23:10,2026-01-18 04:41:50,3.31,0.39,3.7,9947.5,ELE-57,CMMS-SIM
F-001701,2026-01-19 17:30:00,20260119,LH-007,CMP-SVC,Service-related defect,WO-003448,2026-01-19 18:49:59,2026-01-20 00:18:55,5.48,1.33,6.82,9989.3,SVC-70,CMMS-SIM
F-001702,2026-01-24 10:30:00,20260124,LH-007,CMP-HYD,Hose burst,WO-003453,2026-01-24 12:00:23,2026-01-24 15:41:08,3.68,1.51,5.19,10061.1,HYD-93,CMMS-SIM
F-001703,2026-01-24 18:00:00,20260124,LH-007,CMP-ENG,Turbo fault,WO-003454,2026-01-24 21:01:10,2026-01-25 00:18:45,3.29,3.02,6.31,10117.6,ENG-59,CMMS-SIM
F-001704,2026-02-01 16:30:00,20260201,LH-007,CMP-ENG,Turbo fault,WO-003455,2026-02-01 19:20:01,2026-02-02 07:29:53,12.16,2.83,15.0,10169.2,ENG-05,CMMS-SIM
F-001705,2026-02-03 13:30:00,20260203,LH-007,CMP-BRK,Brake pressure fault,WO-003457,2026-02-03 17:37:12,2026-02-03 19:54:00,2.28,4.12,6.4,10186.2,BRK-87,CMMS-SIM
F-001706,2026-02-07 04:30:00,20260207,LH-007,CMP-HYD,Main pump failure,WO-003460,2026-02-07 09:54:30,2026-02-07 19:07:20,9.21,5.41,14.62,10260.6,HYD-96,CMMS-SIM
F-001707,2026-02-08 10:00:00,20260208,LH-007,CMP-ELE,Harness damage,WO-003462,2026-02-08 12:01:53,2026-02-08 15:48:13,3.77,2.03,5.8,10302.3,ELE-34,CMMS-SIM
F-001708,2026-02-15 18:30:00,20260215,LH-007,CMP-ELE,Harness damage,WO-003464,2026-02-15 19:04:57,2026-02-15 21:13:07,2.14,0.58,2.72,10336.3,ELE-94,CMMS-SIM
F-001709,2026-02-17 00:00:00,20260217,LH-007,CMP-ELE,Sensor failure,WO-003465,2026-02-17 02:49:33,2026-02-17 06:13:26,3.4,2.83,6.22,10348.7,ELE-51,CMMS-SIM
F-001710,2026-02-17 23:30:00,20260217,LH-007,CMP-ELE,Lighting circuit fault,WO-003467,2026-02-18 00:51:22,2026-02-18 04:54:57,4.06,1.36,5.42,10364.0,ELE-24,CMMS-SIM
F-001711,2026-02-20 16:00:00,20260220,LH-007,CMP-ELE,Lighting circuit fault,WO-003468,2026-02-20 16:06:00,2026-02-20 19:21:25,3.26,0.1,3.36,10416.4,ELE-45,CMMS-SIM
F-001712,2026-02-21 22:00:00,20260221,LH-007,CMP-HYD,Hose burst,WO-003469,2026-02-21 22:33:52,2026-02-22 07:01:22,8.46,0.56,9.02,10442.8,HYD-08,CMMS-SIM
F-001713,2026-02-26 01:00:00,20260226,LH-007,CMP-HYD,Main pump failure,WO-003470,2026-02-26 02:23:08,2026-02-26 07:58:57,5.6,1.39,6.98,10514.1,HYD-43,CMMS-SIM
F-001714,2026-02-26 12:00:00,20260226,LH-007,CMP-HYD,Main pump failure,WO-003471,2026-02-26 12:10:12,2026-02-26 14:30:20,2.34,0.17,2.51,10539.7,HYD-49,CMMS-SIM
F-001715,2026-02-26 23:00:00,20260226,LH-007,CMP-HYD,Hose burst,WO-003472,2026-02-27 02:13:26,2026-02-27 04:23:35,2.17,3.22,5.39,10578.0,HYD-99,CMMS-SIM
F-001716,2026-02-27 09:00:00,20260227,LH-007,CMP-ELE,Sensor failure,WO-003473,2026-02-27 10:05:28,2026-02-27 15:14:42,5.15,1.09,6.25,10656.5,ELE-55,CMMS-SIM
F-001717,2026-03-01 12:30:00,20260301,LH-007,CMP-ELE,Harness damage,WO-003475,2026-03-01 13:53:32,2026-03-01 15:16:30,1.38,1.39,2.78,10731.6,ELE-74,CMMS-SIM
F-001718,2026-03-04 09:30:00,20260304,LH-007,CMP-HYD,Valve block leak,WO-003477,2026-03-04 11:43:53,2026-03-04 18:42:08,6.97,2.23,9.2,10815.0,HYD-76,CMMS-SIM
F-001719,2026-03-05 06:00:00,20260305,LH-007,CMP-ELE,Sensor failure,WO-003478,2026-03-05 06:17:30,2026-03-05 15:56:47,9.65,0.29,9.95,10862.3,ELE-34,CMMS-SIM
F-001720,2026-03-10 04:00:00,20260310,LH-007,CMP-TYR,Tyre change,WO-003483,2026-03-10 10:00:31,2026-03-10 15:29:29,5.48,6.01,11.49,10874.3,TYR-07,CMMS-SIM
F-001721,2026-03-11 01:30:00,20260311,LH-007,CMP-HYD,Boom cylinder seal leak,WO-003484,2026-03-11 06:14:06,2026-03-11 14:19:15,8.09,4.74,12.82,10962.5,HYD-07,CMMS-SIM
F-001722,2026-03-12 15:30:00,20260312,LH-007,CMP-ELE,Harness damage,WO-003485,2026-03-12 17:13:47,2026-03-12 22:27:56,5.24,1.73,6.97,11019.4,ELE-34,CMMS-SIM
F-001723,2026-03-20 23:30:00,20260320,LH-007,CMP-ELE,Lighting circuit fault,WO-003486,2026-03-20 23:39:08,2026-03-21 01:16:02,1.62,0.15,1.77,11039.9,ELE-41,CMMS-SIM
F-001724,2026-03-21 05:00:00,20260321,LH-007,CMP-BRK,Brake wear alarm,WO-003487,2026-03-21 09:45:07,2026-03-21 17:36:19,7.85,4.75,12.61,11121.7,BRK-32,CMMS-SIM
F-001725,2026-03-22 06:00:00,20260322,LH-007,CMP-HYD,Boom cylinder seal leak,WO-003488,2026-03-22 06:39:45,2026-03-22 14:53:56,8.24,0.66,8.9,11161.5,HYD-95,CMMS-SIM
F-001726,2026-03-23 07:00:00,20260323,LH-007,CMP-TYR,Tyre change,WO-003489,2026-03-23 08:09:57,2026-03-23 11:43:59,3.57,1.17,4.73,11188.9,TYR-49,CMMS-SIM
F-001727,2026-03-26 00:30:00,20260326,LH-007,CMP-HYD,Hose burst,WO-003491,2026-03-26 01:16:48,2026-03-26 11:03:28,9.78,0.78,10.56,11236.9,HYD-50,CMMS-SIM
F-001728,2026-03-27 21:00:00,20260327,LH-007,CMP-TYR,Tyre change,WO-003493,2026-03-27 23:26:17,2026-03-28 11:15:10,11.81,2.44,14.25,11326.1,TYR-40,CMMS-SIM
F-001729,2026-03-28 15:00:00,20260328,LH-007,CMP-HYD,Main pump failure,WO-003494,2026-03-28 15:35:59,2026-03-29 06:11:30,14.59,0.6,15.19,11353.8,HYD-08,CMMS-SIM
F-001730,2026-04-01 20:30:00,20260401,LH-007,CMP-ELE,Lighting circuit fault,WO-003496,2026-04-02 02:29:36,2026-04-02 06:33:30,4.07,5.99,10.06,11370.5,ELE-51,CMMS-SIM
F-001731,2026-04-02 01:00:00,20260402,LH-007,CMP-TYR,Sidewall damage,WO-003497,2026-04-02 03:22:07,2026-04-02 12:08:44,8.78,2.37,11.15,11385.9,TYR-26,CMMS-SIM
F-001732,2026-04-03 01:30:00,20260403,LH-007,CMP-SVC,Service-related defect,WO-003498,2026-04-03 02:54:39,2026-04-03 06:01:36,3.12,1.41,4.53,11431.8,SVC-68,CMMS-SIM
F-001733,2026-04-03 10:30:00,20260403,LH-007,CMP-TYR,Sidewall damage,WO-003499,2026-04-03 12:12:36,2026-04-03 13:51:29,1.65,1.71,3.36,11501.0,TYR-59,CMMS-SIM
F-001734,2026-04-13 04:30:00,20260413,LH-007,CMP-BRK,Brake pressure fault,WO-003501,2026-04-13 07:33:22,2026-04-13 19:02:12,11.48,3.06,14.54,11564.1,BRK-99,CMMS-SIM
F-001735,2026-04-14 14:30:00,20260414,LH-007,CMP-ELE,Lighting circuit fault,WO-003503,2026-04-14 15:12:16,2026-04-14 18:58:11,3.77,0.7,4.47,11640.0,ELE-81,CMMS-SIM
F-001736,2026-04-15 01:30:00,20260415,LH-007,CMP-ELE,Lighting circuit fault,WO-003504,2026-04-15 03:53:33,2026-04-15 15:32:10,11.64,2.39,14.04,11659.1,ELE-19,CMMS-SIM
F-001737,2026-04-20 14:00:00,20260420,LH-007,CMP-ELE,Harness damage,WO-003507,2026-04-20 14:44:36,2026-04-21 06:47:22,16.05,0.74,16.79,11726.6,ELE-39,CMMS-SIM
F-001738,2026-04-21 17:00:00,20260421,LH-007,CMP-HYD,Boom cylinder seal leak,WO-003508,2026-04-21 17:48:04,2026-04-21 22:02:19,4.24,0.8,5.04,11792.3,HYD-58,CMMS-SIM
F-001739,2026-04-23 14:00:00,20260423,LH-007,CMP-ELE,Sensor failure,WO-003510,2026-04-23 15:46:32,2026-04-23 20:13:36,4.45,1.78,6.23,11867.3,ELE-72,CMMS-SIM
F-001740,2026-05-03 12:30:00,20260503,LH-007,CMP-HYD,Hose burst,WO-003516,2026-05-03 13:48:12,2026-05-03 19:50:29,6.04,1.3,7.34,11940.0,HYD-67,CMMS-SIM
F-001741,2026-05-10 05:30:00,20260510,LH-007,CMP-HYD,Boom cylinder seal leak,WO-003520,2026-05-10 08:08:55,2026-05-10 08:52:21,0.72,2.65,3.37,11974.1,HYD-09,CMMS-SIM
F-001742,2026-05-11 15:30:00,20260511,LH-007,CMP-ENG,Cooling issue,WO-003521,2026-05-11 16:02:40,2026-05-11 23:16:16,7.23,0.54,7.77,12013.5,ENG-73,CMMS-SIM
F-001743,2026-05-12 14:00:00,20260512,LH-007,CMP-HYD,Hose burst,WO-003522,2026-05-12 16:45:33,2026-05-12 20:26:01,3.67,2.76,6.43,12041.6,HYD-21,CMMS-SIM
F-001744,2026-05-14 09:30:00,20260514,LH-007,CMP-BRK,Brake wear alarm,WO-003523,2026-05-14 10:17:36,2026-05-14 14:32:50,4.25,0.79,5.05,12065.3,BRK-23,CMMS-SIM
F-001745,2026-05-17 00:30:00,20260517,LH-007,CMP-ELE,Harness damage,WO-003525,2026-05-17 01:15:30,2026-05-17 09:30:02,8.24,0.76,9.0,12094.5,ELE-24,CMMS-SIM
F-001746,2026-05-25 00:30:00,20260525,LH-007,CMP-BRK,Brake wear alarm,WO-003527,2026-05-25 02:20:20,2026-05-25 09:54:14,7.57,1.84,9.4,12134.0,BRK-29,CMMS-SIM
F-001747,2026-05-31 11:30:00,20260531,LH-007,CMP-ELE,Sensor failure,WO-003531,2026-05-31 16:27:50,2026-06-01 01:48:37,9.35,4.96,14.31,12201.7,ELE-42,CMMS-SIM
F-001748,2026-06-03 10:30:00,20260603,LH-007,CMP-ELE,Sensor failure,WO-003532,2026-06-03 11:08:55,2026-06-03 13:44:20,2.59,0.65,3.24,12290.9,ELE-94,CMMS-SIM
F-001749,2026-06-11 21:00:00,20260611,LH-007,CMP-ELE,Harness damage,WO-003539,2026-06-11 21:00:18,2026-06-12 00:34:30,3.57,0.01,3.58,12351.8,ELE-10,CMMS-SIM
F-001750,2026-06-21 03:00:00,20260621,LH-007,CMP-HYD,Boom cylinder seal leak,WO-003541,2026-06-21 04:18:25,2026-06-21 06:33:16,2.25,1.31,3.55,12369.0,HYD-93,CMMS-SIM
F-001751,2026-06-22 20:00:00,20260622,LH-007,CMP-HYD,Valve block leak,WO-003542,2026-06-22 21:33:51,2026-06-23 03:37:11,6.06,1.56,7.62,12445.0,HYD-78,CMMS-SIM
F-001752,2026-06-23 18:00:00,20260623,LH-007,CMP-BRK,Brake pressure fault,WO-003543,2026-06-23 19:12:57,2026-06-23 20:31:12,1.3,1.22,2.52,12534.6,BRK-08,CMMS-SIM
F-001753,2026-06-24 14:30:00,20260624,LH-007,CMP-ELE,Harness damage,WO-003544,2026-06-24 18:10:54,2026-06-24 23:24:19,5.22,3.68,8.91,12597.6,ELE-89,CMMS-SIM
F-001754,2026-06-26 14:30:00,20260626,LH-007,CMP-BRK,Brake wear alarm,WO-003545,2026-06-26 14:39:30,2026-06-26 15:44:23,1.08,0.16,1.24,12664.5,BRK-56,CMMS-SIM
F-001755,2026-06-29 15:00:00,20260629,LH-007,CMP-ENG,Fuel system fault,WO-003548,2026-06-29 19:22:45,2026-06-30 04:05:59,8.72,4.38,13.1,12702.7,ENG-80,CMMS-SIM
F-001756,2026-06-30 07:00:00,20260630,LH-007,CMP-HYD,Valve block leak,WO-003549,2026-06-30 11:04:31,2026-06-30 18:02:53,6.97,4.08,11.05,12741.6,HYD-57,CMMS-SIM
F-001757,2026-07-03 02:30:00,20260703,LH-007,CMP-ENG,Fuel system fault,WO-003551,2026-07-03 07:26:00,2026-07-03 12:13:54,4.8,4.93,9.73,12786.6,ENG-40,CMMS-SIM
F-001758,2026-07-08 07:30:00,20260708,LH-007,CMP-ELE,Sensor failure,WO-003553,2026-07-08 10:28:27,2026-07-08 11:20:11,0.86,2.97,3.84,12849.0,ELE-80,CMMS-SIM
F-001759,2026-07-09 05:30:00,20260709,LH-007,CMP-HYD,Valve block leak,WO-003554,2026-07-09 06:01:29,2026-07-09 08:56:08,2.91,0.52,3.44,12900.1,HYD-16,CMMS-SIM
F-001760,2026-07-11 10:30:00,20260711,LH-007,CMP-BRK,Brake wear alarm,WO-003555,2026-07-11 11:31:43,2026-07-11 12:17:23,0.76,1.03,1.79,12933.2,BRK-85,CMMS-SIM
F-001761,2026-07-14 12:30:00,20260714,LH-007,CMP-ELE,Sensor failure,WO-003557,2026-07-14 13:08:00,2026-07-14 15:48:51,2.68,0.63,3.31,12977.4,ELE-40,CMMS-SIM
F-001762,2026-07-17 14:30:00,20260717,LH-007,CMP-ELE,Lighting circuit fault,WO-003558,2026-07-17 15:02:52,2026-07-18 05:50:42,14.8,0.55,15.35,13003.1,ELE-62,CMMS-SIM
F-001763,2026-07-28 06:30:00,20260728,LH-007,CMP-HYD,Main pump failure,WO-003562,2026-07-28 09:41:27,2026-07-28 13:57:43,4.27,3.19,7.46,13088.8,HYD-39,CMMS-SIM
F-001764,2026-07-28 22:30:00,20260728,LH-007,CMP-HYD,Main pump failure,WO-003563,2026-07-29 00:30:43,2026-07-29 04:47:40,4.28,2.01,6.29,13174.4,HYD-04,CMMS-SIM
F-001765,2026-07-29 22:00:00,20260729,LH-007,CMP-ELE,Harness damage,WO-003564,2026-07-29 23:41:42,2026-07-30 07:08:46,7.45,1.7,9.15,13242.1,ELE-12,CMMS-SIM
F-001766,2026-07-30 09:30:00,20260730,LH-007,CMP-ENG,Turbo fault,WO-003565,2026-07-30 10:53:06,2026-07-30 13:37:19,2.74,1.39,4.12,13256.4,ENG-91,CMMS-SIM
F-001767,2026-08-05 02:00:00,20260805,LH-007,CMP-HYD,Valve block leak,WO-003567,2026-08-05 02:35:35,2026-08-05 03:38:14,1.04,0.59,1.64,13326.7,HYD-79,CMMS-SIM
F-001768,2026-08-09 00:30:00,20260809,LH-007,CMP-HYD,Valve block leak,WO-003568,2026-08-09 01:51:35,2026-08-09 05:21:45,3.5,1.36,4.86,13400.6,HYD-36,CMMS-SIM
F-001769,2026-08-11 02:00:00,20260811,LH-007,CMP-BRK,Brake wear alarm,WO-003569,2026-08-11 03:06:34,2026-08-11 08:44:05,5.63,1.11,6.73,13417.6,BRK-40,CMMS-SIM
F-001770,2026-08-12 22:30:00,20260812,LH-007,CMP-HYD,Main pump failure,WO-003570,2026-08-12 23:50:00,2026-08-13 04:33:50,4.73,1.33,6.06,13436.0,HYD-38,CMMS-SIM
F-001771,2026-08-13 08:30:00,20260813,LH-007,CMP-HYD,Valve block leak,WO-003571,2026-08-13 09:26:28,2026-08-13 11:18:34,1.87,0.94,2.81,13465.6,HYD-89,CMMS-SIM
F-001772,2026-08-30 01:30:00,20260830,LH-007,CMP-BRK,Brake wear alarm,WO-003575,2026-08-30 04:57:12,2026-08-30 11:49:14,6.87,3.45,10.32,13488.4,BRK-43,CMMS-SIM
F-001773,2025-10-02 23:30:00,20251002,LH-008,CMP-TYR,Track tension failure,WO-003579,2025-10-03 01:57:02,2025-10-03 05:56:33,3.99,2.45,6.44,8054.0,TYR-43,CMMS-SIM
F-001774,2025-10-06 22:00:00,20251006,LH-008,CMP-HYD,Valve block leak,WO-003580,2025-10-07 00:40:11,2025-10-07 04:25:30,3.76,2.67,6.43,8108.9,HYD-72,CMMS-SIM
F-001775,2025-10-07 19:30:00,20251007,LH-008,CMP-ENG,Turbo fault,WO-003581,2025-10-07 21:11:01,2025-10-08 02:56:17,5.75,1.68,7.44,8176.3,ENG-29,CMMS-SIM
F-001776,2025-10-09 03:30:00,20251009,LH-008,CMP-ELE,Lighting circuit fault,WO-003582,2025-10-09 07:38:55,2025-10-09 12:39:33,5.01,4.15,9.16,8201.8,ELE-91,CMMS-SIM
F-001777,2025-10-09 23:00:00,20251009,LH-008,CMP-ELE,Lighting circuit fault,WO-003583,2025-10-09 23:12:32,2025-10-10 01:30:35,2.3,0.21,2.51,8220.5,ELE-78,CMMS-SIM
F-001778,2025-10-11 13:30:00,20251011,LH-008,CMP-HYD,Boom cylinder seal leak,WO-003584,2025-10-11 14:24:37,2025-10-11 16:30:41,2.1,0.91,3.01,8251.9,HYD-20,CMMS-SIM
F-001779,2025-10-14 07:30:00,20251014,LH-008,CMP-HYD,Hose burst,WO-003586,2025-10-14 09:12:51,2025-10-14 09:45:52,0.55,1.71,2.26,8286.9,HYD-17,CMMS-SIM
F-001780,2025-10-26 00:00:00,20251026,LH-008,CMP-ENG,Fuel system fault,WO-003597,2025-10-26 00:38:54,2025-10-26 01:49:29,1.18,0.65,1.82,8311.9,ENG-17,CMMS-SIM
F-001781,2025-10-27 02:00:00,20251027,LH-008,CMP-TYR,Track tension failure,WO-003598,2025-10-27 02:50:38,2025-10-27 07:40:03,4.82,0.84,5.67,8364.0,TYR-04,CMMS-SIM
F-001782,2025-10-28 08:00:00,20251028,LH-008,CMP-ELE,Sensor failure,WO-003599,2025-10-28 12:17:43,2025-10-28 15:42:55,3.42,4.3,7.72,8378.8,ELE-19,CMMS-SIM
F-001783,2025-10-30 15:30:00,20251030,LH-008,CMP-TYR,Track tension failure,WO-003601,2025-10-30 20:25:16,2025-10-30 23:54:14,3.48,4.92,8.4,8455.0,TYR-29,CMMS-SIM
F-001784,2025-11-01 04:30:00,20251101,LH-008,CMP-SVC,Service-related defect,WO-003602,2025-11-01 05:16:52,2025-11-01 12:47:16,7.51,0.78,8.29,8541.3,SVC-23,CMMS-SIM
F-001785,2025-11-03 03:30:00,20251103,LH-008,CMP-STR,Frame repair,WO-003606,2025-11-03 08:13:52,2025-11-03 14:32:31,6.31,4.73,11.04,8566.5,STR-31,CMMS-SIM
F-001786,2025-11-07 18:00:00,20251107,LH-008,CMP-TYR,Track tension failure,WO-003609,2025-11-07 18:13:03,2025-11-07 19:58:51,1.76,0.22,1.98,8578.9,TYR-20,CMMS-SIM
F-001787,2025-11-08 00:00:00,20251108,LH-008,CMP-HYD,Valve block leak,WO-003610,2025-11-08 00:42:36,2025-11-08 07:05:45,6.39,0.71,7.1,8622.5,HYD-60,CMMS-SIM
F-001788,2025-11-08 22:30:00,20251108,LH-008,CMP-BRK,Brake wear alarm,WO-003612,2025-11-08 23:04:03,2025-11-09 04:26:35,5.38,0.57,5.94,8707.3,BRK-78,CMMS-SIM
F-001789,2025-11-09 01:00:00,20251109,LH-008,CMP-HYD,Main pump failure,WO-003613,2025-11-09 02:41:37,2025-11-09 15:39:05,12.96,1.69,14.65,8788.4,HYD-79,CMMS-SIM
F-001790,2025-11-09 17:30:00,20251109,LH-008,CMP-ELE,Lighting circuit fault,WO-003615,2025-11-09 18:52:59,2025-11-10 01:01:32,6.14,1.38,7.53,8828.1,ELE-40,CMMS-SIM
F-001791,2025-11-11 20:30:00,20251111,LH-008,CMP-HYD,Boom cylinder seal leak,WO-003617,2025-11-12 00:51:04,2025-11-12 05:27:27,4.61,4.35,8.96,8856.7,HYD-29,CMMS-SIM
F-001792,2025-11-20 03:30:00,20251120,LH-008,CMP-HYD,Boom cylinder seal leak,WO-003620,2025-11-20 03:56:10,2025-11-20 08:07:35,4.19,0.44,4.63,8916.0,HYD-94,CMMS-SIM
F-001793,2025-12-03 03:00:00,20251203,LH-008,CMP-TYR,Tyre change,WO-003624,2025-12-03 03:10:53,2025-12-03 06:45:10,3.57,0.18,3.75,8953.4,TYR-03,CMMS-SIM
F-001794,2025-12-06 12:30:00,20251206,LH-008,CMP-HYD,Boom cylinder seal leak,WO-003627,2025-12-06 16:31:41,2025-12-07 03:25:15,10.89,4.03,14.92,8978.1,HYD-35,CMMS-SIM
F-001795,2025-12-07 12:30:00,20251207,LH-008,CMP-HYD,Boom cylinder seal leak,WO-003629,2025-12-07 16:36:07,2025-12-07 19:52:55,3.28,4.1,7.38,9022.4,HYD-92,CMMS-SIM
F-001796,2025-12-13 12:30:00,20251213,LH-008,CMP-ELE,Lighting circuit fault,WO-003635,2025-12-13 12:57:35,2025-12-13 23:01:23,10.06,0.46,10.52,9081.1,ELE-22,CMMS-SIM
F-001797,2025-12-15 23:30:00,20251215,LH-008,CMP-TRN,Torque converter issue,WO-003637,2025-12-15 23:53:49,2025-12-16 03:39:33,3.76,0.4,4.16,9149.0,TRN-77,CMMS-SIM
F-001798,2025-12-18 20:00:00,20251218,LH-008,CMP-ELE,Starter fault,WO-003638,2025-12-18 21:01:06,2025-12-19 04:39:04,7.63,1.02,8.65,9216.4,ELE-73,CMMS-SIM
F-001799,2025-12-22 06:00:00,20251222,LH-008,CMP-HYD,Main pump failure,WO-003643,2025-12-22 06:04:53,2025-12-22 16:01:41,9.95,0.08,10.03,9299.0,HYD-36,CMMS-SIM
F-001800,2025-12-23 18:30:00,20251223,LH-008,CMP-ELE,Harness damage,WO-003646,2025-12-23 21:07:34,2025-12-24 19:07:05,21.99,2.63,24.62,9318.8,ELE-57,CMMS-SIM
F-001801,2026-01-03 02:00:00,20260103,LH-008,CMP-BRK,Brake wear alarm,WO-003653,2026-01-03 05:02:41,2026-01-03 18:32:33,13.5,3.04,16.54,9382.8,BRK-28,CMMS-SIM
F-001802,2026-01-04 22:00:00,20260104,LH-008,CMP-HYD,Valve block leak,WO-003655,2026-01-04 23:29:13,2026-01-05 05:05:05,5.6,1.49,7.08,9438.3,HYD-56,CMMS-SIM
F-001803,2026-01-10 23:00:00,20260110,LH-008,CMP-HYD,Valve block leak,WO-003657,2026-01-10 23:30:30,2026-01-11 02:25:55,2.92,0.51,3.43,9491.6,HYD-66,CMMS-SIM
F-001804,2026-01-12 19:30:00,20260112,LH-008,CMP-HYD,Boom cylinder seal leak,WO-003660,2026-01-12 21:15:20,2026-01-12 22:51:20,1.6,1.76,3.36,9530.5,HYD-89,CMMS-SIM
F-001805,2026-01-21 07:30:00,20260121,LH-008,CMP-ELE,Lighting circuit fault,WO-003664,2026-01-21 07:51:53,2026-01-21 12:59:15,5.12,0.36,5.49,9560.8,ELE-81,CMMS-SIM
F-001806,2026-01-24 03:30:00,20260124,LH-008,CMP-TYR,Track tension failure,WO-003668,2026-01-24 06:29:28,2026-01-24 07:21:40,0.87,2.99,3.86,9602.1,TYR-74,CMMS-SIM
F-001807,2026-01-25 19:30:00,20260125,LH-008,CMP-TYR,Sidewall damage,WO-003670,2026-01-25 20:20:19,2026-01-25 22:05:19,1.75,0.84,2.59,9619.0,TYR-54,CMMS-SIM
F-001808,2026-01-29 05:00:00,20260129,LH-008,CMP-TYR,Tyre change,WO-003671,2026-01-29 05:26:40,2026-01-29 12:03:42,6.62,0.44,7.06,9688.4,TYR-20,CMMS-SIM
F-001809,2026-01-29 20:00:00,20260129,LH-008,CMP-HYD,Main pump failure,WO-003672,2026-01-29 20:35:43,2026-01-30 01:27:38,4.87,0.6,5.46,9768.0,HYD-39,CMMS-SIM
F-001810,2026-01-31 07:00:00,20260131,LH-008,CMP-HYD,Valve block leak,WO-003673,2026-01-31 08:24:02,2026-01-31 10:49:21,2.42,1.4,3.82,9781.3,HYD-26,CMMS-SIM
F-001811,2026-02-01 19:30:00,20260201,LH-008,CMP-HYD,Hose burst,WO-003674,2026-02-01 22:51:44,2026-02-02 00:35:21,1.73,3.36,5.09,9840.0,HYD-19,CMMS-SIM
F-001812,2026-02-02 07:30:00,20260202,LH-008,CMP-ELE,Starter fault,WO-003675,2026-02-02 11:26:25,2026-02-02 18:49:41,7.39,3.94,11.33,9909.5,ELE-25,CMMS-SIM
F-001813,2026-02-03 07:00:00,20260203,LH-008,CMP-ELE,Starter fault,WO-003676,2026-02-03 07:27:39,2026-02-03 10:45:12,3.29,0.46,3.75,9972.0,ELE-70,CMMS-SIM
F-001814,2026-02-04 19:00:00,20260204,LH-008,CMP-HYD,Boom cylinder seal leak,WO-003678,2026-02-04 19:40:57,2026-02-04 20:05:06,0.4,0.68,1.09,10024.2,HYD-14,CMMS-SIM
F-001815,2026-02-07 07:30:00,20260207,LH-008,CMP-HYD,Boom cylinder seal leak,WO-003679,2026-02-07 08:22:58,2026-02-07 10:17:20,1.91,0.88,2.79,10090.5,HYD-50,CMMS-SIM
F-001816,2026-02-15 09:30:00,20260215,LH-008,CMP-ELE,Harness damage,WO-003684,2026-02-15 10:27:34,2026-02-15 17:50:26,7.38,0.96,8.34,10128.0,ELE-09,CMMS-SIM
F-001817,2026-02-15 18:00:00,20260215,LH-008,CMP-ELE,Sensor failure,WO-003685,2026-02-15 20:13:22,2026-02-16 10:09:13,13.93,2.22,16.15,10149.4,ELE-46,CMMS-SIM
F-001818,2026-02-17 05:00:00,20260217,LH-008,CMP-HYD,Boom cylinder seal leak,WO-003686,2026-02-17 09:14:29,2026-02-17 12:56:22,3.7,4.24,7.94,10170.6,HYD-29,CMMS-SIM
F-001819,2026-02-18 17:00:00,20260218,LH-008,CMP-HYD,Hose burst,WO-003687,2026-02-18 17:07:32,2026-02-19 05:25:32,12.3,0.13,12.43,10230.1,HYD-97,CMMS-SIM
F-001820,2026-02-19 14:00:00,20260219,LH-008,CMP-TYR,Track tension failure,WO-003689,2026-02-19 15:05:27,2026-02-19 19:41:32,4.6,1.09,5.69,10250.9,TYR-32,CMMS-SIM
F-001821,2026-02-20 03:00:00,20260220,LH-008,CMP-HYD,Valve block leak,WO-003690,2026-02-20 03:45:08,2026-02-20 05:50:21,2.09,0.75,2.84,10293.3,HYD-12,CMMS-SIM
F-001822,2026-02-21 22:00:00,20260221,LH-008,CMP-ELE,Lighting circuit fault,WO-003692,2026-02-21 23:34:33,2026-02-22 06:12:36,6.63,1.58,8.21,10308.4,ELE-40,CMMS-SIM
F-001823,2026-02-26 03:30:00,20260226,LH-008,CMP-ELE,Starter fault,WO-003693,2026-02-26 03:57:41,2026-02-26 09:07:35,5.17,0.46,5.63,10386.3,ELE-13,CMMS-SIM
F-001824,2026-03-03 23:30:00,20260303,LH-008,CMP-ELE,Harness damage,WO-003699,2026-03-03 23:57:55,2026-03-04 04:57:32,4.99,0.47,5.46,10467.7,ELE-28,CMMS-SIM
F-001825,2026-03-09 14:00:00,20260309,LH-008,CMP-TYR,Sidewall damage,WO-003702,2026-03-09 16:28:02,2026-03-09 20:03:33,3.59,2.47,6.06,10548.5,TYR-33,CMMS-SIM
F-001826,2026-03-10 17:30:00,20260310,LH-008,CMP-ELE,Lighting circuit fault,WO-003703,2026-03-10 19:47:50,2026-03-10 22:38:46,2.85,2.3,5.15,10627.5,ELE-09,CMMS-SIM
F-001827,2026-03-11 21:30:00,20260311,LH-008,CMP-HYD,Valve block leak,WO-003705,2026-03-11 22:34:17,2026-03-12 07:46:32,9.2,1.07,10.28,10641.9,HYD-86,CMMS-SIM
F-001828,2026-03-16 16:00:00,20260316,LH-008,CMP-HYD,Valve block leak,WO-003710,2026-03-16 17:43:30,2026-03-17 01:17:35,7.57,1.73,9.29,10670.1,HYD-05,CMMS-SIM
F-001829,2026-03-18 21:30:00,20260318,LH-008,CMP-HYD,Main pump failure,WO-003711,2026-03-18 23:43:00,2026-03-19 09:37:37,9.91,2.22,12.13,10699.7,HYD-89,CMMS-SIM
F-001830,2026-03-19 06:00:00,20260319,LH-008,CMP-ENG,Turbo fault,WO-003712,2026-03-19 13:23:20,2026-03-19 17:52:19,4.48,7.39,11.87,10730.0,ENG-90,CMMS-SIM
F-001831,2026-03-19 15:00:00,20260319,LH-008,CMP-ELE,Lighting circuit fault,WO-003713,2026-03-19 18:40:29,2026-03-20 01:29:13,6.81,3.67,10.49,10774.9,ELE-38,CMMS-SIM
F-001832,2026-03-21 02:00:00,20260321,LH-008,CMP-HYD,Main pump failure,WO-003714,2026-03-21 03:03:33,2026-03-21 06:26:33,3.38,1.06,4.44,10838.9,HYD-43,CMMS-SIM
F-001833,2026-03-21 07:30:00,20260321,LH-008,CMP-HYD,Boom cylinder seal leak,WO-003715,2026-03-21 12:48:29,2026-03-21 19:43:20,6.91,5.31,12.22,10899.2,HYD-21,CMMS-SIM
F-001834,2026-03-22 23:00:00,20260322,LH-008,CMP-TYR,Sidewall damage,WO-003716,2026-03-23 02:04:05,2026-03-23 07:05:38,5.03,3.07,8.09,10964.4,TYR-95,CMMS-SIM
F-001835,2026-03-30 18:00:00,20260330,LH-008,CMP-ELE,Sensor failure,WO-003719,2026-03-30 19:50:52,2026-03-31 04:53:34,9.05,1.85,10.89,11005.4,ELE-07,CMMS-SIM
F-001836,2026-03-31 18:30:00,20260331,LH-008,CMP-HYD,Hose burst,WO-003721,2026-03-31 20:53:32,2026-04-01 01:04:53,4.19,2.39,6.58,11078.1,HYD-70,CMMS-SIM
F-001837,2026-04-04 13:00:00,20260404,LH-008,CMP-ELE,Harness damage,WO-003724,2026-04-04 13:19:52,2026-04-04 21:44:57,8.42,0.33,8.75,11149.0,ELE-80,CMMS-SIM
F-001838,2026-04-07 08:00:00,20260407,LH-008,CMP-TYR,Sidewall damage,WO-003725,2026-04-07 10:59:28,2026-04-07 16:08:37,5.15,2.99,8.14,11179.9,TYR-80,CMMS-SIM
F-001839,2026-04-11 11:30:00,20260411,LH-008,CMP-ENG,Cooling issue,WO-003729,2026-04-11 14:50:45,2026-04-11 19:12:25,4.36,3.35,7.71,11201.6,ENG-31,CMMS-SIM
F-001840,2026-04-16 01:00:00,20260416,LH-008,CMP-HYD,Hose burst,WO-003732,2026-04-16 02:12:30,2026-04-16 06:19:33,4.12,1.21,5.33,11291.2,HYD-67,CMMS-SIM
F-001841,2026-04-18 07:30:00,20260418,LH-008,CMP-HYD,Main pump failure,WO-003733,2026-04-18 09:16:42,2026-04-19 02:56:54,17.67,1.78,19.45,11333.1,HYD-56,CMMS-SIM
F-001842,2026-04-21 12:00:00,20260421,LH-008,CMP-BRK,Brake wear alarm,WO-003735,2026-04-21 13:55:24,2026-04-21 19:18:55,5.39,1.92,7.32,11355.6,BRK-94,CMMS-SIM
F-001843,2026-04-24 23:00:00,20260424,LH-008,CMP-OTH,Other mechanical fault,WO-003737,2026-04-24 23:49:47,2026-04-25 04:47:21,4.96,0.83,5.79,11418.6,OTH-83,CMMS-SIM
F-001844,2026-04-26 12:30:00,20260426,LH-008,CMP-ELE,Sensor failure,WO-003739,2026-04-26 12:37:03,2026-04-26 19:41:45,7.08,0.12,7.2,11484.7,ELE-42,CMMS-SIM
F-001845,2026-04-30 06:30:00,20260430,LH-008,CMP-ELE,Lighting circuit fault,WO-003741,2026-04-30 10:44:16,2026-04-30 13:05:02,2.35,4.24,6.58,11509.2,ELE-32,CMMS-SIM
F-001846,2026-05-01 06:00:00,20260501,LH-008,CMP-TYR,Track tension failure,WO-003742,2026-05-01 08:19:23,2026-05-01 11:33:56,3.24,2.32,5.57,11577.9,TYR-96,CMMS-SIM
F-001847,2026-05-03 17:00:00,20260503,LH-008,CMP-TYR,Track tension failure,WO-003744,2026-05-03 17:51:00,2026-05-04 06:29:51,12.65,0.85,13.5,11615.6,TYR-53,CMMS-SIM
F-001848,2026-05-04 22:30:00,20260504,LH-008,CMP-ELE,Sensor failure,WO-003745,2026-05-05 00:08:34,2026-05-05 08:09:16,8.01,1.64,9.65,11655.8,ELE-78,CMMS-SIM
F-001849,2026-05-07 06:30:00,20260507,LH-008,CMP-TYR,Sidewall damage,WO-003746,2026-05-07 07:41:17,2026-05-07 21:41:21,14.0,1.19,15.19,11694.8,TYR-21,CMMS-SIM
F-001850,2026-05-09 03:30:00,20260509,LH-008,CMP-TYR,Tyre change,WO-003747,2026-05-09 04:34:39,2026-05-09 05:40:37,1.1,1.08,2.18,11717.3,TYR-37,CMMS-SIM
F-001851,2026-05-10 08:30:00,20260510,LH-008,CMP-ELE,Harness damage,WO-003749,2026-05-10 10:05:05,2026-05-10 19:23:26,9.31,1.58,10.89,11745.7,ELE-05,CMMS-SIM
F-001852,2026-05-12 13:00:00,20260512,LH-008,CMP-ELE,Lighting circuit fault,WO-003750,2026-05-12 14:46:57,2026-05-12 23:33:56,8.78,1.78,10.57,11785.7,ELE-44,CMMS-SIM
F-001853,2026-05-16 12:30:00,20260516,LH-008,CMP-TYR,Sidewall damage,WO-003751,2026-05-16 14:08:31,2026-05-16 18:41:52,4.56,1.64,6.2,11855.4,TYR-80,CMMS-SIM
F-001854,2026-05-21 12:00:00,20260521,LH-008,CMP-ENG,Turbo fault,WO-003754,2026-05-21 13:16:17,2026-05-21 15:47:47,2.53,1.27,3.8,11917.3,ENG-93,CMMS-SIM
F-001855,2026-05-28 10:30:00,20260528,LH-008,CMP-OTH,Other mechanical fault,WO-003755,2026-05-28 12:17:58,2026-05-28 17:49:59,5.53,1.8,7.33,11936.2,OTH-91,CMMS-SIM
F-001856,2026-05-29 21:30:00,20260529,LH-008,CMP-HYD,Boom cylinder seal leak,WO-003756,2026-05-30 00:09:26,2026-05-30 13:02:58,12.89,2.66,15.55,11981.6,HYD-94,CMMS-SIM
F-001857,2026-05-30 12:00:00,20260530,LH-008,CMP-ELE,Starter fault,WO-003758,2026-05-30 12:37:51,2026-05-30 22:50:27,10.21,0.63,10.84,12031.1,ELE-64,CMMS-SIM
F-001858,2026-06-06 00:30:00,20260606,LH-008,CMP-TYR,Track tension failure,WO-003759,2026-06-06 00:39:28,2026-06-06 20:52:48,20.22,0.16,20.38,12074.4,TYR-04,CMMS-SIM
F-001859,2026-06-09 08:00:00,20260609,LH-008,CMP-TYR,Tyre change,WO-003761,2026-06-09 08:25:43,2026-06-09 15:21:11,6.92,0.43,7.35,12163.6,TYR-63,CMMS-SIM
F-001860,2026-06-10 04:00:00,20260610,LH-008,CMP-HYD,Valve block leak,WO-003762,2026-06-10 06:13:43,2026-06-10 19:34:22,13.34,2.23,15.57,12234.5,HYD-63,CMMS-SIM
F-001861,2026-06-12 08:00:00,20260612,LH-008,CMP-HYD,Valve block leak,WO-003764,2026-06-12 09:33:49,2026-06-12 17:51:53,8.3,1.56,9.86,12259.6,HYD-03,CMMS-SIM
F-001862,2026-06-13 17:00:00,20260613,LH-008,CMP-STR,Crack inspection,WO-003765,2026-06-13 18:22:03,2026-06-14 02:50:10,8.47,1.37,9.84,12330.8,STR-72,CMMS-SIM
F-001863,2026-06-14 08:30:00,20260614,LH-008,CMP-HYD,Main pump failure,WO-003766,2026-06-14 11:16:27,2026-06-14 17:03:23,5.78,2.77,8.56,12369.1,HYD-17,CMMS-SIM
F-001864,2026-06-17 18:30:00,20260617,LH-008,CMP-HYD,Valve block leak,WO-003767,2026-06-17 21:52:01,2026-06-18 02:37:03,4.75,3.37,8.12,12436.1,HYD-16,CMMS-SIM
F-001865,2026-06-20 15:30:00,20260620,LH-008,CMP-ELE,Sensor failure,WO-003768,2026-06-20 17:47:15,2026-06-20 23:05:48,5.31,2.29,7.6,12504.8,ELE-99,CMMS-SIM
F-001866,2026-06-22 00:30:00,20260622,LH-008,CMP-ELE,Harness damage,WO-003769,2026-06-22 01:27:12,2026-06-22 08:30:36,7.06,0.95,8.01,12551.5,ELE-23,CMMS-SIM
F-001867,2026-06-23 05:30:00,20260623,LH-008,CMP-HYD,Boom cylinder seal leak,WO-003770,2026-06-23 08:22:25,2026-06-23 13:39:54,5.29,2.87,8.17,12627.7,HYD-87,CMMS-SIM
F-001868,2026-07-04 04:30:00,20260704,LH-008,CMP-ELE,Harness damage,WO-003773,2026-07-04 07:46:32,2026-07-04 10:50:38,3.07,3.28,6.34,12661.3,ELE-58,CMMS-SIM
F-001869,2026-07-10 08:30:00,20260710,LH-008,CMP-HYD,Valve block leak,WO-003775,2026-07-10 09:01:55,2026-07-10 12:37:11,3.59,0.53,4.12,12704.4,HYD-57,CMMS-SIM
F-001870,2026-07-16 14:00:00,20260716,LH-008,CMP-HYD,Main pump failure,WO-003776,2026-07-16 14:44:36,2026-07-16 19:22:57,4.64,0.74,5.38,12775.3,HYD-19,CMMS-SIM
F-001871,2026-07-25 12:00:00,20260725,LH-008,CMP-TYR,Tyre change,WO-003780,2026-07-25 14:22:32,2026-07-25 21:25:31,7.05,2.38,9.43,12804.3,TYR-06,CMMS-SIM
F-001872,2026-07-26 14:00:00,20260726,LH-008,CMP-HYD,Boom cylinder seal leak,WO-003781,2026-07-26 14:24:14,2026-07-26 17:42:30,3.3,0.4,3.71,12891.2,HYD-93,CMMS-SIM
F-001873,2026-07-30 21:30:00,20260730,LH-008,CMP-HYD,Main pump failure,WO-003782,2026-07-30 22:04:21,2026-07-31 08:13:30,10.15,0.57,10.73,12946.4,HYD-26,CMMS-SIM
F-001874,2026-08-05 02:30:00,20260805,LH-008,CMP-TYR,Sidewall damage,WO-003784,2026-08-05 05:01:26,2026-08-05 07:21:49,2.34,2.52,4.86,12993.2,TYR-58,CMMS-SIM
F-001875,2026-08-07 11:30:00,20260807,LH-008,CMP-ELE,Starter fault,WO-003785,2026-08-07 13:26:30,2026-08-07 19:58:19,6.53,1.94,8.47,13075.4,ELE-93,CMMS-SIM
F-001876,2026-08-20 15:00:00,20260820,LH-008,CMP-HYD,Valve block leak,WO-003790,2026-08-20 15:57:17,2026-08-20 20:30:45,4.56,0.95,5.51,13138.3,HYD-57,CMMS-SIM
F-001877,2026-08-21 19:30:00,20260821,LH-008,CMP-ELE,Starter fault,WO-003791,2026-08-21 19:47:26,2026-08-22 01:32:49,5.76,0.29,6.05,13194.2,ELE-56,CMMS-SIM
F-001878,2026-08-23 14:30:00,20260823,LH-008,CMP-HYD,Main pump failure,WO-003792,2026-08-23 15:51:44,2026-08-24 01:51:07,9.99,1.36,11.35,13240.6,HYD-52,CMMS-SIM
F-001879,2026-09-08 23:30:00,20260908,LH-008,CMP-ELE,Starter fault,WO-003797,2026-09-09 01:12:44,2026-09-09 04:26:54,3.24,1.71,4.95,13317.1,ELE-55,CMMS-SIM
F-001880,2026-09-19 04:30:00,20260919,LH-008,CMP-HYD,Valve block leak,WO-003800,2026-09-19 10:49:58,2026-09-19 11:46:03,0.93,6.33,7.27,13335.0,HYD-61,CMMS-SIM
F-001881,2025-10-01 20:30:00,20251001,JD-001,CMP-HYD,Main pump failure,WO-003801,2025-10-02 01:52:22,2025-10-02 07:44:19,5.87,5.37,11.24,8045.8,HYD-24,CMMS-SIM
F-001882,2025-10-02 17:30:00,20251002,JD-001,CMP-TRN,Transmission shift fault,WO-003804,2025-10-02 18:22:14,2025-10-03 02:10:23,7.8,0.87,8.67,8118.3,TRN-16,CMMS-SIM
F-001883,2025-10-03 04:30:00,20251003,JD-001,CMP-ELE,Lighting circuit fault,WO-003805,2025-10-03 04:45:25,2025-10-03 09:14:40,4.49,0.26,4.74,8173.3,ELE-07,CMMS-SIM
F-001884,2025-10-04 12:30:00,20251004,JD-001,CMP-HYD,Valve block leak,WO-003807,2025-10-04 14:41:12,2025-10-04 16:47:48,2.11,2.19,4.3,8198.5,HYD-02,CMMS-SIM
F-001885,2025-10-04 16:30:00,20251004,JD-001,CMP-HYD,Valve block leak,WO-003808,2025-10-05 00:43:32,2025-10-05 10:13:37,9.5,8.23,17.73,8216.1,HYD-03,CMMS-SIM
F-001886,2025-10-08 02:00:00,20251008,JD-001,CMP-HYD,Hose burst,WO-003810,2025-10-08 03:42:11,2025-10-08 11:02:36,7.34,1.7,9.04,8272.1,HYD-29,CMMS-SIM
F-001887,2025-10-08 11:00:00,20251008,JD-001,CMP-ELE,Starter fault,WO-003811,2025-10-08 12:16:22,2025-10-08 17:21:54,5.09,1.27,6.37,8330.8,ELE-85,CMMS-SIM
F-001888,2025-10-08 21:00:00,20251008,JD-001,CMP-TYR,Tyre change,WO-003812,2025-10-08 21:19:28,2025-10-09 03:09:44,5.84,0.32,6.16,8346.3,TYR-69,CMMS-SIM
F-001889,2025-10-16 12:00:00,20251016,JD-001,CMP-ELE,Lighting circuit fault,WO-003817,2025-10-16 13:50:14,2025-10-17 00:46:33,10.94,1.84,12.78,8389.8,ELE-93,CMMS-SIM
F-001890,2025-10-19 20:00:00,20251019,JD-001,CMP-TYR,Track tension failure,WO-003820,2025-10-19 20:31:11,2025-10-20 05:05:27,8.57,0.52,9.09,8466.5,TYR-13,CMMS-SIM
F-001891,2025-10-21 01:00:00,20251021,JD-001,CMP-HYD,Boom cylinder seal leak,WO-003821,2025-10-21 05:20:53,2025-10-21 10:29:49,5.15,4.35,9.5,8503.1,HYD-10,CMMS-SIM
F-001892,2025-10-22 09:00:00,20251022,JD-001,CMP-ELE,Lighting circuit fault,WO-003822,2025-10-22 11:29:35,2025-10-23 03:03:35,15.57,2.49,18.06,8557.1,ELE-92,CMMS-SIM
F-001893,2025-10-23 10:30:00,20251023,JD-001,CMP-ELE,Harness damage,WO-003823,2025-10-23 13:14:48,2025-10-23 17:48:04,4.55,2.75,7.3,8625.6,ELE-85,CMMS-SIM
F-001894,2025-10-27 10:00:00,20251027,JD-001,CMP-ENG,Fuel system fault,WO-003825,2025-10-27 11:11:50,2025-10-27 18:07:43,6.93,1.2,8.13,8702.7,ENG-69,CMMS-SIM
F-001895,2025-11-06 23:00:00,20251106,JD-001,CMP-BRK,Brake pressure fault,WO-003832,2025-11-06 23:42:20,2025-11-07 02:20:51,2.64,0.71,3.35,8732.8,BRK-78,CMMS-SIM
F-001896,2025-11-07 09:30:00,20251107,JD-001,CMP-ELE,Harness damage,WO-003833,2025-11-07 13:28:31,2025-11-07 21:58:49,8.5,3.98,12.48,8761.4,ELE-86,CMMS-SIM
F-001897,2025-11-12 16:00:00,20251112,JD-001,CMP-ELE,Harness damage,WO-003837,2025-11-12 16:06:44,2025-11-12 20:24:46,4.3,0.11,4.41,8807.9,ELE-03,CMMS-SIM
F-001898,2025-11-13 20:30:00,20251113,JD-001,CMP-HYD,Boom cylinder seal leak,WO-003838,2025-11-14 00:09:55,2025-11-14 06:17:46,6.13,3.67,9.8,8828.1,HYD-54,CMMS-SIM
F-001899,2025-11-15 04:30:00,20251115,JD-001,CMP-HYD,Valve block leak,WO-003839,2025-11-15 07:32:03,2025-11-15 10:43:43,3.19,3.03,6.23,8908.0,HYD-79,CMMS-SIM
F-001900,2025-11-17 14:30:00,20251117,JD-001,CMP-HYD,Hose burst,WO-003844,2025-11-17 18:12:25,2025-11-18 00:05:12,5.88,3.71,9.59,8971.0,HYD-48,CMMS-SIM
F-001901,2025-11-27 10:30:00,20251127,JD-001,CMP-BRK,Brake wear alarm,WO-003849,2025-11-27 11:16:18,2025-11-27 21:17:25,10.02,0.77,10.79,9040.3,BRK-73,CMMS-SIM
F-001902,2025-12-02 21:00:00,20251202,JD-001,CMP-HYD,Main pump failure,WO-003850,2025-12-02 21:46:16,2025-12-03 02:06:21,4.33,0.77,5.11,9073.4,HYD-14,CMMS-SIM
F-001903,2025-12-06 11:30:00,20251206,JD-001,CMP-BRK,Brake wear alarm,WO-003852,2025-12-06 11:51:23,2025-12-07 02:13:34,14.37,0.36,14.73,9102.7,BRK-54,CMMS-SIM
F-001904,2025-12-11 06:30:00,20251211,JD-001,CMP-OTH,Other mechanical fault,WO-003855,2025-12-11 07:38:59,2025-12-11 12:10:55,4.53,1.15,5.68,9156.7,OTH-16,CMMS-SIM
F-001905,2025-12-13 20:00:00,20251213,JD-001,CMP-ELE,Sensor failure,WO-003856,2025-12-13 21:50:11,2025-12-14 08:34:22,10.74,1.84,12.57,9246.6,ELE-19,CMMS-SIM
F-001906,2025-12-25 13:30:00,20251225,JD-001,CMP-ELE,Starter fault,WO-003859,2025-12-25 17:09:52,2025-12-26 01:20:38,8.18,3.66,11.84,9269.4,ELE-48,CMMS-SIM
F-001907,2025-12-25 23:00:00,20251225,JD-001,CMP-TYR,Track tension failure,WO-003860,2025-12-25 23:10:02,2025-12-26 00:03:50,0.9,0.17,1.06,9293.0,TYR-05,CMMS-SIM
F-001908,2025-12-27 21:30:00,20251227,JD-001,CMP-HYD,Hose burst,WO-003862,2025-12-27 23:49:34,2025-12-28 06:44:00,6.91,2.33,9.23,9304.6,HYD-87,CMMS-SIM
F-001909,2025-12-31 10:00:00,20251231,JD-001,CMP-ENG,Turbo fault,WO-003865,2025-12-31 13:43:37,2025-12-31 15:18:06,1.57,3.73,5.3,9369.5,ENG-24,CMMS-SIM
F-001910,2026-01-03 06:00:00,20260103,JD-001,CMP-ELE,Harness damage,WO-003868,2026-01-03 06:53:07,2026-01-03 15:19:24,8.44,0.89,9.32,9439.9,ELE-37,CMMS-SIM
F-001911,2026-01-08 03:30:00,20260108,JD-001,CMP-HYD,Hose burst,WO-003872,2026-01-08 10:04:20,2026-01-08 14:52:03,4.8,6.57,11.37,9500.3,HYD-87,CMMS-SIM
F-001912,2026-01-09 20:00:00,20260109,JD-001,CMP-TYR,Tyre change,WO-003874,2026-01-09 20:16:55,2026-01-10 13:43:07,17.44,0.28,17.72,9582.3,TYR-32,CMMS-SIM
F-001913,2026-01-17 18:00:00,20260117,JD-001,CMP-ELE,Harness damage,WO-003878,2026-01-17 18:37:28,2026-01-18 04:05:09,9.46,0.62,10.09,9656.5,ELE-18,CMMS-SIM
F-001914,2026-01-20 03:00:00,20260120,JD-001,CMP-HYD,Valve block leak,WO-003880,2026-01-20 06:16:42,2026-01-20 21:45:46,15.48,3.28,18.76,9679.9,HYD-17,CMMS-SIM
F-001915,2026-01-23 04:00:00,20260123,JD-001,CMP-HYD,Boom cylinder seal leak,WO-003882,2026-01-23 05:03:13,2026-01-23 19:39:29,14.6,1.05,15.66,9736.9,HYD-63,CMMS-SIM
F-001916,2026-01-27 08:30:00,20260127,JD-001,CMP-ELE,Lighting circuit fault,WO-003884,2026-01-27 11:02:05,2026-01-27 13:53:01,2.85,2.53,5.38,9800.2,ELE-22,CMMS-SIM
F-001917,2026-02-06 18:00:00,20260206,JD-001,CMP-ELE,Sensor failure,WO-003889,2026-02-06 18:31:15,2026-02-07 17:10:43,22.66,0.52,23.18,9826.6,ELE-09,CMMS-SIM
F-001918,2026-02-11 07:00:00,20260211,JD-001,CMP-ENG,Cooling issue,WO-003891,2026-02-11 09:38:35,2026-02-11 14:50:39,5.2,2.64,7.84,9906.5,ENG-89,CMMS-SIM
F-001919,2026-02-16 08:00:00,20260216,JD-001,CMP-ELE,Sensor failure,WO-003894,2026-02-16 10:50:51,2026-02-16 20:34:51,9.73,2.85,12.58,9991.9,ELE-42,CMMS-SIM
F-001920,2026-02-17 07:30:00,20260217,JD-001,CMP-ENG,Turbo fault,WO-003895,2026-02-17 08:20:43,2026-02-17 17:57:55,9.62,0.85,10.47,10049.1,ENG-32,CMMS-SIM
F-001921,2026-02-19 09:30:00,20260219,JD-001,CMP-TYR,Tyre change,WO-003897,2026-02-19 10:33:03,2026-02-19 15:28:03,4.92,1.05,5.97,10078.2,TYR-17,CMMS-SIM
F-001922,2026-02-21 15:30:00,20260221,JD-001,CMP-TYR,Tyre change,WO-003900,2026-02-21 18:21:19,2026-02-22 01:33:22,7.2,2.86,10.06,10115.5,TYR-77,CMMS-SIM
F-001923,2026-02-24 20:30:00,20260224,JD-001,CMP-HYD,Main pump failure,WO-003902,2026-02-24 22:23:47,2026-02-25 03:30:09,5.11,1.9,7.0,10136.7,HYD-04,CMMS-SIM
F-001924,2026-02-28 17:30:00,20260228,JD-001,CMP-BRK,Brake pressure fault,WO-003904,2026-02-28 17:38:30,2026-02-28 18:30:19,0.86,0.14,1.01,10221.0,BRK-66,CMMS-SIM
F-001925,2026-03-02 13:00:00,20260302,JD-001,CMP-TYR,Track tension failure,WO-003906,2026-03-02 15:25:26,2026-03-02 20:38:28,5.22,2.42,7.64,10307.7,TYR-08,CMMS-SIM
F-001926,2026-03-04 07:00:00,20260304,JD-001,CMP-ELE,Harness damage,WO-003909,2026-03-04 07:40:57,2026-03-04 10:02:27,2.36,0.68,3.04,10378.8,ELE-26,CMMS-SIM
F-001927,2026-03-06 13:30:00,20260306,JD-001,CMP-ELE,Harness damage,WO-003912,2026-03-06 14:24:57,2026-03-06 19:18:43,4.9,0.92,5.81,10412.9,ELE-87,CMMS-SIM
F-001928,2026-03-06 23:00:00,20260306,JD-001,CMP-ELE,Lighting circuit fault,WO-003913,2026-03-06 23:01:28,2026-03-07 00:45:49,1.74,0.02,1.76,10424.7,ELE-47,CMMS-SIM
F-001929,2026-03-10 01:00:00,20260310,JD-001,CMP-TYR,Tyre change,WO-003915,2026-03-10 06:14:05,2026-03-10 12:21:41,6.13,5.23,11.36,10509.9,TYR-73,CMMS-SIM
F-001930,2026-03-13 04:30:00,20260313,JD-001,CMP-HYD,Main pump failure,WO-003916,2026-03-13 05:11:44,2026-03-13 06:51:04,1.66,0.7,2.35,10586.5,HYD-78,CMMS-SIM
F-001931,2026-03-14 02:30:00,20260314,JD-001,CMP-TYR,Track tension failure,WO-003918,2026-03-14 03:57:43,2026-03-14 09:12:46,5.25,1.46,6.71,10623.0,TYR-86,CMMS-SIM
F-001932,2026-03-17 08:30:00,20260317,JD-001,CMP-TYR,Sidewall damage,WO-003921,2026-03-17 08:51:35,2026-03-17 12:20:03,3.47,0.36,3.83,10697.1,TYR-36,CMMS-SIM
F-001933,2026-03-18 15:30:00,20260318,JD-001,CMP-BRK,Brake pressure fault,WO-003922,2026-03-18 15:46:57,2026-03-18 19:16:02,3.48,0.28,3.77,10732.1,BRK-64,CMMS-SIM
F-001934,2026-03-25 08:30:00,20260325,JD-001,CMP-BRK,Brake pressure fault,WO-003927,2026-03-25 09:27:46,2026-03-25 13:48:09,4.34,0.96,5.3,10793.2,BRK-68,CMMS-SIM
F-001935,2026-03-26 17:30:00,20260326,JD-001,CMP-HYD,Valve block leak,WO-003928,2026-03-26 18:53:33,2026-03-27 01:05:33,6.2,1.39,7.59,10844.2,HYD-12,CMMS-SIM
F-001936,2026-03-30 00:00:00,20260330,JD-001,CMP-ELE,Sensor failure,WO-003929,2026-03-30 03:31:42,2026-03-30 07:49:28,4.3,3.53,7.82,10889.5,ELE-75,CMMS-SIM
F-001937,2026-03-30 18:30:00,20260330,JD-001,CMP-TYR,Tyre change,WO-003930,2026-03-30 18:40:59,2026-03-30 23:39:41,4.98,0.18,5.16,10960.8,TYR-03,CMMS-SIM
F-001938,2026-04-10 01:30:00,20260410,JD-001,CMP-HYD,Main pump failure,WO-003934,2026-04-10 02:40:12,2026-04-10 09:46:57,7.11,1.17,8.28,11005.4,HYD-36,CMMS-SIM
F-001939,2026-04-15 14:00:00,20260415,JD-001,CMP-HYD,Hose burst,WO-003937,2026-04-15 14:18:54,2026-04-15 22:21:06,8.04,0.32,8.35,11063.4,HYD-05,CMMS-SIM
F-001940,2026-04-16 20:00:00,20260416,JD-001,CMP-HYD,Main pump failure,WO-003939,2026-04-16 20:26:48,2026-04-17 07:29:22,11.04,0.45,11.49,11139.3,HYD-36,CMMS-SIM
F-001941,2026-04-17 20:30:00,20260417,JD-001,CMP-ELE,Harness damage,WO-003941,2026-04-17 23:18:09,2026-04-18 03:34:51,4.28,2.8,7.08,11210.8,ELE-98,CMMS-SIM
F-001942,2026-04-23 07:00:00,20260423,JD-001,CMP-HYD,Boom cylinder seal leak,WO-003945,2026-04-23 07:25:17,2026-04-23 13:53:38,6.47,0.42,6.89,11292.4,HYD-72,CMMS-SIM
F-001943,2026-04-25 07:30:00,20260425,JD-001,CMP-HYD,Boom cylinder seal leak,WO-003947,2026-04-25 08:25:21,2026-04-25 10:16:14,1.85,0.92,2.77,11358.4,HYD-33,CMMS-SIM
F-001944,2026-05-01 21:00:00,20260501,JD-001,CMP-SVC,Service-related defect,WO-003951,2026-05-01 23:08:44,2026-05-02 02:42:07,3.56,2.15,5.7,11420.3,SVC-35,CMMS-SIM
F-001945,2026-05-03 11:00:00,20260503,JD-001,CMP-TYR,Sidewall damage,WO-003952,2026-05-03 11:47:22,2026-05-03 15:05:03,3.29,0.79,4.08,11454.6,TYR-92,CMMS-SIM
F-001946,2026-05-06 05:00:00,20260506,JD-001,CMP-HYD,Hose burst,WO-003953,2026-05-06 05:05:38,2026-05-06 17:27:58,12.37,0.09,12.47,11480.1,HYD-35,CMMS-SIM
F-001947,2026-05-11 17:30:00,20260511,JD-001,CMP-HYD,Valve block leak,WO-003956,2026-05-11 18:52:04,2026-05-12 07:06:43,12.24,1.37,13.61,11541.8,HYD-88,CMMS-SIM
F-001948,2026-05-20 21:00:00,20260520,JD-001,CMP-HYD,Boom cylinder seal leak,WO-003958,2026-05-21 01:14:30,2026-05-21 07:14:13,6.0,4.24,10.24,11581.6,HYD-49,CMMS-SIM
F-001949,2026-05-23 09:00:00,20260523,JD-001,CMP-ELE,Starter fault,WO-003959,2026-05-23 10:53:12,2026-05-24 07:49:41,20.94,1.89,22.83,11659.0,ELE-71,CMMS-SIM
F-001950,2026-05-25 18:30:00,20260525,JD-001,CMP-TYR,Tyre change,WO-003962,2026-05-25 18:49:47,2026-05-25 21:36:33,2.78,0.33,3.11,11747.5,TYR-22,CMMS-SIM
F-001951,2026-05-27 00:30:00,20260527,JD-001,CMP-ELE,Starter fault,WO-003963,2026-05-27 03:27:47,2026-05-27 05:47:30,2.33,2.96,5.29,11762.8,ELE-83,CMMS-SIM
F-001952,2026-05-28 02:30:00,20260528,JD-001,CMP-TYR,Track tension failure,WO-003964,2026-05-28 03:56:31,2026-05-28 09:41:25,5.75,1.44,7.19,11821.4,TYR-20,CMMS-SIM
F-001953,2026-05-30 16:00:00,20260530,JD-001,CMP-HYD,Main pump failure,WO-003965,2026-05-30 17:11:35,2026-05-31 13:35:56,20.41,1.19,21.6,11885.9,HYD-28,CMMS-SIM
F-001954,2026-06-06 21:00:00,20260606,JD-001,CMP-BRK,Brake wear alarm,WO-003967,2026-06-06 22:00:40,2026-06-07 07:38:59,9.64,1.01,10.65,11972.6,BRK-36,CMMS-SIM
F-001955,2026-06-10 21:00:00,20260610,JD-001,CMP-HYD,Valve block leak,WO-003968,2026-06-10 22:24:47,2026-06-11 12:06:52,13.7,1.41,15.11,12037.1,HYD-11,CMMS-SIM
F-001956,2026-06-11 04:30:00,20260611,JD-001,CMP-ELE,Lighting circuit fault,WO-003969,2026-06-11 05:02:02,2026-06-11 15:46:34,10.74,0.53,11.28,12077.0,ELE-74,CMMS-SIM
F-001957,2026-06-16 20:00:00,20260616,JD-001,CMP-SVC,Service-related defect,WO-003971,2026-06-16 20:19:28,2026-06-16 23:13:48,2.91,0.32,3.23,12159.9,SVC-31,CMMS-SIM
F-001958,2026-06-27 07:30:00,20260627,JD-001,CMP-ENG,Cooling issue,WO-003975,2026-06-27 07:52:18,2026-06-27 09:07:43,1.26,0.37,1.63,12217.5,ENG-11,CMMS-SIM
F-001959,2026-06-30 01:00:00,20260630,JD-001,CMP-BRK,Brake pressure fault,WO-003978,2026-06-30 01:26:09,2026-06-30 07:52:18,6.44,0.44,6.87,12231.8,BRK-28,CMMS-SIM
F-001960,2026-07-03 00:30:00,20260703,JD-001,CMP-ENG,Fuel system fault,WO-003980,2026-07-03 00:40:01,2026-07-03 05:46:15,5.1,0.17,5.27,12295.6,ENG-08,CMMS-SIM
F-001961,2026-07-09 01:00:00,20260709,JD-001,CMP-ELE,Harness damage,WO-003981,2026-07-09 01:05:26,2026-07-09 06:20:01,5.24,0.09,5.33,12369.0,ELE-15,CMMS-SIM
F-001962,2026-07-12 09:30:00,20260712,JD-001,CMP-ENG,Turbo fault,WO-003983,2026-07-12 10:19:46,2026-07-12 17:36:32,7.28,0.83,8.11,12453.4,ENG-96,CMMS-SIM
F-001963,2026-07-14 06:30:00,20260714,JD-001,CMP-TRN,Transmission shift fault,WO-003984,2026-07-14 09:27:55,2026-07-14 13:52:27,4.41,2.97,7.37,12519.6,TRN-62,CMMS-SIM
F-001964,2026-07-20 14:30:00,20260720,JD-001,CMP-BRK,Brake wear alarm,WO-003987,2026-07-20 16:40:14,2026-07-20 22:32:42,5.87,2.17,8.05,12571.1,BRK-85,CMMS-SIM
F-001965,2026-07-23 13:30:00,20260723,JD-001,CMP-HYD,Boom cylinder seal leak,WO-003988,2026-07-23 14:18:32,2026-07-23 21:27:29,7.15,0.81,7.96,12624.8,HYD-01,CMMS-SIM
F-001966,2026-08-07 21:30:00,20260807,JD-001,CMP-TYR,Tyre change,WO-003992,2026-08-07 23:43:40,2026-08-08 04:21:37,4.63,2.23,6.86,12686.2,TYR-57,CMMS-SIM
F-001967,2026-08-10 20:00:00,20260810,JD-001,CMP-HYD,Valve block leak,WO-003993,2026-08-10 20:10:13,2026-08-11 02:47:20,6.62,0.17,6.79,12772.6,HYD-74,CMMS-SIM
F-001968,2026-08-18 02:30:00,20260818,JD-001,CMP-HYD,Hose burst,WO-003994,2026-08-18 03:04:48,2026-08-18 17:59:45,14.92,0.58,15.5,12838.9,HYD-32,CMMS-SIM
F-001969,2026-08-18 13:30:00,20260818,JD-001,CMP-OTH,Other mechanical fault,WO-003995,2026-08-18 14:58:10,2026-08-18 20:30:05,5.53,1.47,7.0,12923.9,OTH-56,CMMS-SIM
F-001970,2026-08-21 07:30:00,20260821,JD-001,CMP-ELE,Sensor failure,WO-003997,2026-08-21 11:28:16,2026-08-21 17:57:04,6.48,3.97,10.45,12969.1,ELE-26,CMMS-SIM
F-001971,2025-10-02 22:00:00,20251002,JD-002,CMP-BRK,Brake wear alarm,WO-004002,2025-10-02 22:46:52,2025-10-02 23:37:48,0.85,0.78,1.63,8049.6,BRK-25,CMMS-SIM
F-001972,2025-10-07 19:00:00,20251007,JD-002,CMP-ELE,Sensor failure,WO-004004,2025-10-07 21:17:31,2025-10-08 02:27:13,5.16,2.29,7.45,8090.5,ELE-55,CMMS-SIM
F-001973,2025-10-11 21:00:00,20251011,JD-002,CMP-HYD,Valve block leak,WO-004009,2025-10-11 21:57:43,2025-10-12 03:50:41,5.88,0.96,6.84,8124.5,HYD-67,CMMS-SIM
F-001974,2025-10-20 10:30:00,20251020,JD-002,CMP-HYD,Main pump failure,WO-004011,2025-10-20 10:38:12,2025-10-20 16:26:41,5.81,0.14,5.94,8178.5,HYD-22,CMMS-SIM
F-001975,2025-10-22 05:30:00,20251022,JD-002,CMP-ELE,Lighting circuit fault,WO-004012,2025-10-22 08:09:05,2025-10-22 13:08:34,4.99,2.65,7.64,8258.4,ELE-70,CMMS-SIM
F-001976,2025-10-23 16:00:00,20251023,JD-002,CMP-ELE,Starter fault,WO-004013,2025-10-23 16:20:17,2025-10-23 21:17:00,4.95,0.34,5.28,8345.8,ELE-11,CMMS-SIM
F-001977,2025-10-28 09:30:00,20251028,JD-002,CMP-ELE,Harness damage,WO-004016,2025-10-28 09:40:32,2025-10-28 15:14:02,5.56,0.18,5.73,8366.4,ELE-38,CMMS-SIM
F-001978,2025-10-29 00:30:00,20251029,JD-002,CMP-ELE,Starter fault,WO-004017,2025-10-29 03:30:05,2025-10-29 06:57:58,3.46,3.0,6.47,8439.7,ELE-20,CMMS-SIM
F-001979,2025-11-01 14:30:00,20251101,JD-002,CMP-HYD,Valve block leak,WO-004018,2025-11-01 15:42:36,2025-11-01 22:27:27,6.75,1.21,7.96,8464.7,HYD-92,CMMS-SIM
F-001980,2025-11-07 23:00:00,20251107,JD-002,CMP-TYR,Sidewall damage,WO-004023,2025-11-08 00:08:48,2025-11-08 06:09:05,6.0,1.15,7.15,8487.6,TYR-05,CMMS-SIM
F-001981,2025-11-09 03:00:00,20251109,JD-002,CMP-ELE,Harness damage,WO-004024,2025-11-09 05:43:31,2025-11-09 16:00:24,10.28,2.73,13.01,8544.7,ELE-11,CMMS-SIM
F-001982,2025-11-11 21:00:00,20251111,JD-002,CMP-HYD,Boom cylinder seal leak,WO-004025,2025-11-11 23:00:07,2025-11-12 07:24:18,8.4,2.0,10.41,8633.9,HYD-99,CMMS-SIM
F-001983,2025-11-15 04:00:00,20251115,JD-002,CMP-SVC,Service-related defect,WO-004026,2025-11-15 05:43:41,2025-11-15 10:27:04,4.72,1.73,6.45,8688.1,SVC-81,CMMS-SIM
F-001984,2025-11-16 04:00:00,20251116,JD-002,CMP-HYD,Hose burst,WO-004027,2025-11-16 06:51:09,2025-11-16 14:49:33,7.97,2.85,10.83,8708.6,HYD-68,CMMS-SIM
F-001985,2025-11-19 20:30:00,20251119,JD-002,CMP-SVC,Service-related defect,WO-004028,2025-11-20 01:52:41,2025-11-20 05:13:52,3.35,5.38,8.73,8784.8,SVC-64,CMMS-SIM
F-001986,2025-11-20 02:30:00,20251120,JD-002,CMP-TYR,Track tension failure,WO-004030,2025-11-20 05:19:13,2025-11-20 21:48:16,16.48,2.82,19.3,8848.4,TYR-89,CMMS-SIM
F-001987,2025-11-29 09:00:00,20251129,JD-002,CMP-STR,Frame repair,WO-004035,2025-11-29 10:32:58,2025-11-29 16:32:10,5.99,1.55,7.54,8933.6,STR-12,CMMS-SIM
F-001988,2025-11-30 18:00:00,20251130,JD-002,CMP-TYR,Tyre change,WO-004036,2025-11-30 19:07:11,2025-11-30 22:51:03,3.73,1.12,4.85,8956.0,TYR-10,CMMS-SIM
F-001989,2025-11-30 22:30:00,20251130,JD-002,CMP-ELE,Starter fault,WO-004037,2025-12-01 00:09:22,2025-12-01 08:14:01,8.08,1.66,9.73,9014.6,ELE-48,CMMS-SIM
F-001990,2025-12-04 20:00:00,20251204,JD-002,CMP-TYR,Sidewall damage,WO-004039,2025-12-04 22:19:26,2025-12-05 04:58:44,6.66,2.32,8.98,9063.9,TYR-14,CMMS-SIM
F-001991,2025-12-06 17:00:00,20251206,JD-002,CMP-HYD,Hose burst,WO-004040,2025-12-06 17:40:26,2025-12-06 21:43:36,4.05,0.67,4.73,9101.2,HYD-30,CMMS-SIM
F-001992,2025-12-07 20:30:00,20251207,JD-002,CMP-BRK,Brake wear alarm,WO-004043,2025-12-07 23:14:22,2025-12-08 05:05:52,5.86,2.74,8.6,9159.5,BRK-39,CMMS-SIM
F-001993,2025-12-10 05:00:00,20251210,JD-002,CMP-HYD,Hose burst,WO-004045,2025-12-10 05:58:42,2025-12-10 09:11:58,3.22,0.98,4.2,9184.0,HYD-42,CMMS-SIM
F-001994,2025-12-13 00:30:00,20251213,JD-002,CMP-ELE,Starter fault,WO-004048,2025-12-13 02:12:12,2025-12-13 07:22:26,5.17,1.7,6.87,9215.9,ELE-78,CMMS-SIM
F-001995,2025-12-17 15:30:00,20251217,JD-002,CMP-ELE,Sensor failure,WO-004051,2025-12-17 16:07:34,2025-12-17 16:54:34,0.78,0.63,1.41,9298.7,ELE-42,CMMS-SIM
F-001996,2025-12-18 16:30:00,20251218,JD-002,CMP-ENG,Fuel system fault,WO-004052,2025-12-18 21:26:04,2025-12-19 01:55:54,4.5,4.93,9.43,9374.6,ENG-38,CMMS-SIM
F-001997,2025-12-18 23:00:00,20251218,JD-002,CMP-BRK,Brake pressure fault,WO-004054,2025-12-18 23:13:35,2025-12-19 02:44:03,3.51,0.23,3.73,9400.3,BRK-33,CMMS-SIM
F-001998,2025-12-21 07:00:00,20251221,JD-002,CMP-ENG,Turbo fault,WO-004055,2025-12-21 07:39:35,2025-12-21 08:59:53,1.34,0.66,2.0,9478.4,ENG-06,CMMS-SIM
F-001999,2025-12-22 21:30:00,20251222,JD-002,CMP-TYR,Tyre change,WO-004056,2025-12-22 22:00:49,2025-12-23 11:31:23,13.51,0.51,14.02,9516.7,TYR-71,CMMS-SIM
F-002000,2025-12-24 09:30:00,20251224,JD-002,CMP-HYD,Boom cylinder seal leak,WO-004057,2025-12-24 12:27:38,2025-12-24 16:18:46,3.85,2.96,6.81,9605.5,HYD-96,CMMS-SIM
F-002001,2025-12-26 04:30:00,20251226,JD-002,CMP-TYR,Track tension failure,WO-004059,2025-12-26 05:00:58,2025-12-26 08:55:16,3.91,0.52,4.42,9617.5,TYR-26,CMMS-SIM
F-002002,2025-12-30 00:30:00,20251230,JD-002,CMP-ELE,Starter fault,WO-004061,2025-12-30 01:01:57,2025-12-30 06:51:20,5.82,0.53,6.36,9701.7,ELE-02,CMMS-SIM
F-002003,2026-01-06 13:30:00,20260106,JD-002,CMP-ENG,Turbo fault,WO-004063,2026-01-06 16:17:42,2026-01-06 21:49:04,5.52,2.8,8.32,9746.1,ENG-65,CMMS-SIM
F-002004,2026-01-07 10:00:00,20260107,JD-002,CMP-ELE,Sensor failure,WO-004064,2026-01-07 12:04:43,2026-01-08 00:54:38,12.83,2.08,14.91,9760.1,ELE-19,CMMS-SIM
F-002005,2026-01-08 11:30:00,20260108,JD-002,CMP-HYD,Main pump failure,WO-004065,2026-01-08 16:00:13,2026-01-08 19:57:04,3.95,4.5,8.45,9777.3,HYD-58,CMMS-SIM
F-002006,2026-01-23 14:00:00,20260123,JD-002,CMP-ENG,Fuel system fault,WO-004072,2026-01-23 19:45:28,2026-01-23 23:28:21,3.71,5.76,9.47,9803.2,ENG-85,CMMS-SIM
F-002007,2026-01-23 23:30:00,20260123,JD-002,CMP-ELE,Starter fault,WO-004073,2026-01-23 23:31:09,2026-01-24 16:06:44,16.59,0.02,16.61,9840.9,ELE-45,CMMS-SIM
F-002008,2026-01-30 07:00:00,20260130,JD-002,CMP-HYD,Boom cylinder seal leak,WO-004075,2026-01-30 08:36:06,2026-01-30 14:52:00,6.27,1.6,7.87,9892.3,HYD-26,CMMS-SIM
F-002009,2026-01-30 20:30:00,20260130,JD-002,CMP-BRK,Brake pressure fault,WO-004076,2026-01-30 20:37:28,2026-01-31 03:35:43,6.97,0.12,7.1,9915.6,BRK-05,CMMS-SIM
F-002010,2026-02-02 08:30:00,20260202,JD-002,CMP-BRK,Brake pressure fault,WO-004077,2026-02-02 09:37:16,2026-02-02 19:03:57,9.44,1.12,10.57,9990.9,BRK-43,CMMS-SIM
F-002011,2026-02-04 10:30:00,20260204,JD-002,CMP-HYD,Valve block leak,WO-004081,2026-02-04 12:31:56,2026-02-04 16:14:05,3.7,2.03,5.73,10069.8,HYD-55,CMMS-SIM
F-002012,2026-02-08 22:00:00,20260208,JD-002,CMP-HYD,Boom cylinder seal leak,WO-004085,2026-02-08 23:49:14,2026-02-09 11:18:01,11.48,1.82,13.3,10155.2,HYD-29,CMMS-SIM
F-002013,2026-02-12 05:00:00,20260212,JD-002,CMP-TYR,Track tension failure,WO-004086,2026-02-12 09:43:17,2026-02-12 18:55:35,9.2,4.72,13.93,10222.6,TYR-83,CMMS-SIM
F-002014,2026-02-15 07:30:00,20260215,JD-002,CMP-BRK,Brake wear alarm,WO-004088,2026-02-15 10:03:50,2026-02-15 13:49:13,3.76,2.56,6.32,10281.8,BRK-48,CMMS-SIM
F-002015,2026-02-28 02:30:00,20260228,JD-002,CMP-HYD,Main pump failure,WO-004092,2026-02-28 03:08:47,2026-03-01 00:16:06,21.12,0.65,21.77,10324.6,HYD-01,CMMS-SIM
F-002016,2026-03-06 22:00:00,20260306,JD-002,CMP-ELE,Starter fault,WO-004095,2026-03-06 23:06:44,2026-03-07 04:12:11,5.09,1.11,6.2,10339.8,ELE-01,CMMS-SIM
F-002017,2026-03-12 07:00:00,20260312,JD-002,CMP-TYR,Tyre change,WO-004099,2026-03-12 08:16:21,2026-03-12 12:33:47,4.29,1.27,5.56,10428.3,TYR-51,CMMS-SIM
F-002018,2026-03-15 13:30:00,20260315,JD-002,CMP-ENG,Cooling issue,WO-004100,2026-03-15 14:16:18,2026-03-15 20:24:59,6.14,0.77,6.92,10512.6,ENG-75,CMMS-SIM
F-002019,2026-03-15 21:30:00,20260315,JD-002,CMP-ELE,Lighting circuit fault,WO-004101,2026-03-15 23:31:39,2026-03-16 10:20:59,10.82,2.03,12.85,10538.2,ELE-77,CMMS-SIM
F-002020,2026-03-21 01:30:00,20260321,JD-002,CMP-TYR,Track tension failure,WO-004104,2026-03-21 03:46:55,2026-03-21 09:32:29,5.76,2.28,8.04,10595.9,TYR-53,CMMS-SIM
F-002021,2026-03-21 18:30:00,20260321,JD-002,CMP-ELE,Harness damage,WO-004105,2026-03-21 21:11:07,2026-03-22 08:31:38,11.34,2.69,14.03,10628.0,ELE-88,CMMS-SIM
F-002022,2026-03-27 16:00:00,20260327,JD-002,CMP-HYD,Main pump failure,WO-004108,2026-03-27 17:21:40,2026-03-27 21:43:18,4.36,1.36,5.72,10709.4,HYD-25,CMMS-SIM
F-002023,2026-04-02 13:30:00,20260402,JD-002,CMP-TYR,Sidewall damage,WO-004111,2026-04-02 15:36:08,2026-04-03 02:22:18,10.77,2.1,12.87,10779.2,TYR-59,CMMS-SIM
F-002024,2026-04-08 14:30:00,20260408,JD-002,CMP-ELE,Harness damage,WO-004112,2026-04-08 15:50:17,2026-04-08 19:16:48,3.44,1.34,4.78,10830.5,ELE-47,CMMS-SIM
F-002025,2026-04-08 23:00:00,20260408,JD-002,CMP-HYD,Main pump failure,WO-004113,2026-04-09 00:19:11,2026-04-09 08:31:08,8.2,1.32,9.52,10884.5,HYD-86,CMMS-SIM
F-002026,2026-04-09 11:30:00,20260409,JD-002,CMP-ELE,Lighting circuit fault,WO-004115,2026-04-09 13:11:37,2026-04-09 15:25:16,2.23,1.69,3.92,10969.9,ELE-22,CMMS-SIM
F-002027,2026-04-13 05:30:00,20260413,JD-002,CMP-ELE,Sensor failure,WO-004118,2026-04-13 06:46:48,2026-04-13 11:39:21,4.88,1.28,6.16,11053.3,ELE-71,CMMS-SIM
F-002028,2026-04-14 05:30:00,20260414,JD-002,CMP-ELE,Starter fault,WO-004119,2026-04-14 06:24:30,2026-04-14 11:14:55,4.84,0.91,5.75,11104.7,ELE-75,CMMS-SIM
F-002029,2026-04-20 19:30:00,20260420,JD-002,CMP-HYD,Boom cylinder seal leak,WO-004124,2026-04-20 20:52:01,2026-04-21 02:19:03,5.45,1.37,6.82,11160.2,HYD-42,CMMS-SIM
F-002030,2026-04-24 00:00:00,20260424,JD-002,CMP-HYD,Valve block leak,WO-004125,2026-04-24 04:09:23,2026-04-24 15:38:35,11.49,4.16,15.64,11229.8,HYD-10,CMMS-SIM
F-002031,2026-04-24 20:30:00,20260424,JD-002,CMP-HYD,Valve block leak,WO-004126,2026-04-25 00:15:36,2026-04-25 10:28:23,10.21,3.76,13.97,11281.3,HYD-34,CMMS-SIM
F-002032,2026-04-29 10:30:00,20260429,JD-002,CMP-HYD,Valve block leak,WO-004127,2026-04-29 11:52:49,2026-04-29 14:04:53,2.2,1.38,3.58,11345.5,HYD-49,CMMS-SIM
F-002033,2026-05-01 17:00:00,20260501,JD-002,CMP-ELE,Sensor failure,WO-004129,2026-05-01 19:27:14,2026-05-01 23:38:48,4.19,2.45,6.65,11384.3,ELE-95,CMMS-SIM
F-002034,2026-05-06 08:30:00,20260506,JD-002,CMP-ELE,Sensor failure,WO-004130,2026-05-06 08:57:24,2026-05-06 14:22:11,5.41,0.46,5.87,11458.4,ELE-11,CMMS-SIM
F-002035,2026-05-07 13:00:00,20260507,JD-002,CMP-ENG,Turbo fault,WO-004131,2026-05-07 13:32:13,2026-05-07 17:04:43,3.54,0.54,4.08,11483.9,ENG-96,CMMS-SIM
F-002036,2026-05-08 00:00:00,20260508,JD-002,CMP-ELE,Lighting circuit fault,WO-004133,2026-05-08 02:09:18,2026-05-08 09:40:06,7.51,2.16,9.67,11535.7,ELE-82,CMMS-SIM
F-002037,2026-05-12 16:30:00,20260512,JD-002,CMP-BRK,Brake pressure fault,WO-004136,2026-05-12 21:19:58,2026-05-13 01:41:44,4.36,4.83,9.2,11603.5,BRK-35,CMMS-SIM
F-002038,2026-05-15 16:00:00,20260515,JD-002,CMP-ELE,Lighting circuit fault,WO-004139,2026-05-15 18:35:40,2026-05-15 19:17:02,0.69,2.59,3.28,11627.4,ELE-91,CMMS-SIM
F-002039,2026-05-17 11:00:00,20260517,JD-002,CMP-HYD,Main pump failure,WO-004140,2026-05-17 11:18:40,2026-05-17 19:22:50,8.07,0.31,8.38,11665.6,HYD-49,CMMS-SIM
F-002040,2026-05-18 00:30:00,20260518,JD-002,CMP-HYD,Valve block leak,WO-004141,2026-05-18 02:01:29,2026-05-18 06:33:37,4.54,1.52,6.06,11752.2,HYD-67,CMMS-SIM
F-002041,2026-05-20 18:30:00,20260520,JD-002,CMP-BRK,Brake pressure fault,WO-004144,2026-05-20 19:21:41,2026-05-21 01:15:57,5.9,0.86,6.77,11793.7,BRK-22,CMMS-SIM
F-002042,2026-05-21 08:30:00,20260521,JD-002,CMP-TYR,Tyre change,WO-004146,2026-05-21 09:06:51,2026-05-21 17:20:04,8.22,0.61,8.83,11836.4,TYR-70,CMMS-SIM
F-002043,2026-05-21 20:30:00,20260521,JD-002,CMP-TYR,Sidewall damage,WO-004147,2026-05-22 01:27:43,2026-05-22 07:51:25,6.4,4.96,11.36,11886.3,TYR-22,CMMS-SIM
F-002044,2026-05-23 23:30:00,20260523,JD-002,CMP-TYR,Sidewall damage,WO-004148,2026-05-24 01:41:09,2026-05-24 03:39:24,1.97,2.19,4.16,11915.6,TYR-24,CMMS-SIM
F-002045,2026-06-05 08:00:00,20260605,JD-002,CMP-HYD,Boom cylinder seal leak,WO-004151,2026-06-05 11:01:33,2026-06-05 13:04:17,2.05,3.03,5.07,11940.4,HYD-23,CMMS-SIM
F-002046,2026-06-16 08:30:00,20260616,JD-002,CMP-HYD,Main pump failure,WO-004154,2026-06-16 10:52:09,2026-06-16 18:27:16,7.59,2.37,9.95,11968.0,HYD-70,CMMS-SIM
F-002047,2026-06-16 14:30:00,20260616,JD-002,CMP-ELE,Harness damage,WO-004155,2026-06-16 16:03:34,2026-06-16 18:08:45,2.09,1.56,3.65,12038.3,ELE-75,CMMS-SIM
F-002048,2026-06-17 20:00:00,20260617,JD-002,CMP-HYD,Main pump failure,WO-004156,2026-06-17 22:09:07,2026-06-17 23:54:21,1.75,2.15,3.91,12089.6,HYD-22,CMMS-SIM
F-002049,2026-06-18 01:30:00,20260618,JD-002,CMP-ELE,Sensor failure,WO-004157,2026-06-18 01:50:35,2026-06-18 10:12:05,8.36,0.34,8.7,12158.1,ELE-88,CMMS-SIM
F-002050,2026-06-18 19:00:00,20260618,JD-002,CMP-HYD,Hose burst,WO-004158,2026-06-18 19:43:07,2026-06-18 22:00:32,2.29,0.72,3.01,12213.5,HYD-72,CMMS-SIM
F-002051,2026-07-02 18:30:00,20260702,JD-002,CMP-ELE,Lighting circuit fault,WO-004163,2026-07-02 19:38:44,2026-07-02 23:10:20,3.53,1.15,4.67,12248.9,ELE-88,CMMS-SIM
F-002052,2026-07-16 17:00:00,20260716,JD-002,CMP-TYR,Sidewall damage,WO-004167,2026-07-16 18:15:40,2026-07-17 03:43:22,9.46,1.26,10.72,12273.0,TYR-48,CMMS-SIM
F-002053,2026-07-22 06:00:00,20260722,JD-002,CMP-ELE,Sensor failure,WO-004171,2026-07-22 10:58:24,2026-07-22 19:41:35,8.72,4.97,13.69,12352.0,ELE-21,CMMS-SIM
F-002054,2026-07-27 12:30:00,20260727,JD-002,CMP-TYR,Track tension failure,WO-004172,2026-07-27 14:04:13,2026-07-28 01:43:22,11.65,1.57,13.22,12363.1,TYR-70,CMMS-SIM
F-002055,2026-07-28 05:30:00,20260728,JD-002,CMP-HYD,Boom cylinder seal leak,WO-004173,2026-07-28 07:14:43,2026-07-28 12:28:59,5.24,1.75,6.98,12448.6,HYD-36,CMMS-SIM
F-002056,2026-07-29 00:00:00,20260729,JD-002,CMP-BRK,Brake pressure fault,WO-004174,2026-07-29 00:38:15,2026-07-29 04:30:56,3.88,0.64,4.52,12474.9,BRK-35,CMMS-SIM
F-002057,2026-08-15 01:30:00,20260815,JD-002,CMP-HYD,Main pump failure,WO-004177,2026-08-15 03:56:37,2026-08-15 14:15:35,10.32,2.44,12.76,12488.6,HYD-61,CMMS-SIM
F-002058,2026-08-18 07:30:00,20260818,JD-002,CMP-ELE,Sensor failure,WO-004179,2026-08-18 08:03:16,2026-08-18 15:31:10,7.47,0.55,8.02,12564.9,ELE-32,CMMS-SIM
F-002059,2026-08-27 20:30:00,20260827,JD-002,CMP-HYD,Hose burst,WO-004180,2026-08-27 20:41:30,2026-08-28 01:29:03,4.79,0.19,4.98,12644.6,HYD-34,CMMS-SIM
F-002060,2026-09-08 17:00:00,20260908,JD-002,CMP-ELE,Lighting circuit fault,WO-004182,2026-09-08 19:39:44,2026-09-08 22:08:28,2.48,2.66,5.14,12683.5,ELE-06,CMMS-SIM
F-002061,2026-09-11 13:30:00,20260911,JD-002,CMP-HYD,Main pump failure,WO-004183,2026-09-11 15:39:30,2026-09-12 00:35:53,8.94,2.16,11.1,12725.6,HYD-98,CMMS-SIM
F-002062,2025-10-08 00:00:00,20251008,JD-003,CMP-OTH,Other mechanical fault,WO-004188,2025-10-08 00:16:32,2025-10-08 02:40:51,2.41,0.28,2.68,8072.2,OTH-54,CMMS-SIM
F-002063,2025-10-11 20:30:00,20251011,JD-003,CMP-ELE,Sensor failure,WO-004190,2025-10-11 21:51:56,2025-10-12 01:30:09,3.64,1.37,5.0,8115.6,ELE-24,CMMS-SIM
F-002064,2025-10-13 22:30:00,20251013,JD-003,CMP-ELE,Harness damage,WO-004191,2025-10-13 23:44:57,2025-10-14 04:01:35,4.28,1.25,5.53,8193.8,ELE-71,CMMS-SIM
F-002065,2025-10-17 02:00:00,20251017,JD-003,CMP-HYD,Valve block leak,WO-004192,2025-10-17 03:11:00,2025-10-17 05:28:56,2.3,1.18,3.48,8229.8,HYD-34,CMMS-SIM
F-002066,2025-10-17 16:00:00,20251017,JD-003,CMP-ENG,Turbo fault,WO-004194,2025-10-17 17:09:42,2025-10-17 20:13:07,3.06,1.16,4.22,8270.8,ENG-83,CMMS-SIM
F-002067,2025-10-19 12:00:00,20251019,JD-003,CMP-TRN,Torque converter issue,WO-004195,2025-10-19 14:22:19,2025-10-19 20:49:00,6.44,2.37,8.82,8342.4,TRN-07,CMMS-SIM
F-002068,2025-10-29 08:00:00,20251029,JD-003,CMP-ELE,Starter fault,WO-004199,2025-10-29 09:53:12,2025-10-29 16:29:26,6.6,1.89,8.49,8394.6,ELE-15,CMMS-SIM
F-002069,2025-10-31 20:00:00,20251031,JD-003,CMP-ENG,Cooling issue,WO-004202,2025-10-31 23:22:42,2025-11-01 01:03:15,1.68,3.38,5.05,8428.4,ENG-70,CMMS-SIM
F-002070,2025-11-01 04:30:00,20251101,JD-003,CMP-ELE,Starter fault,WO-004203,2025-11-01 07:41:45,2025-11-02 06:04:41,22.38,3.2,25.58,8491.4,ELE-17,CMMS-SIM
F-002071,2025-11-04 11:00:00,20251104,JD-003,CMP-ENG,Fuel system fault,WO-004205,2025-11-04 12:00:07,2025-11-04 14:35:38,2.59,1.0,3.59,8508.0,ENG-66,CMMS-SIM
F-002072,2025-11-07 00:00:00,20251107,JD-003,CMP-ELE,Lighting circuit fault,WO-004208,2025-11-07 00:38:53,2025-11-07 10:06:18,9.46,0.65,10.11,8549.4,ELE-65,CMMS-SIM
F-002073,2025-11-07 14:30:00,20251107,JD-003,CMP-TYR,Track tension failure,WO-004209,2025-11-07 16:04:21,2025-11-07 23:47:26,7.72,1.57,9.29,8639.1,TYR-19,CMMS-SIM
F-002074,2025-11-08 01:30:00,20251108,JD-003,CMP-BRK,Brake wear alarm,WO-004210,2025-11-08 03:37:36,2025-11-08 08:26:25,4.81,2.13,6.94,8659.6,BRK-83,CMMS-SIM
F-002075,2025-11-08 04:30:00,20251108,JD-003,CMP-HYD,Main pump failure,WO-004211,2025-11-08 04:41:38,2025-11-08 12:53:56,8.2,0.19,8.4,8728.7,HYD-60,CMMS-SIM
F-002076,2025-11-08 11:00:00,20251108,JD-003,CMP-HYD,Hose burst,WO-004212,2025-11-08 12:21:15,2025-11-08 17:05:42,4.74,1.35,6.1,8756.2,HYD-25,CMMS-SIM
F-002077,2025-11-08 14:30:00,20251108,JD-003,CMP-HYD,Main pump failure,WO-004213,2025-11-08 18:41:56,2025-11-08 23:12:59,4.52,4.2,8.72,8776.0,HYD-58,CMMS-SIM
F-002078,2025-11-09 00:30:00,20251109,JD-003,CMP-ELE,Harness damage,WO-004214,2025-11-09 01:12:02,2025-11-09 04:06:09,2.9,0.7,3.6,8794.4,ELE-30,CMMS-SIM
F-002079,2025-11-09 22:30:00,20251109,JD-003,CMP-ELE,Harness damage,WO-004215,2025-11-10 04:08:13,2025-11-10 07:50:58,3.71,5.64,9.35,8827.2,ELE-31,CMMS-SIM
F-002080,2025-11-12 11:30:00,20251112,JD-003,CMP-HYD,Valve block leak,WO-004217,2025-11-12 13:23:58,2025-11-12 18:21:49,4.96,1.9,6.86,8905.1,HYD-37,CMMS-SIM
F-002081,2025-11-20 09:00:00,20251120,JD-003,CMP-OTH,Other mechanical fault,WO-004220,2025-11-20 10:14:10,2025-11-20 15:05:36,4.86,1.24,6.09,8950.3,OTH-46,CMMS-SIM
F-002082,2025-11-25 06:30:00,20251125,JD-003,CMP-TYR,Sidewall damage,WO-004221,2025-11-25 08:53:21,2025-11-25 11:15:09,2.36,2.39,4.75,8968.6,TYR-77,CMMS-SIM
F-002083,2025-11-26 09:30:00,20251126,JD-003,CMP-ELE,Sensor failure,WO-004222,2025-11-26 10:22:00,2025-11-26 12:05:48,1.73,0.87,2.6,8996.2,ELE-13,CMMS-SIM
F-002084,2025-11-28 03:30:00,20251128,JD-003,CMP-HYD,Valve block leak,WO-004223,2025-11-28 03:59:14,2025-11-28 06:18:50,2.33,0.49,2.81,9079.4,HYD-98,CMMS-SIM
F-002085,2025-11-28 14:30:00,20251128,JD-003,CMP-HYD,Main pump failure,WO-004225,2025-11-28 15:07:24,2025-11-28 16:21:42,1.24,0.62,1.86,9136.5,HYD-90,CMMS-SIM
F-002086,2025-11-29 12:00:00,20251129,JD-003,CMP-HYD,Valve block leak,WO-004227,2025-11-29 13:25:03,2025-11-29 17:53:04,4.47,1.42,5.88,9188.9,HYD-14,CMMS-SIM
F-002087,2025-12-01 00:30:00,20251201,JD-003,CMP-ELE,Harness damage,WO-004228,2025-12-01 03:13:29,2025-12-01 11:49:12,8.6,2.72,11.32,9271.0,ELE-28,CMMS-SIM
F-002088,2025-12-01 12:00:00,20251201,JD-003,CMP-TYR,Sidewall damage,WO-004229,2025-12-01 12:20:18,2025-12-01 20:51:08,8.51,0.34,8.85,9330.6,TYR-27,CMMS-SIM
F-002089,2025-12-06 02:00:00,20251206,JD-003,CMP-HYD,Hose burst,WO-004233,2025-12-06 06:34:51,2025-12-06 08:53:09,2.3,4.58,6.89,9397.1,HYD-59,CMMS-SIM
F-002090,2025-12-06 16:30:00,20251206,JD-003,CMP-STR,Frame repair,WO-004234,2025-12-06 17:01:14,2025-12-06 20:01:16,3.0,0.52,3.52,9441.7,STR-61,CMMS-SIM
F-002091,2025-12-11 05:00:00,20251211,JD-003,CMP-ELE,Harness damage,WO-004235,2025-12-11 07:57:46,2025-12-11 13:05:15,5.12,2.96,8.09,9496.5,ELE-21,CMMS-SIM
F-002092,2025-12-17 09:30:00,20251217,JD-003,CMP-TYR,Tyre change,WO-004239,2025-12-17 11:20:41,2025-12-17 14:04:02,2.72,1.84,4.57,9536.5,TYR-82,CMMS-SIM
F-002093,2025-12-20 13:30:00,20251220,JD-003,CMP-ELE,Starter fault,WO-004240,2025-12-20 14:03:40,2025-12-20 20:28:14,6.41,0.56,6.97,9554.2,ELE-56,CMMS-SIM
F-002094,2025-12-21 00:30:00,20251221,JD-003,CMP-ELE,Sensor failure,WO-004241,2025-12-21 03:58:44,2025-12-21 09:26:46,5.47,3.48,8.95,9567.3,ELE-50,CMMS-SIM
F-002095,2025-12-21 11:30:00,20251221,JD-003,CMP-ELE,Harness damage,WO-004242,2025-12-21 15:49:32,2025-12-21 17:17:18,1.46,4.33,5.79,9588.9,ELE-04,CMMS-SIM
F-002096,2025-12-24 00:00:00,20251224,JD-003,CMP-HYD,Main pump failure,WO-004244,2025-12-24 01:32:08,2025-12-24 15:24:41,13.88,1.54,15.41,9661.5,HYD-64,CMMS-SIM
F-002097,2025-12-24 21:30:00,20251224,JD-003,CMP-TYR,Track tension failure,WO-004245,2025-12-24 22:07:27,2025-12-25 02:09:06,4.03,0.62,4.65,9715.4,TYR-13,CMMS-SIM
F-002098,2025-12-28 11:30:00,20251228,JD-003,CMP-TYR,Track tension failure,WO-004249,2025-12-28 13:35:20,2025-12-28 18:25:35,4.84,2.09,6.93,9793.2,TYR-81,CMMS-SIM
F-002099,2025-12-29 13:30:00,20251229,JD-003,CMP-ELE,Sensor failure,WO-004250,2025-12-29 14:48:07,2025-12-29 20:38:41,5.84,1.3,7.14,9856.6,ELE-58,CMMS-SIM
F-002100,2025-12-31 22:00:00,20251231,JD-003,CMP-ELE,Harness damage,WO-004251,2026-01-01 01:34:32,2026-01-01 13:11:15,11.61,3.58,15.19,9869.6,ELE-73,CMMS-SIM
F-002101,2026-01-10 23:30:00,20260110,JD-003,CMP-HYD,Main pump failure,WO-004255,2026-01-11 00:57:01,2026-01-11 02:36:10,1.65,1.45,3.1,9911.3,HYD-95,CMMS-SIM
F-002102,2026-01-11 22:30:00,20260111,JD-003,CMP-HYD,Main pump failure,WO-004256,2026-01-12 01:27:49,2026-01-12 07:26:56,5.99,2.96,8.95,9955.3,HYD-63,CMMS-SIM
F-002103,2026-01-15 19:30:00,20260115,JD-003,CMP-HYD,Valve block leak,WO-004258,2026-01-15 21:09:57,2026-01-15 23:05:21,1.92,1.67,3.59,9973.1,HYD-52,CMMS-SIM
F-002104,2026-01-16 01:30:00,20260116,JD-003,CMP-HYD,Hose burst,WO-004259,2026-01-16 05:07:15,2026-01-16 15:35:46,10.48,3.62,14.1,10060.7,HYD-34,CMMS-SIM
F-002105,2026-01-19 23:00:00,20260119,JD-003,CMP-HYD,Main pump failure,WO-004260,2026-01-20 01:38:22,2026-01-20 06:57:26,5.32,2.64,7.96,10101.8,HYD-12,CMMS-SIM
F-002106,2026-01-20 10:00:00,20260120,JD-003,CMP-ELE,Harness damage,WO-004261,2026-01-20 10:38:07,2026-01-20 21:24:35,10.77,0.64,11.41,10143.6,ELE-11,CMMS-SIM
F-002107,2026-01-26 17:30:00,20260126,JD-003,CMP-TYR,Tyre change,WO-004265,2026-01-26 18:02:21,2026-01-26 20:38:09,2.6,0.54,3.14,10159.9,TYR-06,CMMS-SIM
F-002108,2026-02-05 03:30:00,20260205,JD-003,CMP-OTH,Other mechanical fault,WO-004268,2026-02-05 04:26:14,2026-02-05 08:02:32,3.61,0.94,4.54,10195.4,OTH-33,CMMS-SIM
F-002109,2026-02-18 18:00:00,20260218,JD-003,CMP-TRN,Transmission shift fault,WO-004271,2026-02-18 20:48:39,2026-02-19 01:53:35,5.08,2.81,7.89,10233.1,TRN-50,CMMS-SIM
F-002110,2026-02-19 07:00:00,20260219,JD-003,CMP-BRK,Brake pressure fault,WO-004272,2026-02-19 08:20:35,2026-02-19 11:04:58,2.74,1.34,4.08,10276.8,BRK-99,CMMS-SIM
F-002111,2026-02-23 03:00:00,20260223,JD-003,CMP-TRN,Torque converter issue,WO-004274,2026-02-23 04:09:04,2026-02-23 08:45:13,4.6,1.15,5.75,10316.4,TRN-79,CMMS-SIM
F-002112,2026-02-25 08:00:00,20260225,JD-003,CMP-TYR,Track tension failure,WO-004275,2026-02-25 09:53:57,2026-02-25 16:06:12,6.2,1.9,8.1,10358.9,TYR-41,CMMS-SIM
F-002113,2026-03-01 13:00:00,20260301,JD-003,CMP-ELE,Lighting circuit fault,WO-004276,2026-03-01 14:03:07,2026-03-01 15:24:44,1.36,1.05,2.41,10434.8,ELE-24,CMMS-SIM
F-002114,2026-03-03 05:30:00,20260303,JD-003,CMP-HYD,Main pump failure,WO-004277,2026-03-03 05:56:58,2026-03-03 15:40:40,9.73,0.45,10.18,10516.9,HYD-75,CMMS-SIM
F-002115,2026-03-05 14:00:00,20260305,JD-003,CMP-TYR,Track tension failure,WO-004278,2026-03-05 16:01:34,2026-03-05 21:23:33,5.37,2.03,7.39,10543.0,TYR-43,CMMS-SIM
F-002116,2026-03-05 16:00:00,20260305,JD-003,CMP-HYD,Main pump failure,WO-004279,2026-03-05 18:14:32,2026-03-06 10:00:34,15.77,2.24,18.01,10623.2,HYD-50,CMMS-SIM
F-002117,2026-03-07 09:00:00,20260307,JD-003,CMP-HYD,Boom cylinder seal leak,WO-004280,2026-03-07 10:23:30,2026-03-07 14:06:37,3.72,1.39,5.11,10703.5,HYD-19,CMMS-SIM
F-002118,2026-03-10 04:00:00,20260310,JD-003,CMP-HYD,Valve block leak,WO-004282,2026-03-10 06:08:42,2026-03-10 10:33:54,4.42,2.15,6.57,10768.7,HYD-61,CMMS-SIM
F-002119,2026-03-14 11:30:00,20260314,JD-003,CMP-ELE,Harness damage,WO-004283,2026-03-14 12:34:46,2026-03-14 14:31:25,1.94,1.08,3.02,10812.5,ELE-45,CMMS-SIM
F-002120,2026-03-15 01:30:00,20260315,JD-003,CMP-TYR,Sidewall damage,WO-004284,2026-03-15 01:45:19,2026-03-15 03:33:22,1.8,0.26,2.06,10858.0,TYR-70,CMMS-SIM
F-002121,2026-03-18 08:00:00,20260318,JD-003,CMP-ELE,Lighting circuit fault,WO-004287,2026-03-18 09:38:24,2026-03-18 11:21:16,1.71,1.64,3.35,10915.3,ELE-46,CMMS-SIM
F-002122,2026-03-21 02:00:00,20260321,JD-003,CMP-BRK,Brake pressure fault,WO-004290,2026-03-21 03:46:27,2026-03-21 09:04:06,5.29,1.77,7.07,10935.1,BRK-12,CMMS-SIM
F-002123,2026-04-07 14:00:00,20260407,JD-003,CMP-ELE,Harness damage,WO-004297,2026-04-07 15:00:11,2026-04-07 21:09:20,6.15,1.0,7.16,10992.1,ELE-05,CMMS-SIM
F-002124,2026-04-12 21:30:00,20260412,JD-003,CMP-OTH,Other mechanical fault,WO-004299,2026-04-12 22:04:39,2026-04-13 01:56:48,3.87,0.58,4.45,11042.6,OTH-79,CMMS-SIM
F-002125,2026-04-19 14:00:00,20260419,JD-003,CMP-ELE,Starter fault,WO-004301,2026-04-19 14:37:48,2026-04-19 16:42:43,2.08,0.63,2.71,11100.1,ELE-82,CMMS-SIM
F-002126,2026-04-19 20:00:00,20260419,JD-003,CMP-HYD,Main pump failure,WO-004302,2026-04-19 20:36:53,2026-04-20 00:55:20,4.31,0.61,4.92,11171.4,HYD-58,CMMS-SIM
F-002127,2026-04-23 05:00:00,20260423,JD-003,CMP-HYD,Main pump failure,WO-004303,2026-04-23 05:56:03,2026-04-23 11:10:46,5.25,0.93,6.18,11211.5,HYD-68,CMMS-SIM
F-002128,2026-04-25 21:30:00,20260425,JD-003,CMP-ELE,Harness damage,WO-004304,2026-04-25 23:12:06,2026-04-26 03:14:37,4.04,1.7,5.74,11261.4,ELE-29,CMMS-SIM
F-002129,2026-04-29 09:00:00,20260429,JD-003,CMP-ELE,Sensor failure,WO-004307,2026-04-29 09:14:30,2026-04-29 11:21:23,2.11,0.24,2.36,11345.7,ELE-86,CMMS-SIM
F-002130,2026-05-17 21:30:00,20260517,JD-003,CMP-HYD,Boom cylinder seal leak,WO-004312,2026-05-17 23:35:16,2026-05-18 18:06:50,18.53,2.09,20.61,11417.4,HYD-55,CMMS-SIM
F-002131,2026-05-23 23:30:00,20260523,JD-003,CMP-HYD,Boom cylinder seal leak,WO-004314,2026-05-24 01:18:28,2026-05-24 04:42:31,3.4,1.81,5.21,11457.0,HYD-56,CMMS-SIM
F-002132,2026-05-28 02:00:00,20260528,JD-003,CMP-TYR,Sidewall damage,WO-004318,2026-05-28 02:33:14,2026-05-28 06:18:15,3.75,0.55,4.3,11500.7,TYR-65,CMMS-SIM
F-002133,2026-06-05 00:30:00,20260605,JD-003,CMP-HYD,Hose burst,WO-004320,2026-06-05 01:24:20,2026-06-05 16:19:55,14.93,0.91,15.83,11563.1,HYD-56,CMMS-SIM
F-002134,2026-06-12 00:30:00,20260612,JD-003,CMP-SVC,Service-related defect,WO-004323,2026-06-12 01:15:19,2026-06-12 14:20:02,13.08,0.76,13.83,11593.3,SVC-60,CMMS-SIM
F-002135,2026-06-16 02:00:00,20260616,JD-003,CMP-HYD,Hose burst,WO-004324,2026-06-16 03:00:32,2026-06-16 03:41:50,0.69,1.01,1.7,11667.8,HYD-63,CMMS-SIM
F-002136,2026-06-18 02:00:00,20260618,JD-003,CMP-ELE,Lighting circuit fault,WO-004325,2026-06-18 03:28:58,2026-06-18 05:59:36,2.51,1.48,3.99,11739.6,ELE-05,CMMS-SIM
F-002137,2026-06-22 23:30:00,20260622,JD-003,CMP-ELE,Lighting circuit fault,WO-004327,2026-06-23 01:27:20,2026-06-23 04:03:35,2.6,1.96,4.56,11818.0,ELE-19,CMMS-SIM
F-002138,2026-06-25 04:00:00,20260625,JD-003,CMP-ELE,Lighting circuit fault,WO-004329,2026-06-25 07:15:47,2026-06-25 12:14:22,4.98,3.26,8.24,11868.6,ELE-94,CMMS-SIM
F-002139,2026-07-01 01:00:00,20260701,JD-003,CMP-HYD,Hose burst,WO-004332,2026-07-01 01:47:09,2026-07-01 03:14:26,1.45,0.79,2.24,11943.5,HYD-27,CMMS-SIM
F-002140,2026-07-05 19:00:00,20260705,JD-003,CMP-HYD,Hose burst,WO-004334,2026-07-05 21:23:06,2026-07-06 08:16:11,10.88,2.39,13.27,11975.7,HYD-66,CMMS-SIM
F-002141,2026-07-15 09:30:00,20260715,JD-003,CMP-HYD,Hose burst,WO-004338,2026-07-15 09:56:31,2026-07-15 12:49:18,2.88,0.44,3.32,12063.4,HYD-71,CMMS-SIM
F-002142,2026-07-22 09:30:00,20260722,JD-003,CMP-SVC,Service-related defect,WO-004342,2026-07-22 11:44:47,2026-07-22 16:58:26,5.23,2.25,7.47,12128.5,SVC-68,CMMS-SIM
F-002143,2026-07-23 14:00:00,20260723,JD-003,CMP-HYD,Valve block leak,WO-004343,2026-07-23 16:31:37,2026-07-23 19:29:52,2.97,2.53,5.5,12203.0,HYD-78,CMMS-SIM
F-002144,2026-07-30 10:00:00,20260730,JD-003,CMP-TYR,Track tension failure,WO-004344,2026-07-30 11:41:52,2026-07-31 03:16:03,15.57,1.7,17.27,12251.8,TYR-82,CMMS-SIM
F-002145,2026-08-02 21:30:00,20260802,JD-003,CMP-ELE,Lighting circuit fault,WO-004346,2026-08-02 23:03:19,2026-08-03 00:37:06,1.56,1.56,3.12,12337.5,ELE-03,CMMS-SIM
F-002146,2026-08-04 04:30:00,20260804,JD-003,CMP-ELE,Harness damage,WO-004348,2026-08-04 07:32:34,2026-08-04 08:59:16,1.44,3.04,4.49,12396.3,ELE-75,CMMS-SIM
F-002147,2026-08-04 17:30:00,20260804,JD-003,CMP-ELE,Harness damage,WO-004349,2026-08-04 19:42:07,2026-08-04 23:05:08,3.38,2.2,5.59,12420.0,ELE-75,CMMS-SIM
F-002148,2026-08-05 16:00:00,20260805,JD-003,CMP-TYR,Tyre change,WO-004350,2026-08-05 16:19:54,2026-08-06 01:27:01,9.12,0.33,9.45,12504.5,TYR-79,CMMS-SIM
F-002149,2026-08-23 08:30:00,20260823,JD-003,CMP-ELE,Harness damage,WO-004354,2026-08-23 09:23:42,2026-08-23 18:49:17,9.43,0.9,10.32,12550.8,ELE-51,CMMS-SIM
F-002150,2026-08-26 06:30:00,20260826,JD-003,CMP-HYD,Boom cylinder seal leak,WO-004355,2026-08-26 06:44:05,2026-08-26 10:17:37,3.56,0.23,3.79,12626.0,HYD-86,CMMS-SIM
F-002151,2026-08-31 05:00:00,20260831,JD-003,CMP-ENG,Turbo fault,WO-004356,2026-08-31 07:23:25,2026-08-31 15:11:09,7.8,2.39,10.19,12654.2,ENG-97,CMMS-SIM
F-002152,2026-09-09 17:00:00,20260909,JD-003,CMP-HYD,Main pump failure,WO-004358,2026-09-09 18:02:09,2026-09-09 20:58:13,2.93,1.04,3.97,12731.9,HYD-86,CMMS-SIM
F-002153,2025-10-03 10:00:00,20251003,JD-004,CMP-HYD,Main pump failure,WO-004361,2025-10-03 11:39:50,2025-10-03 14:43:20,3.06,1.66,4.72,8064.2,HYD-02,CMMS-SIM
F-002154,2025-10-07 22:00:00,20251007,JD-004,CMP-HYD,Valve block leak,WO-004365,2025-10-08 00:03:48,2025-10-08 03:06:02,3.04,2.06,5.1,8088.5,HYD-25,CMMS-SIM
F-002155,2025-10-14 07:30:00,20251014,JD-004,CMP-HYD,Hose burst,WO-004367,2025-10-14 08:11:12,2025-10-14 11:15:26,3.07,0.69,3.76,8155.0,HYD-05,CMMS-SIM
F-002156,2025-10-22 07:00:00,20251022,JD-004,CMP-ELE,Sensor failure,WO-004371,2025-10-22 07:57:26,2025-10-22 11:53:37,3.94,0.96,4.89,8167.8,ELE-71,CMMS-SIM
F-002157,2025-11-01 20:30:00,20251101,JD-004,CMP-ENG,Fuel system fault,WO-004373,2025-11-01 21:35:03,2025-11-02 15:02:49,17.46,1.08,18.55,8229.9,ENG-30,CMMS-SIM
F-002158,2025-11-02 14:30:00,20251102,JD-004,CMP-ELE,Starter fault,WO-004374,2025-11-02 18:00:34,2025-11-02 22:58:27,4.96,3.51,8.47,8307.0,ELE-13,CMMS-SIM
F-002159,2025-11-03 06:00:00,20251103,JD-004,CMP-ELE,Lighting circuit fault,WO-004375,2025-11-03 06:50:59,2025-11-03 11:20:25,4.49,0.85,5.34,8350.9,ELE-38,CMMS-SIM
F-002160,2025-11-09 04:30:00,20251109,JD-004,CMP-HYD,Boom cylinder seal leak,WO-004379,2025-11-09 05:51:23,2025-11-09 10:16:22,4.42,1.36,5.77,8384.6,HYD-68,CMMS-SIM
F-002161,2025-11-12 13:00:00,20251112,JD-004,CMP-BRK,Brake pressure fault,WO-004382,2025-11-12 14:39:11,2025-11-12 22:47:04,8.13,1.65,9.78,8468.7,BRK-13,CMMS-SIM
F-002162,2025-11-17 05:00:00,20251117,JD-004,CMP-SVC,Service-related defect,WO-004387,2025-11-17 06:05:51,2025-11-17 10:25:31,4.33,1.1,5.43,8518.2,SVC-74,CMMS-SIM
F-002163,2025-11-22 20:00:00,20251122,JD-004,CMP-TYR,Tyre change,WO-004392,2025-11-22 20:10:26,2025-11-23 06:06:05,9.93,0.17,10.1,8559.3,TYR-04,CMMS-SIM
F-002164,2025-11-24 10:30:00,20251124,JD-004,CMP-TYR,Track tension failure,WO-004394,2025-11-24 11:20:41,2025-11-24 17:47:37,6.45,0.84,7.29,8607.2,TYR-90,CMMS-SIM
F-002165,2025-11-27 21:30:00,20251127,JD-004,CMP-HYD,Boom cylinder seal leak,WO-004397,2025-11-27 22:10:10,2025-11-28 01:09:28,2.99,0.67,3.66,8639.7,HYD-93,CMMS-SIM
F-002166,2025-11-29 23:00:00,20251129,JD-004,CMP-ELE,Lighting circuit fault,WO-004400,2025-11-29 23:25:13,2025-11-30 10:33:23,11.14,0.42,11.56,8690.3,ELE-52,CMMS-SIM
F-002167,2025-11-30 14:00:00,20251130,JD-004,CMP-HYD,Boom cylinder seal leak,WO-004401,2025-11-30 14:55:51,2025-12-01 02:20:40,11.41,0.93,12.34,8710.4,HYD-87,CMMS-SIM
F-002168,2025-12-01 19:30:00,20251201,JD-004,CMP-HYD,Valve block leak,WO-004402,2025-12-01 21:25:35,2025-12-02 09:39:53,12.24,1.93,14.16,8722.3,HYD-05,CMMS-SIM
F-002169,2025-12-05 23:00:00,20251205,JD-004,CMP-HYD,Hose burst,WO-004408,2025-12-06 01:07:24,2025-12-06 03:24:00,2.28,2.12,4.4,8802.5,HYD-99,CMMS-SIM
F-002170,2025-12-08 20:00:00,20251208,JD-004,CMP-ELE,Harness damage,WO-004409,2025-12-08 23:03:46,2025-12-09 07:19:28,8.26,3.06,11.32,8884.7,ELE-99,CMMS-SIM
F-002171,2025-12-12 04:00:00,20251212,JD-004,CMP-HYD,Boom cylinder seal leak,WO-004411,2025-12-12 05:00:29,2025-12-12 10:32:01,5.53,1.01,6.53,8928.7,HYD-36,CMMS-SIM
F-002172,2025-12-12 13:00:00,20251212,JD-004,CMP-HYD,Valve block leak,WO-004412,2025-12-12 13:51:28,2025-12-12 21:55:37,8.07,0.86,8.93,8998.6,HYD-63,CMMS-SIM
F-002173,2025-12-19 02:00:00,20251219,JD-004,CMP-TYR,Sidewall damage,WO-004422,2025-12-19 03:53:29,2025-12-19 07:27:48,3.57,1.89,5.46,9067.8,TYR-91,CMMS-SIM
F-002174,2025-12-22 02:00:00,20251222,JD-004,CMP-ELE,Lighting circuit fault,WO-004425,2025-12-22 02:27:54,2025-12-22 09:37:52,7.17,0.47,7.63,9154.3,ELE-22,CMMS-SIM
F-002175,2025-12-23 21:00:00,20251223,JD-004,CMP-ENG,Fuel system fault,WO-004426,2025-12-23 22:47:43,2025-12-24 09:24:54,10.62,1.8,12.42,9208.4,ENG-83,CMMS-SIM
F-002176,2025-12-30 15:00:00,20251230,JD-004,CMP-HYD,Boom cylinder seal leak,WO-004431,2025-12-30 17:03:30,2025-12-30 18:23:25,1.33,2.06,3.39,9257.6,HYD-45,CMMS-SIM
F-002177,2026-01-04 15:00:00,20260104,JD-004,CMP-HYD,Boom cylinder seal leak,WO-004435,2026-01-04 15:45:55,2026-01-05 01:28:34,9.71,0.77,10.48,9269.0,HYD-73,CMMS-SIM
F-002178,2026-01-07 09:00:00,20260107,JD-004,CMP-HYD,Hose burst,WO-004437,2026-01-07 09:54:14,2026-01-07 11:59:20,2.08,0.9,2.99,9337.3,HYD-65,CMMS-SIM
F-002179,2026-01-08 07:00:00,20260108,JD-004,CMP-HYD,Valve block leak,WO-004438,2026-01-08 08:04:59,2026-01-08 15:32:58,7.47,1.08,8.55,9409.0,HYD-64,CMMS-SIM
F-002180,2026-01-10 08:30:00,20260110,JD-004,CMP-HYD,Main pump failure,WO-004439,2026-01-10 12:39:43,2026-01-10 14:47:04,2.12,4.16,6.28,9464.6,HYD-07,CMMS-SIM
F-002181,2026-01-11 21:00:00,20260111,JD-004,CMP-HYD,Main pump failure,WO-004441,2026-01-11 22:27:24,2026-01-12 06:32:38,8.09,1.46,9.54,9519.6,HYD-21,CMMS-SIM
F-002182,2026-01-12 12:30:00,20260112,JD-004,CMP-HYD,Valve block leak,WO-004442,2026-01-12 12:49:30,2026-01-12 23:40:44,10.85,0.33,11.18,9567.2,HYD-69,CMMS-SIM
F-002183,2026-01-15 05:30:00,20260115,JD-004,CMP-ELE,Harness damage,WO-004443,2026-01-15 07:19:43,2026-01-15 13:59:30,6.66,1.83,8.49,9582.9,ELE-83,CMMS-SIM
F-002184,2026-01-20 17:30:00,20260120,JD-004,CMP-HYD,Boom cylinder seal leak,WO-004444,2026-01-20 20:06:37,2026-01-20 22:41:19,2.58,2.61,5.19,9621.4,HYD-31,CMMS-SIM
F-002185,2026-01-23 05:30:00,20260123,JD-004,CMP-HYD,Main pump failure,WO-004445,2026-01-23 06:21:37,2026-01-23 10:26:31,4.08,0.86,4.94,9670.3,HYD-14,CMMS-SIM
F-002186,2026-02-01 04:30:00,20260201,JD-004,CMP-ELE,Lighting circuit fault,WO-004450,2026-02-01 04:35:51,2026-02-01 16:11:25,11.59,0.1,11.69,9684.2,ELE-74,CMMS-SIM
F-002187,2026-02-02 04:30:00,20260202,JD-004,CMP-ENG,Fuel system fault,WO-004452,2026-02-02 08:06:09,2026-02-02 13:35:37,5.49,3.6,9.09,9735.1,ENG-30,CMMS-SIM
F-002188,2026-02-03 13:30:00,20260203,JD-004,CMP-ELE,Starter fault,WO-004455,2026-02-03 14:36:48,2026-02-03 19:04:57,4.47,1.11,5.58,9751.7,ELE-44,CMMS-SIM
F-002189,2026-02-12 02:30:00,20260212,JD-004,CMP-ELE,Harness damage,WO-004459,2026-02-12 02:35:01,2026-02-12 06:28:49,3.9,0.08,3.98,9790.1,ELE-26,CMMS-SIM
F-002190,2026-02-12 15:30:00,20260212,JD-004,CMP-ELE,Sensor failure,WO-004460,2026-02-12 16:50:49,2026-02-12 19:48:35,2.96,1.35,4.31,9801.9,ELE-75,CMMS-SIM
F-002191,2026-02-21 03:30:00,20260221,JD-004,CMP-ENG,Turbo fault,WO-004464,2026-02-21 04:19:19,2026-02-21 09:05:27,4.77,0.82,5.59,9879.6,ENG-61,CMMS-SIM
F-002192,2026-02-21 18:30:00,20260221,JD-004,CMP-HYD,Main pump failure,WO-004465,2026-02-21 18:35:59,2026-02-21 21:50:33,3.24,0.1,3.34,9966.7,HYD-48,CMMS-SIM
F-002193,2026-02-28 02:00:00,20260228,JD-004,CMP-TYR,Tyre change,WO-004468,2026-02-28 02:13:13,2026-02-28 08:26:33,6.22,0.22,6.44,9986.5,TYR-34,CMMS-SIM
F-002194,2026-03-05 13:30:00,20260305,JD-004,CMP-ELE,Harness damage,WO-004472,2026-03-05 14:53:48,2026-03-05 22:02:42,7.15,1.4,8.55,10015.2,ELE-05,CMMS-SIM
F-002195,2026-03-06 07:30:00,20260306,JD-004,CMP-TYR,Track tension failure,WO-004474,2026-03-06 08:12:56,2026-03-06 12:21:25,4.14,0.72,4.86,10030.8,TYR-80,CMMS-SIM
F-002196,2026-03-07 19:00:00,20260307,JD-004,CMP-ELE,Starter fault,WO-004475,2026-03-07 20:46:41,2026-03-08 03:07:47,6.35,1.78,8.13,10077.2,ELE-52,CMMS-SIM
F-002197,2026-03-12 06:30:00,20260312,JD-004,CMP-ELE,Sensor failure,WO-004478,2026-03-12 08:05:40,2026-03-12 18:57:23,10.86,1.59,12.46,10089.5,ELE-87,CMMS-SIM
F-002198,2026-03-16 01:00:00,20260316,JD-004,CMP-ELE,Starter fault,WO-004479,2026-03-16 04:01:42,2026-03-16 09:27:01,5.42,3.03,8.45,10156.7,ELE-52,CMMS-SIM
F-002199,2026-03-17 04:00:00,20260317,JD-004,CMP-TRN,Transmission shift fault,WO-004480,2026-03-17 06:01:37,2026-03-17 14:08:56,8.12,2.03,10.15,10190.9,TRN-58,CMMS-SIM
F-002200,2026-03-22 10:30:00,20260322,JD-004,CMP-HYD,Valve block leak,WO-004483,2026-03-22 11:49:08,2026-03-22 18:20:43,6.53,1.32,7.85,10264.7,HYD-59,CMMS-SIM
F-002201,2026-03-24 04:00:00,20260324,JD-004,CMP-HYD,Valve block leak,WO-004486,2026-03-24 08:45:27,2026-03-24 15:25:24,6.67,4.76,11.42,10296.7,HYD-46,CMMS-SIM
F-002202,2026-03-24 14:00:00,20260324,JD-004,CMP-TYR,Sidewall damage,WO-004487,2026-03-24 16:48:50,2026-03-24 23:16:26,6.46,2.81,9.27,10380.5,TYR-98,CMMS-SIM
F-002203,2026-03-25 14:30:00,20260325,JD-004,CMP-TYR,Track tension failure,WO-004488,2026-03-25 17:41:53,2026-03-25 23:24:03,5.7,3.2,8.9,10422.4,TYR-26,CMMS-SIM
F-002204,2026-03-31 14:00:00,20260331,JD-004,CMP-HYD,Main pump failure,WO-004491,2026-03-31 14:47:49,2026-04-01 01:14:32,10.45,0.8,11.24,10477.4,HYD-85,CMMS-SIM
F-002205,2026-04-03 02:00:00,20260403,JD-004,CMP-ELE,Lighting circuit fault,WO-004492,2026-04-03 03:16:01,2026-04-03 14:09:17,10.89,1.27,12.15,10532.7,ELE-57,CMMS-SIM
F-002206,2026-04-08 04:30:00,20260408,JD-004,CMP-BRK,Brake pressure fault,WO-004495,2026-04-08 05:01:02,2026-04-08 08:37:46,3.61,0.52,4.13,10545.5,BRK-21,CMMS-SIM
F-002207,2026-04-09 22:00:00,20260409,JD-004,CMP-ELE,Harness damage,WO-004497,2026-04-09 22:06:49,2026-04-10 07:30:45,9.4,0.11,9.51,10585.8,ELE-69,CMMS-SIM
F-002208,2026-04-10 11:00:00,20260410,JD-004,CMP-ELE,Harness damage,WO-004498,2026-04-10 12:25:46,2026-04-10 21:17:10,8.86,1.43,10.29,10669.9,ELE-23,CMMS-SIM
F-002209,2026-04-12 07:00:00,20260412,JD-004,CMP-ELE,Lighting circuit fault,WO-004500,2026-04-12 07:54:47,2026-04-12 12:55:41,5.01,0.91,5.93,10758.9,ELE-74,CMMS-SIM
F-002210,2026-04-14 03:30:00,20260414,JD-004,CMP-BRK,Brake pressure fault,WO-004503,2026-04-14 06:38:36,2026-04-14 13:06:46,6.47,3.14,9.61,10811.0,BRK-85,CMMS-SIM
F-002211,2026-04-15 07:00:00,20260415,JD-004,CMP-TYR,Sidewall damage,WO-004504,2026-04-15 07:54:29,2026-04-15 11:29:52,3.59,0.91,4.5,10822.0,TYR-79,CMMS-SIM
F-002212,2026-04-28 21:30:00,20260428,JD-004,CMP-ELE,Lighting circuit fault,WO-004507,2026-04-28 22:23:21,2026-04-29 04:16:36,5.89,0.89,6.78,10856.3,ELE-71,CMMS-SIM
F-002213,2026-05-02 23:30:00,20260502,JD-004,CMP-OTH,Other mechanical fault,WO-004508,2026-05-02 23:44:31,2026-05-03 01:08:12,1.39,0.24,1.64,10912.2,OTH-60,CMMS-SIM
F-002214,2026-05-05 06:30:00,20260505,JD-004,CMP-HYD,Hose burst,WO-004510,2026-05-05 08:15:17,2026-05-05 14:02:36,5.79,1.75,7.54,10947.3,HYD-88,CMMS-SIM
F-002215,2026-05-07 14:30:00,20260507,JD-004,CMP-HYD,Hose burst,WO-004512,2026-05-07 17:18:11,2026-05-07 23:40:00,6.36,2.8,9.17,11019.3,HYD-74,CMMS-SIM
F-002216,2026-05-21 02:00:00,20260521,JD-004,CMP-ENG,Cooling issue,WO-004520,2026-05-21 02:33:04,2026-05-21 07:36:08,5.05,0.55,5.6,11050.4,ENG-01,CMMS-SIM
F-002217,2026-05-25 11:30:00,20260525,JD-004,CMP-TYR,Track tension failure,WO-004525,2026-05-25 13:32:25,2026-05-25 18:23:59,4.86,2.04,6.9,11060.4,TYR-22,CMMS-SIM
F-002218,2026-05-27 16:00:00,20260527,JD-004,CMP-ELE,Harness damage,WO-004526,2026-05-27 18:17:47,2026-05-28 11:51:18,17.56,2.3,19.86,11109.9,ELE-58,CMMS-SIM
F-002219,2026-05-28 17:00:00,20260528,JD-004,CMP-HYD,Boom cylinder seal leak,WO-004527,2026-05-28 17:14:43,2026-05-28 20:01:40,2.78,0.25,3.03,11188.2,HYD-35,CMMS-SIM
F-002220,2026-05-31 09:30:00,20260531,JD-004,CMP-HYD,Valve block leak,WO-004528,2026-05-31 12:32:36,2026-05-31 20:09:09,7.61,3.04,10.65,11229.5,HYD-28,CMMS-SIM
F-002221,2026-06-02 05:00:00,20260602,JD-004,CMP-HYD,Hose burst,WO-004529,2026-06-02 08:18:48,2026-06-02 11:51:05,3.54,3.31,6.85,11312.7,HYD-16,CMMS-SIM
F-002222,2026-06-05 21:00:00,20260605,JD-004,CMP-HYD,Hose burst,WO-004531,2026-06-05 22:05:10,2026-06-06 07:37:42,9.54,1.09,10.63,11360.7,HYD-53,CMMS-SIM
F-002223,2026-06-06 23:00:00,20260606,JD-004,CMP-ELE,Sensor failure,WO-004532,2026-06-07 00:29:37,2026-06-07 02:45:47,2.27,1.49,3.76,11423.4,ELE-43,CMMS-SIM
F-002224,2026-06-16 10:00:00,20260616,JD-004,CMP-ELE,Starter fault,WO-004534,2026-06-16 11:00:40,2026-06-16 12:56:09,1.92,1.01,2.94,11473.9,ELE-47,CMMS-SIM
F-002225,2026-06-29 07:00:00,20260629,JD-004,CMP-HYD,Hose burst,WO-004541,2026-06-29 12:48:03,2026-06-29 17:17:17,4.49,5.8,10.29,11563.5,HYD-36,CMMS-SIM
F-002226,2026-07-07 16:00:00,20260707,JD-004,CMP-HYD,Boom cylinder seal leak,WO-004546,2026-07-07 17:36:54,2026-07-08 03:59:42,10.38,1.62,12.0,11579.9,HYD-64,CMMS-SIM
F-002227,2026-07-08 14:30:00,20260708,JD-004,CMP-HYD,Valve block leak,WO-004547,2026-07-08 14:56:52,2026-07-08 17:40:56,2.73,0.45,3.18,11616.9,HYD-07,CMMS-SIM
F-002228,2026-07-09 00:00:00,20260709,JD-004,CMP-HYD,Valve block leak,WO-004548,2026-07-09 00:27:47,2026-07-09 02:05:31,1.63,0.46,2.09,11654.9,HYD-05,CMMS-SIM
F-002229,2026-07-18 02:00:00,20260718,JD-004,CMP-HYD,Boom cylinder seal leak,WO-004550,2026-07-18 04:33:49,2026-07-18 13:19:22,8.76,2.56,11.32,11685.8,HYD-77,CMMS-SIM
F-002230,2026-07-22 12:30:00,20260722,JD-004,CMP-HYD,Boom cylinder seal leak,WO-004552,2026-07-22 16:27:28,2026-07-22 23:03:57,6.61,3.96,10.57,11748.8,HYD-39,CMMS-SIM
F-002231,2026-07-28 18:00:00,20260728,JD-004,CMP-TYR,Tyre change,WO-004553,2026-07-28 20:08:07,2026-07-28 23:11:47,3.06,2.14,5.2,11788.0,TYR-44,CMMS-SIM
F-002232,2026-08-04 03:30:00,20260804,JD-004,CMP-HYD,Hose burst,WO-004559,2026-08-04 04:12:23,2026-08-04 11:13:20,7.02,0.71,7.72,11820.1,HYD-63,CMMS-SIM
F-002233,2026-08-06 01:30:00,20260806,JD-004,CMP-ELE,Starter fault,WO-004560,2026-08-06 02:40:18,2026-08-06 16:53:20,14.22,1.17,15.39,11889.4,ELE-98,CMMS-SIM
F-002234,2026-08-18 06:00:00,20260818,JD-004,CMP-HYD,Boom cylinder seal leak,WO-004567,2026-08-18 10:15:09,2026-08-19 00:25:20,14.17,4.25,18.42,11933.3,HYD-77,CMMS-SIM
F-002235,2026-09-01 17:30:00,20260901,JD-004,CMP-HYD,Boom cylinder seal leak,WO-004570,2026-09-01 18:19:52,2026-09-02 00:55:02,6.59,0.83,7.42,11960.5,HYD-34,CMMS-SIM
F-002236,2026-09-03 09:00:00,20260903,JD-004,CMP-ELE,Sensor failure,WO-004571,2026-09-03 09:42:20,2026-09-03 15:08:22,5.43,0.71,6.14,11976.5,ELE-15,CMMS-SIM
F-002237,2026-09-18 00:30:00,20260918,JD-004,CMP-ELE,Lighting circuit fault,WO-004572,2026-09-18 02:26:59,2026-09-18 15:04:19,12.62,1.95,14.57,11998.6,ELE-46,CMMS-SIM
F-002238,2025-10-03 19:30:00,20251003,JD-005,CMP-HYD,Main pump failure,WO-004574,2025-10-03 19:40:46,2025-10-04 01:17:15,5.61,0.18,5.79,8014.1,HYD-68,CMMS-SIM
F-002239,2025-10-04 19:00:00,20251004,JD-005,CMP-SVC,Service-related defect,WO-004575,2025-10-04 20:25:02,2025-10-05 02:08:21,5.72,1.42,7.14,8032.6,SVC-22,CMMS-SIM
F-002240,2025-10-08 22:00:00,20251008,JD-005,CMP-ELE,Starter fault,WO-004578,2025-10-08 23:46:55,2025-10-09 03:44:36,3.96,1.78,5.74,8084.1,ELE-44,CMMS-SIM
F-002241,2025-10-10 07:30:00,20251010,JD-005,CMP-HYD,Boom cylinder seal leak,WO-004579,2025-10-10 08:27:41,2025-10-10 13:19:45,4.87,0.96,5.83,8103.1,HYD-19,CMMS-SIM
F-002242,2025-10-11 06:00:00,20251011,JD-005,CMP-HYD,Valve block leak,WO-004581,2025-10-11 07:53:07,2025-10-11 13:53:50,6.01,1.89,7.9,8141.7,HYD-14,CMMS-SIM
F-002243,2025-10-13 02:00:00,20251013,JD-005,CMP-TYR,Tyre change,WO-004583,2025-10-13 03:39:26,2025-10-13 12:06:17,8.45,1.66,10.1,8198.6,TYR-16,CMMS-SIM
F-002244,2025-10-16 03:30:00,20251016,JD-005,CMP-ELE,Lighting circuit fault,WO-004587,2025-10-16 04:50:23,2025-10-16 12:49:18,7.98,1.34,9.32,8251.6,ELE-76,CMMS-SIM
F-002245,2025-10-18 13:00:00,20251018,JD-005,CMP-HYD,Main pump failure,WO-004590,2025-10-18 17:14:50,2025-10-19 02:30:10,9.26,4.25,13.5,8340.2,HYD-25,CMMS-SIM
F-002246,2025-10-22 17:30:00,20251022,JD-005,CMP-TYR,Tyre change,WO-004592,2025-10-22 18:55:41,2025-10-23 03:46:10,8.84,1.43,10.27,8368.8,TYR-33,CMMS-SIM
F-002247,2025-10-28 02:00:00,20251028,JD-005,CMP-BRK,Brake wear alarm,WO-004596,2025-10-28 03:46:24,2025-10-28 10:32:34,6.77,1.77,8.54,8381.3,BRK-30,CMMS-SIM
F-002248,2025-11-04 21:30:00,20251104,JD-005,CMP-TYR,Track tension failure,WO-004604,2025-11-04 22:27:27,2025-11-05 04:16:19,5.81,0.96,6.77,8444.1,TYR-66,CMMS-SIM
F-002249,2025-11-08 05:00:00,20251108,JD-005,CMP-SVC,Service-related defect,WO-004605,2025-11-08 08:04:46,2025-11-08 10:58:49,2.9,3.08,5.98,8495.5,SVC-19,CMMS-SIM
F-002250,2025-11-15 07:30:00,20251115,JD-005,CMP-ELE,Harness damage,WO-004609,2025-11-15 10:28:52,2025-11-15 14:59:42,4.51,2.98,7.5,8569.4,ELE-76,CMMS-SIM
F-002251,2025-11-17 22:30:00,20251117,JD-005,CMP-HYD,Boom cylinder seal leak,WO-004612,2025-11-18 01:07:32,2025-11-18 08:33:51,7.44,2.63,10.06,8642.0,HYD-38,CMMS-SIM
F-002252,2025-11-20 08:00:00,20251120,JD-005,CMP-ELE,Lighting circuit fault,WO-004616,2025-11-20 10:06:57,2025-11-20 20:59:28,10.88,2.12,12.99,8725.4,ELE-30,CMMS-SIM
F-002253,2025-11-21 18:00:00,20251121,JD-005,CMP-HYD,Valve block leak,WO-004618,2025-11-21 21:56:16,2025-11-22 01:58:39,4.04,3.94,7.98,8784.9,HYD-84,CMMS-SIM
F-002254,2025-11-23 15:00:00,20251123,JD-005,CMP-HYD,Hose burst,WO-004620,2025-11-23 19:14:37,2025-11-24 12:14:19,16.99,4.24,21.24,8861.2,HYD-65,CMMS-SIM
F-002255,2025-11-28 07:30:00,20251128,JD-005,CMP-HYD,Main pump failure,WO-004622,2025-11-28 09:28:23,2025-11-28 16:57:31,7.49,1.97,9.46,8950.3,HYD-22,CMMS-SIM
F-002256,2025-11-30 05:00:00,20251130,JD-005,CMP-BRK,Brake wear alarm,WO-004625,2025-11-30 06:40:15,2025-11-30 09:20:39,2.67,1.67,4.34,8970.5,BRK-13,CMMS-SIM
F-002257,2025-12-04 09:00:00,20251204,JD-005,CMP-TYR,Track tension failure,WO-004631,2025-12-04 11:40:46,2025-12-04 14:30:38,2.83,2.68,5.51,9034.9,TYR-28,CMMS-SIM
F-002258,2025-12-06 11:30:00,20251206,JD-005,CMP-ENG,Cooling issue,WO-004634,2025-12-06 14:46:00,2025-12-06 20:30:15,5.74,3.27,9.0,9061.3,ENG-60,CMMS-SIM
F-002259,2025-12-13 07:00:00,20251213,JD-005,CMP-ELE,Sensor failure,WO-004636,2025-12-13 07:25:40,2025-12-13 18:29:29,11.06,0.43,11.49,9145.8,ELE-36,CMMS-SIM
F-002260,2025-12-19 14:30:00,20251219,JD-005,CMP-BRK,Brake wear alarm,WO-004638,2025-12-19 15:23:05,2025-12-19 18:54:19,3.52,0.88,4.41,9180.3,BRK-66,CMMS-SIM
F-002261,2025-12-19 23:00:00,20251219,JD-005,CMP-BRK,Brake pressure fault,WO-004639,2025-12-20 00:02:00,2025-12-20 08:39:49,8.63,1.03,9.66,9191.9,BRK-94,CMMS-SIM
F-002262,2025-12-22 11:30:00,20251222,JD-005,CMP-ELE,Sensor failure,WO-004640,2025-12-22 15:17:13,2025-12-23 02:43:13,11.43,3.79,15.22,9231.7,ELE-09,CMMS-SIM
F-002263,2025-12-23 07:00:00,20251223,JD-005,CMP-ELE,Harness damage,WO-004641,2025-12-23 08:38:21,2025-12-23 19:23:17,10.75,1.64,12.39,9264.2,ELE-67,CMMS-SIM
F-002264,2025-12-24 07:00:00,20251224,JD-005,CMP-SVC,Service-related defect,WO-004642,2025-12-24 08:07:35,2025-12-24 12:51:37,4.73,1.13,5.86,9300.8,SVC-89,CMMS-SIM
F-002265,2025-12-27 09:00:00,20251227,JD-005,CMP-ENG,Cooling issue,WO-004644,2025-12-27 10:24:55,2025-12-27 18:59:17,8.57,1.42,9.99,9361.0,ENG-80,CMMS-SIM
F-002266,2026-01-07 15:30:00,20260107,JD-005,CMP-TYR,Tyre change,WO-004653,2026-01-07 21:37:48,2026-01-08 01:22:29,3.74,6.13,9.87,9421.3,TYR-56,CMMS-SIM
F-002267,2026-01-11 10:30:00,20260111,JD-005,CMP-ELE,Sensor failure,WO-004656,2026-01-11 12:02:40,2026-01-11 22:26:08,10.39,1.54,11.94,9510.8,ELE-17,CMMS-SIM
F-002268,2026-01-16 06:30:00,20260116,JD-005,CMP-ELE,Harness damage,WO-004661,2026-01-16 11:26:18,2026-01-16 15:17:27,3.85,4.94,8.79,9547.4,ELE-11,CMMS-SIM
F-002269,2026-01-17 01:30:00,20260117,JD-005,CMP-HYD,Boom cylinder seal leak,WO-004662,2026-01-17 04:12:51,2026-01-17 08:21:58,4.15,2.71,6.87,9631.4,HYD-02,CMMS-SIM
F-002270,2026-01-21 15:30:00,20260121,JD-005,CMP-TYR,Sidewall damage,WO-004666,2026-01-21 19:10:35,2026-01-21 22:44:23,3.56,3.68,7.24,9689.1,TYR-52,CMMS-SIM
F-002271,2026-01-23 12:30:00,20260123,JD-005,CMP-HYD,Boom cylinder seal leak,WO-004668,2026-01-23 14:34:17,2026-01-24 03:59:24,13.42,2.07,15.49,9773.5,HYD-10,CMMS-SIM
F-002272,2026-01-23 21:00:00,20260123,JD-005,CMP-ENG,Cooling issue,WO-004669,2026-01-23 21:50:29,2026-01-24 00:52:14,3.03,0.84,3.87,9858.7,ENG-15,CMMS-SIM
F-002273,2026-01-29 09:00:00,20260129,JD-005,CMP-ENG,Turbo fault,WO-004673,2026-01-29 10:19:39,2026-01-30 00:08:31,13.81,1.33,15.14,9905.0,ENG-44,CMMS-SIM
F-002274,2026-02-07 21:00:00,20260207,JD-005,CMP-TYR,Track tension failure,WO-004680,2026-02-07 23:29:22,2026-02-08 06:55:33,7.44,2.49,9.93,9983.5,TYR-34,CMMS-SIM
F-002275,2026-02-09 09:00:00,20260209,JD-005,CMP-HYD,Valve block leak,WO-004682,2026-02-09 11:28:27,2026-02-09 17:06:45,5.64,2.47,8.11,10023.5,HYD-02,CMMS-SIM
F-002276,2026-02-11 23:00:00,20260211,JD-005,CMP-HYD,Valve block leak,WO-004684,2026-02-12 01:23:38,2026-02-12 03:46:09,2.38,2.39,4.77,10095.0,HYD-27,CMMS-SIM
F-002277,2026-02-14 01:00:00,20260214,JD-005,CMP-HYD,Valve block leak,WO-004687,2026-02-14 02:43:39,2026-02-14 12:08:28,9.41,1.73,11.14,10122.2,HYD-24,CMMS-SIM
F-002278,2026-02-20 15:00:00,20260220,JD-005,CMP-ELE,Sensor failure,WO-004690,2026-02-20 17:28:44,2026-02-20 20:26:39,2.97,2.48,5.44,10190.5,ELE-38,CMMS-SIM
F-002279,2026-02-21 23:00:00,20260221,JD-005,CMP-TYR,Sidewall damage,WO-004693,2026-02-22 01:35:16,2026-02-22 09:05:59,7.51,2.59,10.1,10255.0,TYR-91,CMMS-SIM
F-002280,2026-02-23 07:00:00,20260223,JD-005,CMP-ELE,Lighting circuit fault,WO-004695,2026-02-23 09:00:36,2026-02-23 21:25:28,12.41,2.01,14.42,10318.4,ELE-46,CMMS-SIM
F-002281,2026-02-24 15:30:00,20260224,JD-005,CMP-ELE,Harness damage,WO-004696,2026-02-24 16:51:59,2026-02-24 23:33:26,6.69,1.37,8.06,10362.6,ELE-22,CMMS-SIM
F-002282,2026-02-25 10:30:00,20260225,JD-005,CMP-HYD,Hose burst,WO-004697,2026-02-25 11:19:06,2026-02-25 17:35:09,6.27,0.82,7.09,10450.3,HYD-27,CMMS-SIM
F-002283,2026-02-28 01:30:00,20260228,JD-005,CMP-TYR,Sidewall damage,WO-004699,2026-02-28 04:54:30,2026-02-28 10:57:14,6.05,3.41,9.45,10536.3,TYR-85,CMMS-SIM
F-002284,2026-03-06 15:00:00,20260306,JD-005,CMP-HYD,Hose burst,WO-004701,2026-03-06 17:33:13,2026-03-06 20:39:07,3.1,2.55,5.65,10605.1,HYD-32,CMMS-SIM
F-002285,2026-03-09 05:30:00,20260309,JD-005,CMP-HYD,Boom cylinder seal leak,WO-004703,2026-03-09 08:51:34,2026-03-09 10:09:26,1.3,3.36,4.66,10616.8,HYD-51,CMMS-SIM
F-002286,2026-03-13 11:00:00,20260313,JD-005,CMP-ELE,Harness damage,WO-004706,2026-03-13 13:38:33,2026-03-13 20:23:07,6.74,2.64,9.39,10656.8,ELE-13,CMMS-SIM
F-002287,2026-03-15 03:30:00,20260315,JD-005,CMP-ENG,Turbo fault,WO-004709,2026-03-15 04:26:57,2026-03-15 10:52:30,6.43,0.95,7.38,10667.2,ENG-53,CMMS-SIM
F-002288,2026-03-15 09:30:00,20260315,JD-005,CMP-HYD,Boom cylinder seal leak,WO-004710,2026-03-15 11:21:02,2026-03-15 17:06:05,5.75,1.85,7.6,10731.0,HYD-47,CMMS-SIM
F-002289,2026-03-17 13:00:00,20260317,JD-005,CMP-ELE,Harness damage,WO-004713,2026-03-17 13:43:11,2026-03-17 16:47:16,3.07,0.72,3.79,10778.0,ELE-84,CMMS-SIM
F-002290,2026-03-19 13:30:00,20260319,JD-005,CMP-BRK,Brake pressure fault,WO-004715,2026-03-19 15:32:18,2026-03-20 01:52:59,10.34,2.04,12.38,10822.1,BRK-52,CMMS-SIM
F-002291,2026-03-21 19:00:00,20260321,JD-005,CMP-TRN,Torque converter issue,WO-004716,2026-03-21 19:21:33,2026-03-21 23:21:12,3.99,0.36,4.35,10885.0,TRN-52,CMMS-SIM
F-002292,2026-03-22 21:00:00,20260322,JD-005,CMP-ELE,Harness damage,WO-004719,2026-03-22 21:11:05,2026-03-23 01:58:08,4.78,0.18,4.97,10972.6,ELE-18,CMMS-SIM
F-002293,2026-04-03 18:00:00,20260403,JD-005,CMP-SVC,Service-related defect,WO-004728,2026-04-03 19:03:58,2026-04-03 22:19:40,3.26,1.07,4.33,11004.6,SVC-66,CMMS-SIM
F-002294,2026-04-05 07:30:00,20260405,JD-005,CMP-ELE,Harness damage,WO-004729,2026-04-05 09:57:06,2026-04-05 12:54:16,2.95,2.45,5.4,11070.3,ELE-19,CMMS-SIM
F-002295,2026-04-09 07:30:00,20260409,JD-005,CMP-HYD,Valve block leak,WO-004730,2026-04-09 10:26:22,2026-04-09 16:08:36,5.7,2.94,8.64,11082.9,HYD-58,CMMS-SIM
F-002296,2026-04-17 17:30:00,20260417,JD-005,CMP-TYR,Tyre change,WO-004735,2026-04-17 17:40:51,2026-04-18 01:31:44,7.85,0.18,8.03,11107.6,TYR-97,CMMS-SIM
F-002297,2026-04-23 05:30:00,20260423,JD-005,CMP-HYD,Boom cylinder seal leak,WO-004740,2026-04-23 06:21:34,2026-04-23 08:17:26,1.93,0.86,2.79,11171.2,HYD-90,CMMS-SIM
F-002298,2026-04-25 03:00:00,20260425,JD-005,CMP-TYR,Tyre change,WO-004743,2026-04-25 03:35:34,2026-04-25 07:36:42,4.02,0.59,4.61,11248.4,TYR-33,CMMS-SIM
F-002299,2026-04-28 18:30:00,20260428,JD-005,CMP-HYD,Boom cylinder seal leak,WO-004744,2026-04-28 20:03:06,2026-04-29 00:20:54,4.3,1.55,5.85,11330.5,HYD-72,CMMS-SIM
F-002300,2026-04-30 01:30:00,20260430,JD-005,CMP-HYD,Hose burst,WO-004745,2026-04-30 04:45:52,2026-04-30 10:05:11,5.32,3.26,8.59,11348.4,HYD-01,CMMS-SIM
F-002301,2026-05-06 01:30:00,20260506,JD-005,CMP-TYR,Tyre change,WO-004750,2026-05-06 02:56:24,2026-05-06 14:24:11,11.46,1.44,12.9,11433.9,TYR-86,CMMS-SIM
F-002302,2026-05-20 01:30:00,20260520,JD-005,CMP-ELE,Lighting circuit fault,WO-004756,2026-05-20 02:52:17,2026-05-20 09:44:35,6.87,1.37,8.24,11480.2,ELE-07,CMMS-SIM
F-002303,2026-05-21 03:00:00,20260521,JD-005,CMP-TRN,Torque converter issue,WO-004758,2026-05-21 03:26:15,2026-05-21 17:03:36,13.62,0.44,14.06,11547.2,TRN-21,CMMS-SIM
F-002304,2026-05-22 17:30:00,20260522,JD-005,CMP-HYD,Main pump failure,WO-004760,2026-05-22 17:47:02,2026-05-23 00:28:13,6.69,0.28,6.97,11590.1,HYD-35,CMMS-SIM
F-002305,2026-05-23 13:30:00,20260523,JD-005,CMP-HYD,Boom cylinder seal leak,WO-004761,2026-05-23 14:41:08,2026-05-23 20:01:11,5.33,1.19,6.52,11631.3,HYD-86,CMMS-SIM
F-002306,2026-05-30 14:30:00,20260530,JD-005,CMP-ELE,Starter fault,WO-004764,2026-05-30 15:54:24,2026-05-30 21:35:09,5.68,1.41,7.09,11642.5,ELE-73,CMMS-SIM
F-002307,2026-06-04 20:00:00,20260604,JD-005,CMP-TYR,Track tension failure,WO-004767,2026-06-04 20:43:57,2026-06-05 00:52:48,4.15,0.73,4.88,11732.4,TYR-28,CMMS-SIM
F-002308,2026-07-10 01:30:00,20260710,JD-005,CMP-HYD,Hose burst,WO-004779,2026-07-10 03:20:30,2026-07-10 15:02:26,11.7,1.84,13.54,11759.5,HYD-72,CMMS-SIM
F-002309,2026-07-11 15:30:00,20260711,JD-005,CMP-TYR,Track tension failure,WO-004780,2026-07-11 18:12:54,2026-07-11 22:57:39,4.75,2.72,7.46,11848.6,TYR-46,CMMS-SIM
F-002310,2026-07-14 00:00:00,20260714,JD-005,CMP-ELE,Starter fault,WO-004783,2026-07-14 02:01:30,2026-07-14 10:19:38,8.3,2.03,10.33,11893.0,ELE-61,CMMS-SIM
F-002311,2026-07-19 17:00:00,20260719,JD-005,CMP-ENG,Cooling issue,WO-004786,2026-07-19 21:19:21,2026-07-19 22:51:05,1.53,4.32,5.85,11939.4,ENG-26,CMMS-SIM
F-002312,2026-08-05 07:30:00,20260805,JD-005,CMP-HYD,Boom cylinder seal leak,WO-004794,2026-08-05 09:20:11,2026-08-05 16:15:53,6.93,1.84,8.76,11975.6,HYD-98,CMMS-SIM
F-002313,2026-08-09 14:30:00,20260809,JD-005,CMP-ELE,Starter fault,WO-004798,2026-08-09 15:49:57,2026-08-09 18:29:50,2.66,1.33,4.0,12037.3,ELE-29,CMMS-SIM
F-002314,2026-08-11 07:00:00,20260811,JD-005,CMP-HYD,Valve block leak,WO-004799,2026-08-11 08:56:01,2026-08-11 13:43:34,4.79,1.93,6.73,12050.7,HYD-21,CMMS-SIM
F-002315,2026-08-22 12:30:00,20260822,JD-005,CMP-HYD,Main pump failure,WO-004801,2026-08-22 14:04:16,2026-08-23 04:20:06,14.26,1.57,15.84,12063.2,HYD-47,CMMS-SIM
F-002316,2026-08-29 10:00:00,20260829,JD-005,CMP-HYD,Valve block leak,WO-004804,2026-08-29 11:52:10,2026-08-29 14:05:37,2.22,1.87,4.09,12113.7,HYD-18,CMMS-SIM
F-002317,2026-09-11 20:00:00,20260911,JD-005,CMP-TYR,Sidewall damage,WO-004805,2026-09-11 22:21:35,2026-09-12 00:20:24,1.98,2.36,4.34,12196.5,TYR-70,CMMS-SIM
F-002318,2026-09-18 04:30:00,20260918,JD-005,CMP-HYD,Valve block leak,WO-004807,2026-09-18 04:57:56,2026-09-18 10:36:52,5.65,0.47,6.11,12269.2,HYD-69,CMMS-SIM
F-002319,2025-10-05 05:30:00,20251005,JD-006,CMP-HYD,Boom cylinder seal leak,WO-004809,2025-10-05 06:10:30,2025-10-05 08:49:26,2.65,0.68,3.32,8059.6,HYD-32,CMMS-SIM
F-002320,2025-10-06 20:30:00,20251006,JD-006,CMP-ELE,Sensor failure,WO-004811,2025-10-06 22:25:58,2025-10-07 06:28:12,8.04,1.93,9.97,8107.6,ELE-91,CMMS-SIM
F-002321,2025-10-11 18:00:00,20251011,JD-006,CMP-OTH,Other mechanical fault,WO-004812,2025-10-11 18:05:49,2025-10-11 22:12:41,4.11,0.1,4.21,8181.0,OTH-21,CMMS-SIM
F-002322,2025-10-12 11:00:00,20251012,JD-006,CMP-TYR,Track tension failure,WO-004813,2025-10-12 12:27:33,2025-10-12 17:12:54,4.76,1.46,6.22,8229.1,TYR-80,CMMS-SIM
F-002323,2025-10-12 20:30:00,20251012,JD-006,CMP-HYD,Hose burst,WO-004814,2025-10-13 01:30:38,2025-10-13 05:46:56,4.27,5.01,9.28,8280.4,HYD-82,CMMS-SIM
F-002324,2025-10-17 10:30:00,20251017,JD-006,CMP-TYR,Tyre change,WO-004817,2025-10-17 11:41:26,2025-10-17 18:57:54,7.27,1.19,8.47,8297.8,TYR-29,CMMS-SIM
F-002325,2025-10-20 01:30:00,20251020,JD-006,CMP-HYD,Boom cylinder seal leak,WO-004818,2025-10-20 04:57:09,2025-10-20 10:02:50,5.09,3.45,8.55,8363.1,HYD-73,CMMS-SIM
F-002326,2025-10-23 10:00:00,20251023,JD-006,CMP-HYD,Boom cylinder seal leak,WO-004819,2025-10-23 14:00:35,2025-10-23 18:32:49,4.54,4.01,8.55,8415.1,HYD-36,CMMS-SIM
F-002327,2025-10-26 01:30:00,20251026,JD-006,CMP-BRK,Brake wear alarm,WO-004820,2025-10-26 06:22:56,2025-10-26 12:38:39,6.26,4.88,11.14,8487.7,BRK-68,CMMS-SIM
F-002328,2025-10-27 21:00:00,20251027,JD-006,CMP-HYD,Boom cylinder seal leak,WO-004821,2025-10-27 23:03:35,2025-10-28 04:40:41,5.62,2.06,7.68,8523.5,HYD-56,CMMS-SIM
F-002329,2025-10-30 17:30:00,20251030,JD-006,CMP-ENG,Cooling issue,WO-004824,2025-10-30 20:02:23,2025-10-31 05:13:26,9.18,2.54,11.72,8585.9,ENG-70,CMMS-SIM
F-002330,2025-10-31 03:00:00,20251031,JD-006,CMP-BRK,Brake wear alarm,WO-004825,2025-10-31 04:33:59,2025-10-31 08:53:12,4.32,1.57,5.89,8640.5,BRK-69,CMMS-SIM
F-002331,2025-11-01 15:00:00,20251101,JD-006,CMP-HYD,Boom cylinder seal leak,WO-004826,2025-11-01 16:59:05,2025-11-01 20:31:04,3.53,1.98,5.52,8723.3,HYD-84,CMMS-SIM
F-002332,2025-11-10 15:30:00,20251110,JD-006,CMP-HYD,Boom cylinder seal leak,WO-004829,2025-11-10 16:08:18,2025-11-10 19:02:54,2.91,0.64,3.55,8784.6,HYD-74,CMMS-SIM
F-002333,2025-11-16 14:00:00,20251116,JD-006,CMP-HYD,Main pump failure,WO-004833,2025-11-16 14:41:28,2025-11-16 19:05:52,4.41,0.69,5.1,8837.6,HYD-80,CMMS-SIM
F-002334,2025-11-17 16:00:00,20251117,JD-006,CMP-HYD,Boom cylinder seal leak,WO-004835,2025-11-17 18:47:25,2025-11-18 03:04:53,8.29,2.79,11.08,8920.9,HYD-76,CMMS-SIM
F-002335,2025-11-23 02:00:00,20251123,JD-006,CMP-HYD,Boom cylinder seal leak,WO-004838,2025-11-23 06:13:31,2025-11-23 11:07:33,4.9,4.23,9.13,8934.9,HYD-41,CMMS-SIM
F-002336,2025-11-23 17:00:00,20251123,JD-006,CMP-HYD,Hose burst,WO-004839,2025-11-23 19:49:30,2025-11-24 02:30:01,6.68,2.83,9.5,8971.6,HYD-32,CMMS-SIM
F-002337,2025-11-24 18:00:00,20251124,JD-006,CMP-ELE,Lighting circuit fault,WO-004841,2025-11-24 19:33:20,2025-11-25 03:12:37,7.65,1.56,9.21,8985.5,ELE-72,CMMS-SIM
F-002338,2025-11-29 21:00:00,20251129,JD-006,CMP-ELE,Starter fault,WO-004844,2025-11-29 21:45:08,2025-11-30 04:26:57,6.7,0.75,7.45,9039.1,ELE-93,CMMS-SIM
F-002339,2025-12-05 05:30:00,20251205,JD-006,CMP-HYD,Main pump failure,WO-004846,2025-12-05 06:11:46,2025-12-05 11:45:40,5.57,0.7,6.26,9086.0,HYD-76,CMMS-SIM
F-002340,2025-12-11 03:30:00,20251211,JD-006,CMP-HYD,Hose burst,WO-004849,2025-12-11 05:09:00,2025-12-11 06:19:14,1.17,1.65,2.82,9158.9,HYD-30,CMMS-SIM
F-002341,2025-12-12 01:00:00,20251212,JD-006,CMP-ELE,Lighting circuit fault,WO-004850,2025-12-12 07:31:04,2025-12-12 09:36:22,2.09,6.52,8.61,9239.9,ELE-98,CMMS-SIM
F-002342,2025-12-13 15:00:00,20251213,JD-006,CMP-HYD,Main pump failure,WO-004851,2025-12-13 16:02:54,2025-12-13 21:44:27,5.69,1.05,6.74,9294.0,HYD-60,CMMS-SIM
F-002343,2025-12-15 05:30:00,20251215,JD-006,CMP-TRN,Torque converter issue,WO-004853,2025-12-15 06:07:43,2025-12-15 14:11:11,8.06,0.63,8.69,9330.0,TRN-75,CMMS-SIM
F-002344,2025-12-19 05:00:00,20251219,JD-006,CMP-BRK,Brake pressure fault,WO-004854,2025-12-19 07:27:51,2025-12-19 12:25:01,4.95,2.46,7.42,9406.9,BRK-70,CMMS-SIM
F-002345,2025-12-27 00:30:00,20251227,JD-006,CMP-ELE,Lighting circuit fault,WO-004857,2025-12-27 02:24:56,2025-12-27 05:27:08,3.04,1.92,4.95,9493.2,ELE-80,CMMS-SIM
F-002346,2025-12-31 13:00:00,20251231,JD-006,CMP-ELE,Lighting circuit fault,WO-004858,2025-12-31 14:16:38,2025-12-31 18:18:30,4.03,1.28,5.31,9573.2,ELE-54,CMMS-SIM
F-002347,2026-01-01 06:00:00,20260101,JD-006,CMP-HYD,Boom cylinder seal leak,WO-004859,2026-01-01 07:03:14,2026-01-01 12:20:23,5.29,1.05,6.34,9625.7,HYD-40,CMMS-SIM
F-002348,2026-01-04 08:00:00,20260104,JD-006,CMP-HYD,Hose burst,WO-004861,2026-01-04 08:21:13,2026-01-04 19:43:55,11.38,0.35,11.73,9666.4,HYD-35,CMMS-SIM
F-002349,2026-01-05 17:00:00,20260105,JD-006,CMP-TYR,Track tension failure,WO-004862,2026-01-05 19:24:15,2026-01-06 00:55:13,5.52,2.4,7.92,9737.5,TYR-09,CMMS-SIM
F-002350,2026-01-06 14:00:00,20260106,JD-006,CMP-OTH,Other mechanical fault,WO-004864,2026-01-06 15:16:23,2026-01-06 22:35:49,7.32,1.27,8.6,9748.8,OTH-56,CMMS-SIM
F-002351,2026-01-07 04:00:00,20260107,JD-006,CMP-ELE,Sensor failure,WO-004865,2026-01-07 05:52:28,2026-01-07 15:01:35,9.15,1.87,11.03,9796.1,ELE-06,CMMS-SIM
F-002352,2026-01-08 12:00:00,20260108,JD-006,CMP-BRK,Brake pressure fault,WO-004866,2026-01-08 12:59:56,2026-01-08 15:53:56,2.9,1.0,3.9,9852.5,BRK-14,CMMS-SIM
F-002353,2026-01-08 17:30:00,20260108,JD-006,CMP-HYD,Hose burst,WO-004867,2026-01-08 19:30:32,2026-01-09 05:17:55,9.79,2.01,11.8,9921.4,HYD-80,CMMS-SIM
F-002354,2026-01-09 06:30:00,20260109,JD-006,CMP-HYD,Boom cylinder seal leak,WO-004868,2026-01-09 09:13:53,2026-01-09 13:07:00,3.89,2.73,6.62,9993.5,HYD-88,CMMS-SIM
F-002355,2026-01-12 23:00:00,20260112,JD-006,CMP-ELE,Starter fault,WO-004870,2026-01-13 00:42:59,2026-01-13 05:32:57,4.83,1.72,6.55,10026.3,ELE-22,CMMS-SIM
F-002356,2026-01-15 06:30:00,20260115,JD-006,CMP-HYD,Boom cylinder seal leak,WO-004872,2026-01-15 09:44:28,2026-01-15 20:02:13,10.3,3.24,13.54,10075.0,HYD-44,CMMS-SIM
F-002357,2026-01-21 01:30:00,20260121,JD-006,CMP-HYD,Hose burst,WO-004874,2026-01-21 02:10:07,2026-01-21 05:29:27,3.32,0.67,3.99,10140.7,HYD-13,CMMS-SIM
F-002358,2026-01-30 16:00:00,20260130,JD-006,CMP-ELE,Sensor failure,WO-004876,2026-01-30 17:50:23,2026-01-30 18:46:13,0.93,1.84,2.77,10177.6,ELE-90,CMMS-SIM
F-002359,2026-02-01 23:00:00,20260201,JD-006,CMP-ENG,Cooling issue,WO-004877,2026-02-02 00:49:06,2026-02-02 05:39:25,4.84,1.82,6.66,10189.4,ENG-63,CMMS-SIM
F-002360,2026-02-03 04:00:00,20260203,JD-006,CMP-TYR,Sidewall damage,WO-004878,2026-02-03 05:10:38,2026-02-03 14:26:12,9.26,1.18,10.44,10224.2,TYR-67,CMMS-SIM
F-002361,2026-02-06 06:30:00,20260206,JD-006,CMP-ELE,Starter fault,WO-004879,2026-02-06 09:18:31,2026-02-06 16:55:31,7.62,2.81,10.43,10313.9,ELE-66,CMMS-SIM
F-002362,2026-02-06 21:30:00,20260206,JD-006,CMP-HYD,Valve block leak,WO-004880,2026-02-06 22:53:01,2026-02-07 01:17:38,2.41,1.38,3.79,10366.7,HYD-98,CMMS-SIM
F-002363,2026-02-10 11:00:00,20260210,JD-006,CMP-ELE,Starter fault,WO-004882,2026-02-10 12:01:00,2026-02-10 17:34:46,5.56,1.02,6.58,10453.4,ELE-15,CMMS-SIM
F-002364,2026-02-13 17:30:00,20260213,JD-006,CMP-TYR,Sidewall damage,WO-004885,2026-02-13 17:42:30,2026-02-13 22:43:18,5.01,0.21,5.22,10484.7,TYR-96,CMMS-SIM
F-002365,2026-02-19 20:00:00,20260219,JD-006,CMP-ENG,Turbo fault,WO-004889,2026-02-19 20:26:46,2026-02-20 06:35:21,10.14,0.45,10.59,10520.5,ENG-34,CMMS-SIM
F-002366,2026-02-21 12:00:00,20260221,JD-006,CMP-HYD,Valve block leak,WO-004890,2026-02-21 13:27:56,2026-02-21 20:38:17,7.17,1.47,8.64,10605.1,HYD-96,CMMS-SIM
F-002367,2026-02-28 21:30:00,20260228,JD-006,CMP-TRN,Torque converter issue,WO-004893,2026-02-28 22:27:27,2026-03-01 06:33:10,8.1,0.96,9.05,10681.3,TRN-54,CMMS-SIM
F-002368,2026-03-03 15:30:00,20260303,JD-006,CMP-BRK,Brake wear alarm,WO-004895,2026-03-03 17:39:25,2026-03-03 21:02:42,3.39,2.16,5.55,10750.5,BRK-66,CMMS-SIM
F-002369,2026-03-06 00:00:00,20260306,JD-006,CMP-ELE,Harness damage,WO-004896,2026-03-06 01:55:48,2026-03-06 08:24:19,6.48,1.93,8.41,10771.9,ELE-98,CMMS-SIM
F-002370,2026-03-10 14:30:00,20260310,JD-006,CMP-HYD,Valve block leak,WO-004898,2026-03-10 16:39:23,2026-03-10 18:41:43,2.04,2.16,4.2,10833.1,HYD-13,CMMS-SIM
F-002371,2026-03-12 08:00:00,20260312,JD-006,CMP-HYD,Valve block leak,WO-004900,2026-03-12 09:32:16,2026-03-12 16:40:03,7.13,1.54,8.67,10900.8,HYD-31,CMMS-SIM
F-002372,2026-03-13 04:00:00,20260313,JD-006,CMP-ELE,Harness damage,WO-004902,2026-03-13 05:10:24,2026-03-13 11:48:52,6.64,1.17,7.81,10959.3,ELE-34,CMMS-SIM
F-002373,2026-03-15 18:00:00,20260315,JD-006,CMP-ELE,Lighting circuit fault,WO-004904,2026-03-15 20:56:18,2026-03-16 04:08:21,7.2,2.94,10.14,11047.8,ELE-93,CMMS-SIM
F-002374,2026-03-16 17:30:00,20260316,JD-006,CMP-HYD,Valve block leak,WO-004905,2026-03-16 17:46:56,2026-03-16 19:22:06,1.59,0.28,1.87,11060.9,HYD-93,CMMS-SIM
F-002375,2026-03-27 18:00:00,20260327,JD-006,CMP-HYD,Hose burst,WO-004911,2026-03-27 18:15:54,2026-03-28 04:42:37,10.45,0.27,10.71,11101.2,HYD-55,CMMS-SIM
F-002376,2026-03-28 15:30:00,20260328,JD-006,CMP-BRK,Brake pressure fault,WO-004913,2026-03-28 16:18:38,2026-03-28 19:39:34,3.35,0.81,4.16,11119.6,BRK-08,CMMS-SIM
F-002377,2026-04-08 18:30:00,20260408,JD-006,CMP-TYR,Tyre change,WO-004916,2026-04-08 19:40:55,2026-04-09 11:31:28,15.84,1.18,17.02,11130.8,TYR-57,CMMS-SIM
F-002378,2026-04-09 21:30:00,20260409,JD-006,CMP-ELE,Starter fault,WO-004917,2026-04-09 21:55:56,2026-04-10 02:26:20,4.51,0.43,4.94,11144.8,ELE-73,CMMS-SIM
F-002379,2026-04-11 08:00:00,20260411,JD-006,CMP-HYD,Valve block leak,WO-004919,2026-04-11 08:34:45,2026-04-11 12:46:06,4.19,0.58,4.77,11210.7,HYD-03,CMMS-SIM
F-002380,2026-04-14 01:00:00,20260414,JD-006,CMP-BRK,Brake pressure fault,WO-004921,2026-04-14 03:11:54,2026-04-14 07:34:11,4.37,2.2,6.57,11274.3,BRK-20,CMMS-SIM
F-002381,2026-04-18 00:30:00,20260418,JD-006,CMP-TYR,Sidewall damage,WO-004923,2026-04-18 02:09:51,2026-04-18 15:45:30,13.59,1.66,15.26,11312.2,TYR-02,CMMS-SIM
F-002382,2026-04-19 13:30:00,20260419,JD-006,CMP-ELE,Harness damage,WO-004924,2026-04-19 13:45:52,2026-04-19 18:45:04,4.99,0.26,5.25,11377.1,ELE-87,CMMS-SIM
F-002383,2026-04-22 01:00:00,20260422,JD-006,CMP-ENG,Turbo fault,WO-004925,2026-04-22 05:08:03,2026-04-22 12:50:11,7.7,4.13,11.84,11443.2,ENG-84,CMMS-SIM
F-002384,2026-04-25 06:30:00,20260425,JD-006,CMP-ELE,Harness damage,WO-004926,2026-04-25 06:53:32,2026-04-25 12:09:09,5.26,0.39,5.65,11488.2,ELE-20,CMMS-SIM
F-002385,2026-04-29 13:30:00,20260429,JD-006,CMP-HYD,Hose burst,WO-004928,2026-04-29 14:33:55,2026-04-29 17:15:46,2.7,1.07,3.76,11572.0,HYD-09,CMMS-SIM
F-002386,2026-05-06 15:00:00,20260506,JD-006,CMP-SVC,Service-related defect,WO-004930,2026-05-06 18:11:00,2026-05-07 05:08:37,10.96,3.18,14.14,11582.8,SVC-54,CMMS-SIM
F-002387,2026-05-07 16:00:00,20260507,JD-006,CMP-HYD,Valve block leak,WO-004931,2026-05-07 18:37:08,2026-05-08 03:32:13,8.92,2.62,11.54,11599.9,HYD-18,CMMS-SIM
F-002388,2026-05-11 17:30:00,20260511,JD-006,CMP-HYD,Hose burst,WO-004932,2026-05-11 19:05:58,2026-05-11 21:15:27,2.16,1.6,3.76,11621.1,HYD-84,CMMS-SIM
F-002389,2026-05-13 16:00:00,20260513,JD-006,CMP-HYD,Hose burst,WO-004933,2026-05-13 20:26:51,2026-05-14 03:28:12,7.02,4.45,11.47,11634.6,HYD-24,CMMS-SIM
F-002390,2026-05-15 09:00:00,20260515,JD-006,CMP-HYD,Hose burst,WO-004934,2026-05-15 09:35:20,2026-05-15 14:28:35,4.89,0.59,5.48,11695.8,HYD-97,CMMS-SIM
F-002391,2026-05-18 01:00:00,20260518,JD-006,CMP-ENG,Cooling issue,WO-004938,2026-05-18 02:47:56,2026-05-18 09:58:01,7.17,1.8,8.97,11721.0,ENG-18,CMMS-SIM
F-002392,2026-05-20 04:30:00,20260520,JD-006,CMP-HYD,Valve block leak,WO-004939,2026-05-20 05:32:02,2026-05-20 11:11:13,5.65,1.03,6.69,11737.0,HYD-55,CMMS-SIM
F-002393,2026-05-23 08:00:00,20260523,JD-006,CMP-TYR,Tyre change,WO-004940,2026-05-23 12:49:49,2026-05-23 16:12:02,3.37,4.83,8.2,11825.1,TYR-26,CMMS-SIM
F-002394,2026-05-27 01:00:00,20260527,JD-006,CMP-ELE,Starter fault,WO-004943,2026-05-27 01:21:37,2026-05-27 04:40:40,3.32,0.36,3.68,11860.4,ELE-57,CMMS-SIM
F-002395,2026-05-31 01:30:00,20260531,JD-006,CMP-ELE,Starter fault,WO-004945,2026-05-31 02:31:09,2026-05-31 05:10:55,2.66,1.02,3.68,11933.3,ELE-97,CMMS-SIM
F-002396,2026-06-03 07:00:00,20260603,JD-006,CMP-BRK,Brake wear alarm,WO-004946,2026-06-03 12:03:23,2026-06-03 16:30:15,4.45,5.06,9.5,11972.1,BRK-95,CMMS-SIM
F-002397,2026-06-16 08:30:00,20260616,JD-006,CMP-TYR,Tyre change,WO-004952,2026-06-16 08:43:42,2026-06-16 17:47:35,9.06,0.23,9.29,12058.7,TYR-78,CMMS-SIM
F-002398,2026-06-19 17:00:00,20260619,JD-006,CMP-ELE,Lighting circuit fault,WO-004954,2026-06-19 19:28:37,2026-06-20 00:14:25,4.76,2.48,7.24,12095.7,ELE-05,CMMS-SIM
F-002399,2026-07-02 15:00:00,20260702,JD-006,CMP-TYR,Tyre change,WO-004957,2026-07-02 17:06:51,2026-07-02 19:31:12,2.41,2.11,4.52,12182.3,TYR-89,CMMS-SIM
F-002400,2026-07-11 04:30:00,20260711,JD-006,CMP-ENG,Turbo fault,WO-004959,2026-07-11 04:43:26,2026-07-11 09:22:59,4.66,0.22,4.88,12268.7,ENG-26,CMMS-SIM
F-002401,2026-07-12 16:00:00,20260712,JD-006,CMP-BRK,Brake wear alarm,WO-004961,2026-07-12 17:39:29,2026-07-12 21:47:25,4.13,1.66,5.79,12352.1,BRK-12,CMMS-SIM
F-002402,2026-07-30 20:30:00,20260730,JD-006,CMP-ELE,Sensor failure,WO-004964,2026-07-30 21:00:20,2026-07-31 01:25:33,4.42,0.51,4.93,12376.7,ELE-86,CMMS-SIM
F-002403,2026-08-04 03:30:00,20260804,JD-006,CMP-ELE,Sensor failure,WO-004966,2026-08-04 05:25:42,2026-08-04 07:35:51,2.17,1.93,4.1,12458.0,ELE-78,CMMS-SIM
F-002404,2026-08-15 14:00:00,20260815,JD-006,CMP-TYR,Track tension failure,WO-004968,2026-08-15 18:00:00,2026-08-16 02:26:08,8.44,4.0,12.44,12547.9,TYR-82,CMMS-SIM
F-002405,2026-08-19 14:00:00,20260819,JD-006,CMP-ELE,Sensor failure,WO-004969,2026-08-19 16:17:22,2026-08-19 21:45:56,5.48,2.29,7.77,12587.5,ELE-69,CMMS-SIM
F-002406,2026-08-19 18:00:00,20260819,JD-006,CMP-ENG,Fuel system fault,WO-004970,2026-08-19 20:40:13,2026-08-20 01:23:32,4.72,2.67,7.39,12598.8,ENG-79,CMMS-SIM
F-002407,2026-08-20 18:00:00,20260820,JD-006,CMP-ELE,Harness damage,WO-004971,2026-08-20 18:47:56,2026-08-20 22:11:58,3.4,0.8,4.2,12667.5,ELE-28,CMMS-SIM
F-002408,2026-08-31 06:30:00,20260831,JD-006,CMP-ELE,Starter fault,WO-004973,2026-08-31 10:56:58,2026-08-31 17:44:42,6.8,4.45,11.25,12731.6,ELE-64,CMMS-SIM
F-002409,2026-09-12 11:00:00,20260912,JD-006,CMP-ELE,Sensor failure,WO-004975,2026-09-12 17:08:44,2026-09-13 01:20:20,8.19,6.15,14.34,12764.7,ELE-72,CMMS-SIM
F-002410,2025-10-01 23:30:00,20251001,BT-001,CMP-TYR,Sidewall damage,WO-004977,2025-10-02 01:56:13,2025-10-02 13:12:12,11.27,2.44,13.7,8018.8,TYR-35,CMMS-SIM
F-002411,2025-10-06 11:00:00,20251006,BT-001,CMP-ELE,Starter fault,WO-004979,2025-10-06 12:59:21,2025-10-06 14:34:27,1.58,1.99,3.57,8068.9,ELE-06,CMMS-SIM
F-002412,2025-10-06 18:00:00,20251006,BT-001,CMP-HYD,Main pump failure,WO-004980,2025-10-06 19:29:08,2025-10-07 04:52:36,9.39,1.49,10.88,8101.5,HYD-65,CMMS-SIM
F-002413,2025-10-07 11:00:00,20251007,BT-001,CMP-HYD,Boom cylinder seal leak,WO-004982,2025-10-07 14:20:03,2025-10-07 18:07:27,3.79,3.33,7.12,8139.5,HYD-84,CMMS-SIM
F-002414,2025-10-10 11:30:00,20251010,BT-001,CMP-HYD,Boom cylinder seal leak,WO-004986,2025-10-10 13:02:12,2025-10-10 21:40:41,8.64,1.54,10.18,8151.5,HYD-73,CMMS-SIM
F-002415,2025-10-12 14:00:00,20251012,BT-001,CMP-ENG,Cooling issue,WO-004988,2025-10-12 16:03:35,2025-10-12 18:10:30,2.12,2.06,4.18,8215.5,ENG-46,CMMS-SIM
F-002416,2025-10-13 09:00:00,20251013,BT-001,CMP-ELE,Lighting circuit fault,WO-004989,2025-10-13 09:54:07,2025-10-13 11:00:45,1.11,0.9,2.01,8271.9,ELE-96,CMMS-SIM
F-002417,2025-10-26 19:30:00,20251026,BT-001,CMP-ELE,Sensor failure,WO-004990,2025-10-26 20:04:33,2025-10-27 02:43:21,6.65,0.58,7.22,8283.8,ELE-48,CMMS-SIM
F-002418,2025-11-03 11:00:00,20251103,BT-001,CMP-HYD,Valve block leak,WO-004992,2025-11-03 11:17:38,2025-11-03 13:08:47,1.85,0.29,2.15,8326.3,HYD-46,CMMS-SIM
F-002419,2025-11-04 09:00:00,20251104,BT-001,CMP-ELE,Lighting circuit fault,WO-004993,2025-11-04 09:48:16,2025-11-04 17:21:18,7.55,0.8,8.36,8347.8,ELE-63,CMMS-SIM
F-002420,2025-11-06 17:30:00,20251106,BT-001,CMP-HYD,Main pump failure,WO-004995,2025-11-06 20:24:27,2025-11-07 03:06:46,6.71,2.91,9.61,8368.9,HYD-48,CMMS-SIM
F-002421,2025-11-21 07:00:00,20251121,BT-001,CMP-ELE,Sensor failure,WO-004999,2025-11-21 09:20:15,2025-11-21 12:37:21,3.28,2.34,5.62,8425.0,ELE-71,CMMS-SIM
F-002422,2025-11-25 10:30:00,20251125,BT-001,CMP-TYR,Tyre change,WO-005002,2025-11-25 13:39:39,2025-11-25 21:33:23,7.9,3.16,11.06,8502.2,TYR-77,CMMS-SIM
F-002423,2025-11-25 18:30:00,20251125,BT-001,CMP-HYD,Main pump failure,WO-005003,2025-11-25 18:41:22,2025-11-25 23:47:52,5.11,0.19,5.3,8561.4,HYD-45,CMMS-SIM
F-002424,2025-11-26 21:30:00,20251126,BT-001,CMP-TYR,Tyre change,WO-005005,2025-11-27 02:17:27,2025-11-27 03:56:50,1.66,4.79,6.45,8592.2,TYR-09,CMMS-SIM
F-002425,2025-11-27 12:00:00,20251127,BT-001,CMP-STR,Crack inspection,WO-005006,2025-11-27 14:33:26,2025-11-28 00:04:37,9.52,2.56,12.08,8636.9,STR-56,CMMS-SIM
F-002426,2025-11-30 14:30:00,20251130,BT-001,CMP-BRK,Brake pressure fault,WO-005010,2025-11-30 15:00:33,2025-11-30 16:31:52,1.52,0.51,2.03,8671.0,BRK-50,CMMS-SIM
F-002427,2025-12-03 18:00:00,20251203,BT-001,CMP-TYR,Tyre change,WO-005011,2025-12-03 20:39:14,2025-12-04 00:52:55,4.23,2.65,6.88,8738.0,TYR-23,CMMS-SIM
F-002428,2025-12-07 16:00:00,20251207,BT-001,CMP-ENG,Turbo fault,WO-005013,2025-12-07 19:07:02,2025-12-08 07:45:07,12.63,3.12,15.75,8751.6,ENG-29,CMMS-SIM
F-002429,2025-12-09 10:00:00,20251209,BT-001,CMP-ENG,Turbo fault,WO-005016,2025-12-09 15:12:36,2025-12-09 18:25:05,3.21,5.21,8.42,8828.5,ENG-88,CMMS-SIM
F-002430,2025-12-12 23:30:00,20251212,BT-001,CMP-HYD,Boom cylinder seal leak,WO-005018,2025-12-13 00:12:48,2025-12-13 05:23:29,5.18,0.71,5.89,8882.1,HYD-93,CMMS-SIM
F-002431,2025-12-13 20:00:00,20251213,BT-001,CMP-ELE,Harness damage,WO-005019,2025-12-13 20:28:19,2025-12-14 08:46:14,12.3,0.47,12.77,8921.1,ELE-95,CMMS-SIM
F-002432,2025-12-19 10:30:00,20251219,BT-001,CMP-HYD,Valve block leak,WO-005023,2025-12-19 12:25:58,2025-12-19 14:57:49,2.53,1.93,4.46,8940.7,HYD-82,CMMS-SIM
F-002433,2025-12-23 10:00:00,20251223,BT-001,CMP-ENG,Fuel system fault,WO-005027,2025-12-23 10:46:02,2025-12-23 20:59:26,10.22,0.77,10.99,8990.2,ENG-94,CMMS-SIM
F-002434,2025-12-23 14:30:00,20251223,BT-001,CMP-HYD,Main pump failure,WO-005028,2025-12-23 16:34:00,2025-12-23 22:16:38,5.71,2.07,7.78,9020.5,HYD-65,CMMS-SIM
F-002435,2025-12-30 03:30:00,20251230,BT-001,CMP-HYD,Boom cylinder seal leak,WO-005032,2025-12-30 05:07:51,2025-12-30 10:49:50,5.7,1.63,7.33,9063.1,HYD-20,CMMS-SIM
F-002436,2025-12-31 10:00:00,20251231,BT-001,CMP-HYD,Boom cylinder seal leak,WO-005033,2025-12-31 12:24:16,2025-12-31 15:00:20,2.6,2.4,5.01,9107.3,HYD-52,CMMS-SIM
F-002437,2026-01-03 06:30:00,20260103,BT-001,CMP-ELE,Sensor failure,WO-005034,2026-01-03 07:22:19,2026-01-03 15:43:34,8.35,0.87,9.23,9177.8,ELE-94,CMMS-SIM
F-002438,2026-01-15 21:30:00,20260115,BT-001,CMP-TRN,Torque converter issue,WO-005038,2026-01-15 22:42:19,2026-01-16 02:38:28,3.94,1.21,5.14,9206.7,TRN-80,CMMS-SIM
F-002439,2026-01-17 01:30:00,20260117,BT-001,CMP-ELE,Harness damage,WO-005039,2026-01-17 02:08:45,2026-01-17 10:36:02,8.45,0.65,9.1,9291.3,ELE-75,CMMS-SIM
F-002440,2026-01-18 12:30:00,20260118,BT-001,CMP-HYD,Valve block leak,WO-005040,2026-01-18 13:06:11,2026-01-19 01:14:30,12.14,0.6,12.74,9360.0,HYD-70,CMMS-SIM
F-002441,2026-01-21 15:30:00,20260121,BT-001,CMP-HYD,Hose burst,WO-005041,2026-01-21 17:05:49,2026-01-21 18:08:46,1.05,1.6,2.65,9408.0,HYD-03,CMMS-SIM
F-002442,2026-01-22 06:00:00,20260122,BT-001,CMP-HYD,Hose burst,WO-005042,2026-01-22 06:25:42,2026-01-22 13:53:03,7.46,0.43,7.88,9472.3,HYD-59,CMMS-SIM
F-002443,2026-01-25 19:00:00,20260125,BT-001,CMP-HYD,Valve block leak,WO-005043,2026-01-25 23:01:17,2026-01-26 10:40:14,11.65,4.02,15.67,9550.0,HYD-11,CMMS-SIM
F-002444,2026-02-03 01:30:00,20260203,BT-001,CMP-TYR,Track tension failure,WO-005045,2026-02-03 03:23:46,2026-02-03 07:39:07,4.26,1.9,6.15,9623.3,TYR-94,CMMS-SIM
F-002445,2026-02-12 15:30:00,20260212,BT-001,CMP-HYD,Main pump failure,WO-005049,2026-02-12 19:54:25,2026-02-12 20:19:25,0.42,4.41,4.82,9652.1,HYD-05,CMMS-SIM
F-002446,2026-02-16 10:00:00,20260216,BT-001,CMP-OTH,Other mechanical fault,WO-005052,2026-02-16 10:27:24,2026-02-16 13:16:50,2.82,0.46,3.28,9729.1,OTH-73,CMMS-SIM
F-002447,2026-02-19 17:00:00,20260219,BT-001,CMP-BRK,Brake wear alarm,WO-005056,2026-02-19 22:10:36,2026-02-20 01:15:20,3.08,5.18,8.26,9817.0,BRK-63,CMMS-SIM
F-002448,2026-02-20 17:30:00,20260220,BT-001,CMP-BRK,Brake pressure fault,WO-005057,2026-02-20 20:16:50,2026-02-21 01:12:50,4.93,2.78,7.71,9848.9,BRK-46,CMMS-SIM
F-002449,2026-02-22 12:00:00,20260222,BT-001,CMP-ELE,Lighting circuit fault,WO-005058,2026-02-22 12:33:03,2026-02-22 15:49:13,3.27,0.55,3.82,9933.6,ELE-45,CMMS-SIM
F-002450,2026-02-24 09:00:00,20260224,BT-001,CMP-ENG,Cooling issue,WO-005061,2026-02-24 11:00:07,2026-02-24 15:25:24,4.42,2.0,6.42,10004.0,ENG-95,CMMS-SIM
F-002451,2026-03-06 23:00:00,20260306,BT-001,CMP-HYD,Boom cylinder seal leak,WO-005063,2026-03-06 23:44:02,2026-03-07 03:49:54,4.1,0.73,4.83,10074.6,HYD-93,CMMS-SIM
F-002452,2026-03-11 02:00:00,20260311,BT-001,CMP-ENG,Cooling issue,WO-005065,2026-03-11 03:35:41,2026-03-11 15:16:52,11.69,1.59,13.28,10137.6,ENG-09,CMMS-SIM
F-002453,2026-03-19 23:00:00,20260319,BT-001,CMP-HYD,Valve block leak,WO-005068,2026-03-20 01:03:44,2026-03-20 04:26:45,3.38,2.06,5.45,10225.6,HYD-31,CMMS-SIM
F-002454,2026-04-02 23:30:00,20260402,BT-001,CMP-HYD,Boom cylinder seal leak,WO-005073,2026-04-03 01:35:08,2026-04-03 10:12:31,8.62,2.09,10.71,10252.4,HYD-37,CMMS-SIM
F-002455,2026-04-05 16:30:00,20260405,BT-001,CMP-HYD,Hose burst,WO-005076,2026-04-05 18:08:33,2026-04-06 03:28:52,9.34,1.64,10.98,10311.2,HYD-83,CMMS-SIM
F-002456,2026-04-06 01:00:00,20260406,BT-001,CMP-ENG,Turbo fault,WO-005077,2026-04-06 02:39:34,2026-04-06 11:32:11,8.88,1.66,10.54,10392.1,ENG-39,CMMS-SIM
F-002457,2026-04-08 20:00:00,20260408,BT-001,CMP-TYR,Sidewall damage,WO-005078,2026-04-08 21:21:51,2026-04-08 23:05:26,1.73,1.36,3.09,10428.7,TYR-73,CMMS-SIM
F-002458,2026-04-10 13:00:00,20260410,BT-001,CMP-ELE,Harness damage,WO-005080,2026-04-10 15:02:30,2026-04-10 19:43:17,4.68,2.04,6.72,10448.5,ELE-66,CMMS-SIM
F-002459,2026-04-10 20:00:00,20260410,BT-001,CMP-HYD,Valve block leak,WO-005081,2026-04-10 23:31:32,2026-04-11 02:59:34,3.47,3.53,6.99,10515.9,HYD-99,CMMS-SIM
F-002460,2026-04-11 19:00:00,20260411,BT-001,CMP-HYD,Hose burst,WO-005083,2026-04-11 21:18:21,2026-04-12 00:37:53,3.33,2.31,5.63,10583.5,HYD-08,CMMS-SIM
F-002461,2026-04-12 11:00:00,20260412,BT-001,CMP-ELE,Harness damage,WO-005084,2026-04-12 14:35:10,2026-04-12 18:09:05,3.57,3.59,7.15,10622.5,ELE-56,CMMS-SIM
F-002462,2026-04-19 01:00:00,20260419,BT-001,CMP-HYD,Boom cylinder seal leak,WO-005087,2026-04-19 02:06:07,2026-04-19 03:17:41,1.19,1.1,2.29,10647.3,HYD-99,CMMS-SIM
F-002463,2026-04-25 10:30:00,20260425,BT-001,CMP-HYD,Boom cylinder seal leak,WO-005091,2026-04-25 10:33:55,2026-04-25 13:03:01,2.48,0.07,2.55,10735.1,HYD-71,CMMS-SIM
F-002464,2026-05-05 23:30:00,20260505,BT-001,CMP-HYD,Hose burst,WO-005093,2026-05-06 00:17:53,2026-05-06 03:19:44,3.03,0.8,3.83,10792.2,HYD-79,CMMS-SIM
F-002465,2026-05-10 05:30:00,20260510,BT-001,CMP-TYR,Sidewall damage,WO-005095,2026-05-10 06:00:39,2026-05-10 13:14:21,7.23,0.51,7.74,10872.4,TYR-32,CMMS-SIM
F-002466,2026-05-10 18:00:00,20260510,BT-001,CMP-TYR,Sidewall damage,WO-005096,2026-05-10 18:22:40,2026-05-10 23:20:25,4.96,0.38,5.34,10887.4,TYR-83,CMMS-SIM
F-002467,2026-05-17 06:00:00,20260517,BT-001,CMP-BRK,Brake wear alarm,WO-005097,2026-05-17 07:42:32,2026-05-17 12:09:24,4.45,1.71,6.16,10943.6,BRK-84,CMMS-SIM
F-002468,2026-05-20 14:30:00,20260520,BT-001,CMP-TYR,Sidewall damage,WO-005098,2026-05-20 17:06:44,2026-05-21 03:29:38,10.38,2.61,12.99,10965.7,TYR-56,CMMS-SIM
F-002469,2026-05-28 22:00:00,20260528,BT-001,CMP-BRK,Brake wear alarm,WO-005102,2026-05-28 22:29:49,2026-05-29 03:41:21,5.19,0.5,5.69,11035.8,BRK-26,CMMS-SIM
F-002470,2026-06-01 18:00:00,20260601,BT-001,CMP-HYD,Boom cylinder seal leak,WO-005104,2026-06-01 18:21:05,2026-06-01 21:09:42,2.81,0.35,3.16,11086.9,HYD-58,CMMS-SIM
F-002471,2026-06-03 18:00:00,20260603,BT-001,CMP-BRK,Brake wear alarm,WO-005105,2026-06-03 20:30:20,2026-06-03 22:48:35,2.3,2.51,4.81,11137.7,BRK-53,CMMS-SIM
F-002472,2026-06-11 15:30:00,20260611,BT-001,CMP-OTH,Other mechanical fault,WO-005107,2026-06-11 18:10:44,2026-06-11 21:48:54,3.64,2.68,6.32,11209.7,OTH-55,CMMS-SIM
F-002473,2026-06-14 01:00:00,20260614,BT-001,CMP-ENG,Cooling issue,WO-005109,2026-06-14 02:45:16,2026-06-14 05:43:05,2.96,1.75,4.72,11269.2,ENG-37,CMMS-SIM
F-002474,2026-06-15 03:00:00,20260615,BT-001,CMP-TYR,Track tension failure,WO-005110,2026-06-15 03:40:13,2026-06-15 10:27:05,6.78,0.67,7.45,11297.1,TYR-52,CMMS-SIM
F-002475,2026-06-17 22:30:00,20260617,BT-001,CMP-ELE,Lighting circuit fault,WO-005111,2026-06-17 22:44:52,2026-06-18 01:02:47,2.3,0.25,2.55,11318.2,ELE-15,CMMS-SIM
F-002476,2026-07-11 09:00:00,20260711,BT-001,CMP-HYD,Main pump failure,WO-005116,2026-07-11 11:01:29,2026-07-11 23:20:07,12.31,2.02,14.34,11373.9,HYD-94,CMMS-SIM
F-002477,2026-07-23 16:30:00,20260723,BT-001,CMP-ELE,Starter fault,WO-005118,2026-07-23 17:10:42,2026-07-23 22:52:19,5.69,0.68,6.37,11443.8,ELE-40,CMMS-SIM
F-002478,2026-08-13 20:30:00,20260813,BT-001,CMP-TYR,Track tension failure,WO-005124,2026-08-13 21:01:04,2026-08-13 23:45:32,2.74,0.52,3.26,11501.7,TYR-85,CMMS-SIM
F-002479,2026-09-10 08:30:00,20260910,BT-001,CMP-ELE,Lighting circuit fault,WO-005128,2026-09-10 08:45:12,2026-09-10 13:51:05,5.1,0.25,5.35,11581.4,ELE-70,CMMS-SIM
F-002480,2026-09-10 21:30:00,20260910,BT-001,CMP-TYR,Track tension failure,WO-005129,2026-09-10 22:08:35,2026-09-11 07:14:26,9.1,0.64,9.74,11647.2,TYR-73,CMMS-SIM
F-002481,2026-09-12 12:30:00,20260912,BT-001,CMP-OTH,Other mechanical fault,WO-005130,2026-09-12 13:03:27,2026-09-12 20:05:18,7.03,0.56,7.59,11729.9,OTH-38,CMMS-SIM
F-002482,2025-10-04 14:30:00,20251004,BT-002,CMP-HYD,Hose burst,WO-005134,2025-10-04 15:21:38,2025-10-05 00:50:02,9.47,0.86,10.33,8064.1,HYD-03,CMMS-SIM
F-002483,2025-10-05 00:30:00,20251005,BT-002,CMP-ELE,Harness damage,WO-005135,2025-10-05 00:53:49,2025-10-05 02:53:59,2.0,0.4,2.4,8124.8,ELE-03,CMMS-SIM
F-002484,2025-10-09 13:30:00,20251009,BT-002,CMP-ELE,Sensor failure,WO-005136,2025-10-09 13:32:24,2025-10-09 18:38:56,5.11,0.04,5.15,8162.6,ELE-21,CMMS-SIM
F-002485,2025-10-10 03:00:00,20251010,BT-002,CMP-ELE,Starter fault,WO-005137,2025-10-10 03:24:27,2025-10-10 06:39:21,3.25,0.41,3.66,8182.0,ELE-06,CMMS-SIM
F-002486,2025-10-11 21:30:00,20251011,BT-002,CMP-BRK,Brake wear alarm,WO-005138,2025-10-12 00:47:20,2025-10-12 05:33:04,4.76,3.29,8.05,8193.0,BRK-08,CMMS-SIM
F-002487,2025-10-15 06:00:00,20251015,BT-002,CMP-HYD,Boom cylinder seal leak,WO-005140,2025-10-15 07:36:33,2025-10-15 14:57:16,7.35,1.61,8.95,8276.1,HYD-33,CMMS-SIM
F-002488,2025-10-20 01:00:00,20251020,BT-002,CMP-TYR,Tyre change,WO-005141,2025-10-20 03:25:12,2025-10-20 06:37:52,3.21,2.42,5.63,8333.3,TYR-39,CMMS-SIM
F-002489,2025-10-21 08:30:00,20251021,BT-002,CMP-ELE,Starter fault,WO-005142,2025-10-21 11:07:29,2025-10-21 15:05:15,3.96,2.62,6.59,8353.0,ELE-23,CMMS-SIM
F-002490,2025-10-26 18:30:00,20251026,BT-002,CMP-BRK,Brake pressure fault,WO-005144,2025-10-26 20:09:40,2025-10-27 08:06:31,11.95,1.66,13.61,8379.9,BRK-24,CMMS-SIM
F-002491,2025-11-03 08:30:00,20251103,BT-002,CMP-TYR,Track tension failure,WO-005146,2025-11-03 09:01:17,2025-11-03 12:33:55,3.54,0.52,4.07,8462.0,TYR-09,CMMS-SIM
F-002492,2025-11-06 17:00:00,20251106,BT-002,CMP-ELE,Lighting circuit fault,WO-005147,2025-11-06 17:15:12,2025-11-06 23:57:44,6.71,0.25,6.96,8501.3,ELE-63,CMMS-SIM
F-002493,2025-11-09 09:30:00,20251109,BT-002,CMP-HYD,Hose burst,WO-005150,2025-11-09 09:57:06,2025-11-09 19:18:49,9.36,0.45,9.81,8549.4,HYD-19,CMMS-SIM
F-002494,2025-11-09 19:30:00,20251109,BT-002,CMP-ELE,Harness damage,WO-005151,2025-11-09 19:35:34,2025-11-09 21:41:10,2.09,0.09,2.19,8607.6,ELE-68,CMMS-SIM
F-002495,2025-11-10 11:30:00,20251110,BT-002,CMP-ENG,Turbo fault,WO-005152,2025-11-10 12:43:28,2025-11-10 15:30:08,2.78,1.22,4.0,8670.1,ENG-25,CMMS-SIM
F-002496,2025-11-13 03:30:00,20251113,BT-002,CMP-BRK,Brake pressure fault,WO-005155,2025-11-13 04:21:07,2025-11-13 11:56:27,7.59,0.85,8.44,8694.6,BRK-31,CMMS-SIM
F-002497,2025-11-13 14:00:00,20251113,BT-002,CMP-BRK,Brake pressure fault,WO-005156,2025-11-13 14:15:03,2025-11-13 16:12:13,1.95,0.25,2.2,8757.8,BRK-56,CMMS-SIM
F-002498,2025-11-15 20:00:00,20251115,BT-002,CMP-HYD,Valve block leak,WO-005157,2025-11-15 22:14:43,2025-11-16 05:34:02,7.32,2.25,9.57,8793.6,HYD-06,CMMS-SIM
F-002499,2025-11-19 10:00:00,20251119,BT-002,CMP-HYD,Main pump failure,WO-005158,2025-11-19 11:16:58,2025-11-19 15:42:54,4.43,1.28,5.72,8806.4,HYD-38,CMMS-SIM
F-002500,2025-11-23 00:30:00,20251123,BT-002,CMP-ELE,Harness damage,WO-005159,2025-11-23 00:40:20,2025-11-23 03:55:54,3.26,0.17,3.43,8853.0,ELE-06,CMMS-SIM
F-002501,2025-11-26 00:00:00,20251126,BT-002,CMP-HYD,Main pump failure,WO-005160,2025-11-26 00:43:55,2025-11-26 04:01:18,3.29,0.73,4.02,8935.9,HYD-15,CMMS-SIM
F-002502,2025-11-27 15:00:00,20251127,BT-002,CMP-HYD,Boom cylinder seal leak,WO-005162,2025-11-27 18:42:06,2025-11-28 05:55:34,11.22,3.7,14.93,8983.2,HYD-34,CMMS-SIM
F-002503,2025-11-30 19:30:00,20251130,BT-002,CMP-ELE,Sensor failure,WO-005165,2025-12-01 02:44:21,2025-12-01 11:06:12,8.36,7.24,15.6,9034.2,ELE-54,CMMS-SIM
F-002504,2025-12-01 05:00:00,20251201,BT-002,CMP-HYD,Main pump failure,WO-005166,2025-12-01 07:20:23,2025-12-01 19:29:20,12.15,2.34,14.49,9093.3,HYD-90,CMMS-SIM
F-002505,2025-12-02 15:00:00,20251202,BT-002,CMP-ELE,Starter fault,WO-005167,2025-12-02 15:33:15,2025-12-02 19:50:58,4.3,0.55,4.85,9116.4,ELE-84,CMMS-SIM
F-002506,2025-12-06 08:30:00,20251206,BT-002,CMP-ELE,Starter fault,WO-005168,2025-12-06 12:07:55,2025-12-06 13:28:16,1.34,3.63,4.97,9138.4,ELE-90,CMMS-SIM
F-002507,2025-12-08 12:30:00,20251208,BT-002,CMP-ELE,Starter fault,WO-005170,2025-12-08 15:13:57,2025-12-08 23:15:29,8.03,2.73,10.76,9185.8,ELE-59,CMMS-SIM
F-002508,2025-12-14 05:30:00,20251214,BT-002,CMP-HYD,Main pump failure,WO-005171,2025-12-14 05:40:48,2025-12-14 15:00:05,9.32,0.18,9.5,9268.4,HYD-63,CMMS-SIM
F-002509,2025-12-15 06:30:00,20251215,BT-002,CMP-HYD,Boom cylinder seal leak,WO-005172,2025-12-15 09:47:56,2025-12-15 12:39:17,2.86,3.3,6.15,9353.3,HYD-74,CMMS-SIM
F-002510,2025-12-17 18:00:00,20251217,BT-002,CMP-HYD,Main pump failure,WO-005174,2025-12-17 19:28:27,2025-12-18 00:13:05,4.74,1.47,6.22,9396.1,HYD-89,CMMS-SIM
F-002511,2025-12-20 06:30:00,20251220,BT-002,CMP-HYD,Boom cylinder seal leak,WO-005175,2025-12-20 08:48:17,2025-12-20 09:55:58,1.13,2.3,3.43,9475.6,HYD-35,CMMS-SIM
F-002512,2025-12-20 15:00:00,20251220,BT-002,CMP-HYD,Valve block leak,WO-005176,2025-12-20 15:19:16,2025-12-20 21:14:33,5.92,0.32,6.24,9492.8,HYD-46,CMMS-SIM
F-002513,2025-12-24 12:00:00,20251224,BT-002,CMP-TRN,Torque converter issue,WO-005179,2025-12-24 13:20:36,2025-12-24 17:58:04,4.62,1.34,5.97,9559.2,TRN-23,CMMS-SIM
F-002514,2025-12-26 10:30:00,20251226,BT-002,CMP-HYD,Boom cylinder seal leak,WO-005180,2025-12-26 13:41:33,2025-12-27 00:51:45,11.17,3.19,14.36,9645.6,HYD-60,CMMS-SIM
F-002515,2026-01-02 05:00:00,20260102,BT-002,CMP-HYD,Boom cylinder seal leak,WO-005182,2026-01-02 06:43:22,2026-01-02 11:47:13,5.06,1.72,6.79,9689.0,HYD-98,CMMS-SIM
F-002516,2026-01-06 21:00:00,20260106,BT-002,CMP-ENG,Cooling issue,WO-005185,2026-01-06 21:31:05,2026-01-07 01:57:58,4.45,0.52,4.97,9702.2,ENG-27,CMMS-SIM
F-002517,2026-01-12 18:00:00,20260112,BT-002,CMP-HYD,Valve block leak,WO-005188,2026-01-12 19:26:04,2026-01-12 23:56:04,4.5,1.43,5.93,9761.0,HYD-40,CMMS-SIM
F-002518,2026-01-18 00:30:00,20260118,BT-002,CMP-TYR,Sidewall damage,WO-005189,2026-01-18 01:53:20,2026-01-18 11:50:17,9.95,1.39,11.34,9787.8,TYR-63,CMMS-SIM
F-002519,2026-01-20 09:30:00,20260120,BT-002,CMP-HYD,Valve block leak,WO-005192,2026-01-20 13:58:56,2026-01-20 16:07:08,2.14,4.48,6.62,9870.7,HYD-18,CMMS-SIM
F-002520,2026-01-29 22:30:00,20260129,BT-002,CMP-ENG,Turbo fault,WO-005200,2026-01-30 00:46:26,2026-01-30 04:00:15,3.23,2.27,5.5,9953.4,ENG-18,CMMS-SIM
F-002521,2026-01-30 12:30:00,20260130,BT-002,CMP-HYD,Boom cylinder seal leak,WO-005201,2026-01-30 15:17:09,2026-01-30 20:37:33,5.34,2.79,8.13,10027.8,HYD-02,CMMS-SIM
F-002522,2026-02-03 05:00:00,20260203,BT-002,CMP-HYD,Main pump failure,WO-005202,2026-02-03 08:06:52,2026-02-03 10:52:07,2.75,3.11,5.87,10059.2,HYD-58,CMMS-SIM
F-002523,2026-02-04 12:30:00,20260204,BT-002,CMP-ENG,Turbo fault,WO-005203,2026-02-04 12:46:11,2026-02-04 17:41:33,4.92,0.27,5.19,10107.5,ENG-66,CMMS-SIM
F-002524,2026-02-10 06:30:00,20260210,BT-002,CMP-ENG,Cooling issue,WO-005206,2026-02-10 06:35:30,2026-02-10 15:50:42,9.25,0.09,9.35,10159.2,ENG-75,CMMS-SIM
F-002525,2026-02-17 04:30:00,20260217,BT-002,CMP-HYD,Main pump failure,WO-005208,2026-02-17 04:35:54,2026-02-17 13:11:54,8.6,0.1,8.7,10181.6,HYD-29,CMMS-SIM
F-002526,2026-02-18 01:30:00,20260218,BT-002,CMP-TYR,Tyre change,WO-005209,2026-02-18 02:15:51,2026-02-18 05:09:19,2.89,0.76,3.66,10231.7,TYR-58,CMMS-SIM
F-002527,2026-02-25 04:00:00,20260225,BT-002,CMP-BRK,Brake wear alarm,WO-005213,2026-02-25 05:18:38,2026-02-25 07:35:25,2.28,1.31,3.59,10293.8,BRK-86,CMMS-SIM
F-002528,2026-03-02 16:30:00,20260302,BT-002,CMP-ENG,Turbo fault,WO-005216,2026-03-02 18:00:28,2026-03-02 23:57:49,5.96,1.51,7.46,10331.5,ENG-10,CMMS-SIM
F-002529,2026-03-15 02:30:00,20260315,BT-002,CMP-HYD,Hose burst,WO-005219,2026-03-15 03:41:18,2026-03-15 06:30:08,2.81,1.19,4.0,10411.8,HYD-96,CMMS-SIM
F-002530,2026-03-22 19:30:00,20260322,BT-002,CMP-ENG,Cooling issue,WO-005220,2026-03-22 20:05:20,2026-03-23 06:09:52,10.08,0.59,10.66,10488.4,ENG-02,CMMS-SIM
F-002531,2026-03-28 22:00:00,20260328,BT-002,CMP-ENG,Fuel system fault,WO-005223,2026-03-28 22:21:58,2026-03-29 03:01:39,4.66,0.37,5.03,10577.7,ENG-15,CMMS-SIM
F-002532,2026-04-10 19:00:00,20260410,BT-002,CMP-ENG,Cooling issue,WO-005227,2026-04-10 21:13:53,2026-04-10 23:38:16,2.41,2.23,4.64,10598.7,ENG-71,CMMS-SIM
F-002533,2026-04-18 00:00:00,20260418,BT-002,CMP-SVC,Service-related defect,WO-005230,2026-04-18 00:22:33,2026-04-18 05:48:04,5.43,0.38,5.8,10659.3,SVC-11,CMMS-SIM
F-002534,2026-04-18 19:30:00,20260418,BT-002,CMP-HYD,Valve block leak,WO-005231,2026-04-18 20:13:20,2026-04-18 21:53:58,1.68,0.72,2.4,10731.7,HYD-61,CMMS-SIM
F-002535,2026-04-27 11:00:00,20260427,BT-002,CMP-HYD,Valve block leak,WO-005233,2026-04-27 13:02:10,2026-04-27 14:26:16,1.4,2.04,3.44,10806.5,HYD-15,CMMS-SIM
F-002536,2026-04-29 07:30:00,20260429,BT-002,CMP-ENG,Fuel system fault,WO-005234,2026-04-29 08:28:06,2026-04-29 16:54:01,8.43,0.97,9.4,10850.3,ENG-87,CMMS-SIM
F-002537,2026-05-15 20:00:00,20260515,BT-002,CMP-TYR,Track tension failure,WO-005239,2026-05-15 21:06:35,2026-05-16 02:26:47,5.34,1.11,6.45,10904.1,TYR-23,CMMS-SIM
F-002538,2026-05-19 22:30:00,20260519,BT-002,CMP-HYD,Valve block leak,WO-005242,2026-05-19 23:01:21,2026-05-20 03:46:17,4.75,0.52,5.27,10982.4,HYD-88,CMMS-SIM
F-002539,2026-05-29 11:00:00,20260529,BT-002,CMP-HYD,Main pump failure,WO-005244,2026-05-29 11:33:47,2026-05-30 06:52:16,19.31,0.56,19.87,11010.1,HYD-08,CMMS-SIM
F-002540,2026-06-01 17:00:00,20260601,BT-002,CMP-BRK,Brake wear alarm,WO-005246,2026-06-01 20:13:37,2026-06-02 00:22:09,4.14,3.23,7.37,11032.2,BRK-94,CMMS-SIM
F-002541,2026-06-02 07:00:00,20260602,BT-002,CMP-ENG,Cooling issue,WO-005247,2026-06-02 07:22:11,2026-06-02 14:19:36,6.96,0.37,7.33,11061.9,ENG-96,CMMS-SIM
F-002542,2026-06-28 01:00:00,20260628,BT-002,CMP-HYD,Valve block leak,WO-005252,2026-06-28 04:37:24,2026-06-28 10:24:32,5.79,3.62,9.41,11083.2,HYD-61,CMMS-SIM
F-002543,2026-07-08 03:00:00,20260708,BT-002,CMP-ELE,Harness damage,WO-005255,2026-07-08 03:43:06,2026-07-08 07:22:51,3.66,0.72,4.38,11140.8,ELE-10,CMMS-SIM
F-002544,2026-07-15 07:30:00,20260715,BT-002,CMP-ELE,Harness damage,WO-005257,2026-07-15 07:37:31,2026-07-15 11:29:33,3.87,0.13,3.99,11214.4,ELE-92,CMMS-SIM
F-002545,2026-07-16 12:00:00,20260716,BT-002,CMP-OTH,Other mechanical fault,WO-005258,2026-07-16 13:35:12,2026-07-16 20:30:29,6.92,1.59,8.51,11266.5,OTH-61,CMMS-SIM
F-002546,2026-07-17 06:00:00,20260717,BT-002,CMP-ELE,Lighting circuit fault,WO-005259,2026-07-17 06:43:50,2026-07-17 11:27:31,4.73,0.73,5.46,11356.4,ELE-46,CMMS-SIM
F-002547,2026-07-21 20:00:00,20260721,BT-002,CMP-ELE,Sensor failure,WO-005260,2026-07-21 21:49:56,2026-07-22 01:26:43,3.61,1.83,5.45,11422.7,ELE-89,CMMS-SIM
F-002548,2026-07-29 05:30:00,20260729,BT-002,CMP-TYR,Tyre change,WO-005261,2026-07-29 09:41:05,2026-07-29 10:28:00,0.78,4.18,4.97,11496.2,TYR-89,CMMS-SIM
F-002549,2026-08-05 02:00:00,20260805,BT-002,CMP-ELE,Sensor failure,WO-005262,2026-08-05 02:51:21,2026-08-05 06:08:58,3.29,0.86,4.15,11578.8,ELE-22,CMMS-SIM
F-002550,2026-08-11 12:00:00,20260811,BT-002,CMP-HYD,Hose burst,WO-005264,2026-08-11 12:11:33,2026-08-11 22:01:29,9.83,0.19,10.02,11616.2,HYD-33,CMMS-SIM
F-002551,2026-08-15 23:00:00,20260815,BT-002,CMP-HYD,Valve block leak,WO-005265,2026-08-15 23:59:46,2026-08-16 02:13:32,2.23,1.0,3.23,11705.7,HYD-52,CMMS-SIM
F-002552,2026-09-01 08:00:00,20260901,BT-002,CMP-ELE,Lighting circuit fault,WO-005268,2026-09-01 08:04:33,2026-09-01 22:06:45,14.04,0.08,14.11,11733.0,ELE-84,CMMS-SIM
F-002553,2026-09-09 22:00:00,20260909,BT-002,CMP-TYR,Track tension failure,WO-005270,2026-09-09 22:31:32,2026-09-10 05:21:14,6.83,0.53,7.35,11785.8,TYR-39,CMMS-SIM
F-002554,2025-10-02 00:00:00,20251002,BT-003,CMP-HYD,Valve block leak,WO-005272,2025-10-02 02:48:03,2025-10-02 11:03:06,8.25,2.8,11.05,8024.8,HYD-97,CMMS-SIM
F-002555,2025-10-03 12:00:00,20251003,BT-003,CMP-HYD,Main pump failure,WO-005275,2025-10-03 12:51:13,2025-10-03 15:10:50,2.33,0.85,3.18,8081.5,HYD-74,CMMS-SIM
F-002556,2025-10-07 15:00:00,20251007,BT-003,CMP-ELE,Sensor failure,WO-005276,2025-10-07 15:26:14,2025-10-07 17:32:50,2.11,0.44,2.55,8093.4,ELE-76,CMMS-SIM
F-002557,2025-10-12 10:30:00,20251012,BT-003,CMP-ELE,Lighting circuit fault,WO-005277,2025-10-12 12:30:51,2025-10-12 15:52:16,3.36,2.01,5.37,8150.3,ELE-95,CMMS-SIM
F-002558,2025-10-13 14:30:00,20251013,BT-003,CMP-TYR,Track tension failure,WO-005279,2025-10-13 15:04:04,2025-10-13 18:49:29,3.76,0.57,4.32,8204.2,TYR-58,CMMS-SIM
F-002559,2025-10-16 11:30:00,20251016,BT-003,CMP-ENG,Turbo fault,WO-005281,2025-10-16 12:31:51,2025-10-16 17:56:44,5.41,1.03,6.45,8226.1,ENG-90,CMMS-SIM
F-002560,2025-10-22 22:00:00,20251022,BT-003,CMP-HYD,Boom cylinder seal leak,WO-005283,2025-10-22 23:08:08,2025-10-23 07:17:32,8.16,1.14,9.29,8268.1,HYD-21,CMMS-SIM
F-002561,2025-10-28 03:00:00,20251028,BT-003,CMP-ELE,Starter fault,WO-005285,2025-10-28 05:06:41,2025-10-28 13:22:29,8.26,2.11,10.37,8344.6,ELE-84,CMMS-SIM
F-002562,2025-11-07 12:00:00,20251107,BT-003,CMP-HYD,Hose burst,WO-005290,2025-11-07 13:10:41,2025-11-07 14:55:01,1.74,1.18,2.92,8358.4,HYD-79,CMMS-SIM
F-002563,2025-11-12 17:00:00,20251112,BT-003,CMP-TYR,Track tension failure,WO-005292,2025-11-12 17:03:13,2025-11-12 20:20:39,3.29,0.05,3.34,8394.9,TYR-02,CMMS-SIM
F-002564,2025-11-16 11:00:00,20251116,BT-003,CMP-ELE,Lighting circuit fault,WO-005296,2025-11-16 11:36:02,2025-11-16 15:49:28,4.22,0.6,4.82,8417.7,ELE-40,CMMS-SIM
F-002565,2025-11-19 17:00:00,20251119,BT-003,CMP-HYD,Valve block leak,WO-005300,2025-11-19 20:16:59,2025-11-19 23:24:19,3.12,3.28,6.41,8456.2,HYD-49,CMMS-SIM
F-002566,2025-11-22 10:00:00,20251122,BT-003,CMP-BRK,Brake wear alarm,WO-005301,2025-11-22 13:05:52,2025-11-22 19:10:58,6.08,3.1,9.18,8497.4,BRK-62,CMMS-SIM
F-002567,2025-11-24 12:00:00,20251124,BT-003,CMP-TYR,Sidewall damage,WO-005302,2025-11-24 13:36:07,2025-11-24 17:49:07,4.22,1.6,5.82,8572.4,TYR-72,CMMS-SIM
F-002568,2025-11-26 08:00:00,20251126,BT-003,CMP-ELE,Sensor failure,WO-005303,2025-11-26 11:38:34,2025-11-26 14:53:54,3.26,3.64,6.9,8656.1,ELE-92,CMMS-SIM
F-002569,2025-11-28 08:30:00,20251128,BT-003,CMP-ELE,Harness damage,WO-005304,2025-11-28 11:52:37,2025-11-28 16:29:17,4.61,3.38,7.99,8673.9,ELE-07,CMMS-SIM
F-002570,2025-12-02 06:00:00,20251202,BT-003,CMP-ENG,Cooling issue,WO-005306,2025-12-02 06:50:00,2025-12-02 08:45:46,1.93,0.83,2.76,8706.5,ENG-53,CMMS-SIM
F-002571,2025-12-04 06:00:00,20251204,BT-003,CMP-BRK,Brake pressure fault,WO-005308,2025-12-04 09:40:47,2025-12-04 12:34:23,2.89,3.68,6.57,8793.6,BRK-84,CMMS-SIM
F-002572,2025-12-12 17:00:00,20251212,BT-003,CMP-HYD,Main pump failure,WO-005313,2025-12-12 18:23:00,2025-12-12 22:26:06,4.05,1.38,5.44,8869.5,HYD-58,CMMS-SIM
F-002573,2025-12-15 13:00:00,20251215,BT-003,CMP-HYD,Main pump failure,WO-005318,2025-12-15 13:40:58,2025-12-15 16:00:50,2.33,0.68,3.01,8935.6,HYD-92,CMMS-SIM
F-002574,2025-12-28 03:30:00,20251228,BT-003,CMP-ELE,Starter fault,WO-005319,2025-12-28 04:39:35,2025-12-28 14:00:17,9.35,1.16,10.5,8997.2,ELE-34,CMMS-SIM
F-002575,2026-01-03 21:30:00,20260103,BT-003,CMP-ELE,Lighting circuit fault,WO-005322,2026-01-03 22:59:51,2026-01-04 04:40:01,5.67,1.5,7.17,9045.8,ELE-70,CMMS-SIM
F-002576,2026-01-05 21:30:00,20260105,BT-003,CMP-HYD,Hose burst,WO-005323,2026-01-06 02:13:36,2026-01-06 07:07:44,4.9,4.73,9.63,9070.5,HYD-41,CMMS-SIM
F-002577,2026-01-10 21:30:00,20260110,BT-003,CMP-HYD,Boom cylinder seal leak,WO-005327,2026-01-10 23:35:06,2026-01-11 04:34:33,4.99,2.09,7.08,9152.1,HYD-89,CMMS-SIM
F-002578,2026-01-12 13:00:00,20260112,BT-003,CMP-TYR,Track tension failure,WO-005329,2026-01-12 14:05:40,2026-01-12 18:26:52,4.35,1.09,5.45,9216.4,TYR-54,CMMS-SIM
F-002579,2026-01-14 15:30:00,20260114,BT-003,CMP-ELE,Harness damage,WO-005330,2026-01-14 19:06:18,2026-01-15 05:51:39,10.76,3.61,14.36,9245.5,ELE-43,CMMS-SIM
F-002580,2026-01-15 14:00:00,20260115,BT-003,CMP-TYR,Tyre change,WO-005331,2026-01-15 14:36:49,2026-01-15 19:16:23,4.66,0.61,5.27,9277.0,TYR-74,CMMS-SIM
F-002581,2026-01-20 05:30:00,20260120,BT-003,CMP-HYD,Hose burst,WO-005333,2026-01-20 07:57:45,2026-01-20 10:36:07,2.64,2.46,5.1,9297.9,HYD-39,CMMS-SIM
F-002582,2026-01-23 12:30:00,20260123,BT-003,CMP-BRK,Brake pressure fault,WO-005335,2026-01-23 14:09:37,2026-01-23 17:01:41,2.87,1.66,4.53,9349.4,BRK-56,CMMS-SIM
F-002583,2026-01-27 08:30:00,20260127,BT-003,CMP-ELE,Harness damage,WO-005337,2026-01-27 09:27:18,2026-01-27 15:00:56,5.56,0.96,6.52,9420.5,ELE-96,CMMS-SIM
F-002584,2026-01-31 07:00:00,20260131,BT-003,CMP-ELE,Harness damage,WO-005339,2026-01-31 11:31:27,2026-01-31 15:00:03,3.48,4.52,8.0,9471.7,ELE-08,CMMS-SIM
F-002585,2026-02-05 01:30:00,20260205,BT-003,CMP-SVC,Service-related defect,WO-005343,2026-02-05 07:36:37,2026-02-05 14:14:42,6.63,6.11,12.75,9550.8,SVC-17,CMMS-SIM
F-002586,2026-02-06 19:30:00,20260206,BT-003,CMP-HYD,Valve block leak,WO-005344,2026-02-06 20:57:54,2026-02-06 23:28:04,2.5,1.47,3.97,9586.9,HYD-80,CMMS-SIM
F-002587,2026-02-10 10:30:00,20260210,BT-003,CMP-TYR,Track tension failure,WO-005346,2026-02-10 11:08:56,2026-02-10 13:26:50,2.3,0.65,2.95,9604.0,TYR-26,CMMS-SIM
F-002588,2026-02-12 03:30:00,20260212,BT-003,CMP-SVC,Service-related defect,WO-005348,2026-02-12 06:02:10,2026-02-12 13:24:33,7.37,2.54,9.91,9667.1,SVC-21,CMMS-SIM
F-002589,2026-02-12 16:30:00,20260212,BT-003,CMP-HYD,Boom cylinder seal leak,WO-005349,2026-02-12 17:16:59,2026-02-12 20:15:56,2.98,0.78,3.77,9687.5,HYD-95,CMMS-SIM
F-002590,2026-02-16 01:30:00,20260216,BT-003,CMP-HYD,Main pump failure,WO-005350,2026-02-16 03:27:39,2026-02-16 06:16:58,2.82,1.96,4.78,9752.1,HYD-23,CMMS-SIM
F-002591,2026-02-23 06:30:00,20260223,BT-003,CMP-HYD,Main pump failure,WO-005353,2026-02-23 13:01:10,2026-02-23 16:35:06,3.57,6.52,10.09,9789.2,HYD-35,CMMS-SIM
F-002592,2026-03-01 05:00:00,20260301,BT-003,CMP-ENG,Fuel system fault,WO-005356,2026-03-01 06:49:22,2026-03-01 11:29:26,4.67,1.82,6.49,9805.5,ENG-87,CMMS-SIM
F-002593,2026-03-02 04:00:00,20260302,BT-003,CMP-BRK,Brake wear alarm,WO-005358,2026-03-02 06:55:25,2026-03-02 12:02:58,5.13,2.92,8.05,9883.0,BRK-67,CMMS-SIM
F-002594,2026-03-16 19:00:00,20260316,BT-003,CMP-ELE,Lighting circuit fault,WO-005364,2026-03-16 20:37:23,2026-03-17 02:48:44,6.19,1.62,7.81,9955.5,ELE-98,CMMS-SIM
F-002595,2026-03-18 01:00:00,20260318,BT-003,CMP-HYD,Valve block leak,WO-005366,2026-03-18 02:11:22,2026-03-18 06:51:13,4.66,1.19,5.85,10024.6,HYD-50,CMMS-SIM
F-002596,2026-03-22 11:00:00,20260322,BT-003,CMP-ELE,Sensor failure,WO-005367,2026-03-22 15:06:57,2026-03-22 22:06:13,6.99,4.12,11.1,10057.6,ELE-82,CMMS-SIM
F-002597,2026-04-01 18:00:00,20260401,BT-003,CMP-HYD,Main pump failure,WO-005369,2026-04-01 19:38:29,2026-04-02 00:56:54,5.31,1.64,6.95,10117.7,HYD-94,CMMS-SIM
F-002598,2026-04-05 15:30:00,20260405,BT-003,CMP-ELE,Sensor failure,WO-005371,2026-04-05 16:23:36,2026-04-06 03:09:36,10.77,0.89,11.66,10176.9,ELE-74,CMMS-SIM
F-002599,2026-04-26 12:30:00,20260426,BT-003,CMP-HYD,Hose burst,WO-005376,2026-04-26 12:44:43,2026-04-26 15:51:28,3.11,0.25,3.36,10245.8,HYD-01,CMMS-SIM
F-002600,2026-04-28 21:00:00,20260428,BT-003,CMP-HYD,Main pump failure,WO-005377,2026-04-28 23:10:59,2026-04-29 07:56:20,8.76,2.18,10.94,10328.0,HYD-12,CMMS-SIM
F-002601,2026-04-30 18:00:00,20260430,BT-003,CMP-HYD,Valve block leak,WO-005379,2026-04-30 21:29:10,2026-04-30 22:17:31,0.81,3.49,4.29,10350.8,HYD-49,CMMS-SIM
F-002602,2026-05-02 14:30:00,20260502,BT-003,CMP-HYD,Boom cylinder seal leak,WO-005380,2026-05-02 15:01:02,2026-05-02 23:44:30,8.72,0.52,9.24,10363.2,HYD-68,CMMS-SIM
F-002603,2026-05-05 16:30:00,20260505,BT-003,CMP-TYR,Track tension failure,WO-005382,2026-05-05 21:24:13,2026-05-06 00:24:48,3.01,4.9,7.91,10395.6,TYR-72,CMMS-SIM
F-002604,2026-05-10 14:30:00,20260510,BT-003,CMP-ELE,Lighting circuit fault,WO-005383,2026-05-10 19:43:36,2026-05-11 03:29:54,7.77,5.23,13.0,10413.2,ELE-63,CMMS-SIM
F-002605,2026-05-14 07:00:00,20260514,BT-003,CMP-BRK,Brake wear alarm,WO-005384,2026-05-14 11:25:32,2026-05-14 12:43:25,1.3,4.43,5.72,10427.8,BRK-37,CMMS-SIM
F-002606,2026-05-15 15:00:00,20260515,BT-003,CMP-ELE,Harness damage,WO-005386,2026-05-15 16:51:28,2026-05-16 02:46:29,9.92,1.86,11.77,10479.6,ELE-43,CMMS-SIM
F-002607,2026-05-16 05:00:00,20260516,BT-003,CMP-TYR,Track tension failure,WO-005387,2026-05-16 06:00:25,2026-05-16 12:22:42,6.37,1.01,7.38,10525.4,TYR-02,CMMS-SIM
F-002608,2026-05-16 18:00:00,20260516,BT-003,CMP-TYR,Sidewall damage,WO-005388,2026-05-16 19:15:55,2026-05-17 06:04:45,10.81,1.27,12.08,10570.7,TYR-44,CMMS-SIM
F-002609,2026-05-18 16:30:00,20260518,BT-003,CMP-BRK,Brake pressure fault,WO-005390,2026-05-18 17:31:15,2026-05-19 05:03:55,11.54,1.02,12.57,10585.3,BRK-25,CMMS-SIM
F-002610,2026-06-02 01:00:00,20260602,BT-003,CMP-HYD,Valve block leak,WO-005399,2026-06-02 01:14:58,2026-06-02 06:21:01,5.1,0.25,5.35,10631.7,HYD-53,CMMS-SIM
F-002611,2026-06-03 02:00:00,20260603,BT-003,CMP-HYD,Main pump failure,WO-005400,2026-06-03 04:21:22,2026-06-03 17:56:48,13.59,2.36,15.95,10691.7,HYD-47,CMMS-SIM
F-002612,2026-06-04 16:30:00,20260604,BT-003,CMP-ELE,Harness damage,WO-005401,2026-06-04 19:17:04,2026-06-05 08:37:56,13.35,2.78,16.13,10716.9,ELE-71,CMMS-SIM
F-002613,2026-06-05 06:00:00,20260605,BT-003,CMP-BRK,Brake pressure fault,WO-005402,2026-06-05 07:36:07,2026-06-05 15:58:03,8.37,1.6,9.97,10781.5,BRK-06,CMMS-SIM
F-002614,2026-06-06 15:00:00,20260606,BT-003,CMP-BRK,Brake wear alarm,WO-005403,2026-06-06 17:20:46,2026-06-06 23:29:00,6.14,2.35,8.48,10794.6,BRK-38,CMMS-SIM
F-002615,2026-06-22 17:00:00,20260622,BT-003,CMP-HYD,Boom cylinder seal leak,WO-005409,2026-06-22 18:02:32,2026-06-22 21:59:36,3.95,1.04,4.99,10878.1,HYD-64,CMMS-SIM
F-002616,2026-06-24 16:30:00,20260624,BT-003,CMP-ELE,Harness damage,WO-005411,2026-06-24 22:42:01,2026-06-25 01:28:54,2.78,6.2,8.98,10949.3,ELE-47,CMMS-SIM
F-002617,2026-06-25 06:30:00,20260625,BT-003,CMP-TYR,Tyre change,WO-005412,2026-06-25 09:16:51,2026-06-25 13:52:12,4.59,2.78,7.37,10972.6,TYR-13,CMMS-SIM
F-002618,2026-06-26 05:30:00,20260626,BT-003,CMP-ELE,Harness damage,WO-005413,2026-06-26 07:37:24,2026-06-26 14:24:43,6.79,2.12,8.91,11053.9,ELE-35,CMMS-SIM
F-002619,2026-06-27 19:30:00,20260627,BT-003,CMP-HYD,Valve block leak,WO-005414,2026-06-27 20:33:47,2026-06-28 00:35:24,4.03,1.06,5.09,11137.0,HYD-54,CMMS-SIM
F-002620,2026-07-02 07:30:00,20260702,BT-003,CMP-ENG,Fuel system fault,WO-005418,2026-07-02 10:18:34,2026-07-02 11:58:05,1.66,2.81,4.47,11205.4,ENG-63,CMMS-SIM
F-002621,2026-07-25 12:00:00,20260725,BT-003,CMP-HYD,Valve block leak,WO-005422,2026-07-25 12:30:57,2026-07-25 22:58:40,10.46,0.52,10.98,11271.5,HYD-74,CMMS-SIM
F-002622,2026-07-28 08:00:00,20260728,BT-003,CMP-TYR,Tyre change,WO-005424,2026-07-28 08:57:33,2026-07-28 14:26:17,5.48,0.96,6.44,11318.8,TYR-46,CMMS-SIM
F-002623,2026-08-17 18:00:00,20260817,BT-003,CMP-ELE,Lighting circuit fault,WO-005427,2026-08-17 19:27:02,2026-08-17 22:15:11,2.8,1.45,4.25,11360.5,ELE-68,CMMS-SIM
F-002624,2026-09-06 21:30:00,20260906,BT-003,CMP-BRK,Brake wear alarm,WO-005430,2026-09-06 21:58:53,2026-09-07 01:56:45,3.96,0.48,4.45,11380.6,BRK-91,CMMS-SIM
F-002625,2026-09-07 16:30:00,20260907,BT-003,CMP-HYD,Main pump failure,WO-005431,2026-09-07 17:25:34,2026-09-07 20:24:10,2.98,0.93,3.9,11462.6,HYD-72,CMMS-SIM
F-002626,2025-10-06 15:00:00,20251006,BT-004,CMP-HYD,Main pump failure,WO-005434,2025-10-06 15:43:00,2025-10-06 23:48:01,8.08,0.72,8.8,8067.5,HYD-83,CMMS-SIM
F-002627,2025-10-09 18:30:00,20251009,BT-004,CMP-HYD,Valve block leak,WO-005436,2025-10-10 03:03:26,2025-10-10 10:08:02,7.08,8.56,15.63,8111.3,HYD-90,CMMS-SIM
F-002628,2025-10-10 08:00:00,20251010,BT-004,CMP-HYD,Valve block leak,WO-005437,2025-10-10 09:22:00,2025-10-10 14:54:05,5.53,1.37,6.9,8178.1,HYD-92,CMMS-SIM
F-002629,2025-10-25 21:00:00,20251025,BT-004,CMP-ENG,Cooling issue,WO-005444,2025-10-25 21:23:47,2025-10-26 03:50:33,6.45,0.4,6.84,8208.0,ENG-99,CMMS-SIM
F-002630,2025-10-28 14:30:00,20251028,BT-004,CMP-HYD,Main pump failure,WO-005445,2025-10-28 15:56:53,2025-10-28 17:36:31,1.66,1.45,3.11,8243.9,HYD-51,CMMS-SIM
F-002631,2025-10-29 07:30:00,20251029,BT-004,CMP-BRK,Brake pressure fault,WO-005446,2025-10-29 09:32:59,2025-10-29 13:53:09,4.34,2.05,6.39,8332.0,BRK-81,CMMS-SIM
F-002632,2025-10-31 17:30:00,20251031,BT-004,CMP-HYD,Hose burst,WO-005447,2025-10-31 21:02:27,2025-11-01 03:53:07,6.84,3.54,10.39,8351.2,HYD-56,CMMS-SIM
F-002633,2025-11-02 16:00:00,20251102,BT-004,CMP-ELE,Lighting circuit fault,WO-005448,2025-11-02 17:54:52,2025-11-02 21:18:45,3.4,1.91,5.31,8424.1,ELE-51,CMMS-SIM
F-002634,2025-11-04 19:30:00,20251104,BT-004,CMP-BRK,Brake wear alarm,WO-005449,2025-11-04 19:55:39,2025-11-05 03:12:00,7.27,0.43,7.7,8446.5,BRK-05,CMMS-SIM
F-002635,2025-11-07 07:00:00,20251107,BT-004,CMP-HYD,Valve block leak,WO-005450,2025-11-07 07:15:19,2025-11-07 12:28:06,5.21,0.26,5.47,8505.9,HYD-30,CMMS-SIM
F-002636,2025-11-15 13:00:00,20251115,BT-004,CMP-ELE,Sensor failure,WO-005453,2025-11-15 15:14:07,2025-11-16 02:12:42,10.98,2.24,13.21,8563.3,ELE-37,CMMS-SIM
F-002637,2025-11-27 09:30:00,20251127,BT-004,CMP-ELE,Lighting circuit fault,WO-005459,2025-11-27 11:30:17,2025-11-27 15:33:28,4.05,2.0,6.06,8592.4,ELE-51,CMMS-SIM
F-002638,2025-11-28 06:30:00,20251128,BT-004,CMP-BRK,Brake pressure fault,WO-005462,2025-11-28 06:50:22,2025-11-28 16:25:12,9.58,0.34,9.92,8606.7,BRK-36,CMMS-SIM
F-002639,2025-12-07 13:30:00,20251207,BT-004,CMP-ENG,Turbo fault,WO-005467,2025-12-07 14:00:14,2025-12-07 18:47:04,4.78,0.5,5.28,8636.2,ENG-07,CMMS-SIM
F-002640,2025-12-07 20:30:00,20251207,BT-004,CMP-TYR,Sidewall damage,WO-005468,2025-12-07 20:35:58,2025-12-08 03:01:16,6.42,0.1,6.52,8666.3,TYR-81,CMMS-SIM
F-002641,2025-12-11 04:00:00,20251211,BT-004,CMP-HYD,Boom cylinder seal leak,WO-005471,2025-12-11 09:03:08,2025-12-11 09:27:37,0.41,5.05,5.46,8681.5,HYD-48,CMMS-SIM
F-002642,2025-12-14 13:30:00,20251214,BT-004,CMP-HYD,Main pump failure,WO-005472,2025-12-14 17:40:32,2025-12-14 20:50:18,3.16,4.18,7.34,8755.0,HYD-93,CMMS-SIM
F-002643,2025-12-14 20:00:00,20251214,BT-004,CMP-TYR,Tyre change,WO-005473,2025-12-14 21:02:48,2025-12-15 06:04:30,9.03,1.05,10.08,8838.0,TYR-43,CMMS-SIM
F-002644,2025-12-15 11:30:00,20251215,BT-004,CMP-TYR,Track tension failure,WO-005475,2025-12-15 12:26:37,2025-12-15 20:50:53,8.4,0.94,9.35,8855.5,TYR-56,CMMS-SIM
F-002645,2025-12-18 21:00:00,20251218,BT-004,CMP-TYR,Tyre change,WO-005478,2025-12-18 23:39:21,2025-12-19 02:45:29,3.1,2.66,5.76,8881.7,TYR-85,CMMS-SIM
F-002646,2025-12-25 03:30:00,20251225,BT-004,CMP-HYD,Main pump failure,WO-005479,2025-12-25 05:16:57,2025-12-25 10:10:53,4.9,1.78,6.68,8919.6,HYD-79,CMMS-SIM
F-002647,2025-12-28 18:30:00,20251228,BT-004,CMP-TYR,Tyre change,WO-005482,2025-12-28 19:16:46,2025-12-28 22:40:29,3.4,0.78,4.17,8998.9,TYR-01,CMMS-SIM
F-002648,2025-12-30 23:30:00,20251230,BT-004,CMP-TYR,Track tension failure,WO-005483,2025-12-31 03:57:19,2025-12-31 09:00:12,5.05,4.46,9.5,9083.8,TYR-68,CMMS-SIM
F-002649,2026-01-15 12:00:00,20260115,BT-004,CMP-ENG,Turbo fault,WO-005488,2026-01-15 12:30:51,2026-01-15 19:55:55,7.42,0.51,7.93,9158.5,ENG-28,CMMS-SIM
F-002650,2026-01-16 11:30:00,20260116,BT-004,CMP-HYD,Valve block leak,WO-005490,2026-01-16 14:17:02,2026-01-16 19:58:10,5.69,2.78,8.47,9242.0,HYD-51,CMMS-SIM
F-002651,2026-01-31 05:30:00,20260131,BT-004,CMP-TYR,Sidewall damage,WO-005496,2026-01-31 08:06:35,2026-01-31 10:45:45,2.65,2.61,5.26,9313.2,TYR-23,CMMS-SIM
F-002652,2026-01-31 13:30:00,20260131,BT-004,CMP-ELE,Starter fault,WO-005497,2026-01-31 16:43:35,2026-01-31 18:55:47,2.2,3.23,5.43,9368.1,ELE-71,CMMS-SIM
F-002653,2026-02-03 01:30:00,20260203,BT-004,CMP-HYD,Main pump failure,WO-005499,2026-02-03 02:58:08,2026-02-03 08:47:46,5.83,1.47,7.3,9385.1,HYD-71,CMMS-SIM
F-002654,2026-02-09 12:30:00,20260209,BT-004,CMP-TYR,Tyre change,WO-005501,2026-02-09 16:17:55,2026-02-10 00:19:24,8.02,3.8,11.82,9418.4,TYR-46,CMMS-SIM
F-002655,2026-02-10 23:30:00,20260210,BT-004,CMP-ENG,Cooling issue,WO-005502,2026-02-11 00:53:04,2026-02-11 05:17:40,4.41,1.38,5.79,9499.5,ENG-35,CMMS-SIM
F-002656,2026-02-12 16:30:00,20260212,BT-004,CMP-HYD,Hose burst,WO-005503,2026-02-12 16:57:17,2026-02-12 18:51:30,1.9,0.45,2.36,9560.2,HYD-56,CMMS-SIM
F-002657,2026-02-18 04:30:00,20260218,BT-004,CMP-ELE,Harness damage,WO-005505,2026-02-18 06:39:25,2026-02-18 10:00:02,3.34,2.16,5.5,9594.4,ELE-23,CMMS-SIM
F-002658,2026-02-20 03:30:00,20260220,BT-004,CMP-HYD,Valve block leak,WO-005507,2026-02-20 05:31:37,2026-02-20 11:24:43,5.89,2.03,7.91,9682.1,HYD-70,CMMS-SIM
F-002659,2026-02-26 09:00:00,20260226,BT-004,CMP-BRK,Brake wear alarm,WO-005508,2026-02-26 09:28:43,2026-02-26 11:44:38,2.27,0.48,2.74,9740.0,BRK-35,CMMS-SIM
F-002660,2026-03-01 02:00:00,20260301,BT-004,CMP-ENG,Cooling issue,WO-005509,2026-03-01 02:10:39,2026-03-01 07:25:46,5.25,0.18,5.43,9767.3,ENG-48,CMMS-SIM
F-002661,2026-03-01 21:00:00,20260301,BT-004,CMP-TYR,Sidewall damage,WO-005510,2026-03-02 02:16:38,2026-03-02 11:27:17,9.18,5.28,14.45,9826.2,TYR-63,CMMS-SIM
F-002662,2026-03-04 19:30:00,20260304,BT-004,CMP-HYD,Main pump failure,WO-005511,2026-03-04 20:59:22,2026-03-05 02:01:15,5.03,1.49,6.52,9839.8,HYD-76,CMMS-SIM
F-002663,2026-03-18 11:30:00,20260318,BT-004,CMP-TYR,Sidewall damage,WO-005514,2026-03-18 15:39:51,2026-03-18 18:43:18,3.06,4.16,7.22,9893.3,TYR-90,CMMS-SIM
F-002664,2026-03-18 15:30:00,20260318,BT-004,CMP-ELE,Sensor failure,WO-005515,2026-03-18 16:14:20,2026-03-18 20:57:28,4.72,0.74,5.46,9978.0,ELE-09,CMMS-SIM
F-002665,2026-03-22 08:30:00,20260322,BT-004,CMP-HYD,Valve block leak,WO-005517,2026-03-22 09:32:16,2026-03-22 14:58:15,5.43,1.04,6.47,10035.0,HYD-67,CMMS-SIM
F-002666,2026-04-14 03:00:00,20260414,BT-004,CMP-HYD,Valve block leak,WO-005527,2026-04-14 04:13:24,2026-04-14 10:43:28,6.5,1.22,7.72,10121.0,HYD-14,CMMS-SIM
F-002667,2026-04-18 07:00:00,20260418,BT-004,CMP-TYR,Sidewall damage,WO-005529,2026-04-18 08:02:28,2026-04-18 13:18:41,5.27,1.04,6.31,10179.0,TYR-69,CMMS-SIM
F-002668,2026-04-19 00:30:00,20260419,BT-004,CMP-HYD,Main pump failure,WO-005530,2026-04-19 04:18:48,2026-04-19 06:07:42,1.82,3.81,5.63,10205.1,HYD-82,CMMS-SIM
F-002669,2026-04-19 10:00:00,20260419,BT-004,CMP-ELE,Lighting circuit fault,WO-005531,2026-04-19 11:12:01,2026-04-19 14:53:32,3.69,1.2,4.89,10243.0,ELE-58,CMMS-SIM
F-002670,2026-04-22 02:00:00,20260422,BT-004,CMP-ENG,Fuel system fault,WO-005533,2026-04-22 03:46:15,2026-04-22 05:50:10,2.07,1.77,3.84,10280.0,ENG-02,CMMS-SIM
F-002671,2026-04-22 15:00:00,20260422,BT-004,CMP-ELE,Lighting circuit fault,WO-005534,2026-04-22 17:10:09,2026-04-22 22:57:26,5.79,2.17,7.96,10353.9,ELE-25,CMMS-SIM
F-002672,2026-05-03 03:30:00,20260503,BT-004,CMP-HYD,Main pump failure,WO-005536,2026-05-03 03:51:14,2026-05-03 05:05:03,1.23,0.35,1.58,10398.3,HYD-84,CMMS-SIM
F-002673,2026-05-03 18:00:00,20260503,BT-004,CMP-HYD,Main pump failure,WO-005537,2026-05-03 20:38:09,2026-05-03 23:11:32,2.56,2.64,5.19,10444.8,HYD-20,CMMS-SIM
F-002674,2026-05-07 23:00:00,20260507,BT-004,CMP-ELE,Lighting circuit fault,WO-005539,2026-05-08 00:41:25,2026-05-08 08:52:41,8.19,1.69,9.88,10471.2,ELE-82,CMMS-SIM
F-002675,2026-05-08 23:00:00,20260508,BT-004,CMP-TYR,Tyre change,WO-005540,2026-05-08 23:31:33,2026-05-09 02:31:59,3.01,0.53,3.53,10506.0,TYR-38,CMMS-SIM
F-002676,2026-05-19 12:00:00,20260519,BT-004,CMP-TYR,Track tension failure,WO-005543,2026-05-19 14:49:20,2026-05-20 01:45:33,10.94,2.82,13.76,10560.6,TYR-23,CMMS-SIM
F-002677,2026-05-21 15:00:00,20260521,BT-004,CMP-ELE,Sensor failure,WO-005544,2026-05-21 17:24:05,2026-05-21 19:21:37,1.96,2.4,4.36,10579.7,ELE-47,CMMS-SIM
F-002678,2026-05-23 18:30:00,20260523,BT-004,CMP-BRK,Brake wear alarm,WO-005546,2026-05-23 19:11:38,2026-05-24 03:41:06,8.49,0.69,9.19,10629.8,BRK-49,CMMS-SIM
F-002679,2026-05-23 21:00:00,20260523,BT-004,CMP-STR,Crack inspection,WO-005547,2026-05-24 00:44:02,2026-05-24 07:42:58,6.98,3.73,10.72,10654.4,STR-74,CMMS-SIM
F-002680,2026-05-26 11:30:00,20260526,BT-004,CMP-TYR,Sidewall damage,WO-005549,2026-05-26 14:35:52,2026-05-26 22:55:29,8.33,3.1,11.42,10737.2,TYR-71,CMMS-SIM
F-002681,2026-05-29 13:30:00,20260529,BT-004,CMP-ELE,Starter fault,WO-005550,2026-05-29 15:28:41,2026-05-29 19:29:46,4.02,1.98,6.0,10780.1,ELE-68,CMMS-SIM
F-002682,2026-06-01 05:00:00,20260601,BT-004,CMP-ENG,Fuel system fault,WO-005552,2026-06-01 07:15:33,2026-06-01 20:49:46,13.57,2.26,15.83,10797.9,ENG-71,CMMS-SIM
F-002683,2026-06-22 11:00:00,20260622,BT-004,CMP-HYD,Main pump failure,WO-005556,2026-06-22 12:28:47,2026-06-22 18:53:33,6.41,1.48,7.89,10810.0,HYD-03,CMMS-SIM
F-002684,2026-07-01 14:00:00,20260701,BT-004,CMP-ELE,Starter fault,WO-005557,2026-07-01 15:43:30,2026-07-01 20:35:52,4.87,1.73,6.6,10890.2,ELE-93,CMMS-SIM
F-002685,2026-07-08 15:00:00,20260708,BT-004,CMP-HYD,Boom cylinder seal leak,WO-005558,2026-07-08 17:24:07,2026-07-08 20:55:47,3.53,2.4,5.93,10940.5,HYD-48,CMMS-SIM
F-002686,2026-07-12 14:00:00,20260712,BT-004,CMP-ENG,Turbo fault,WO-005561,2026-07-12 19:27:44,2026-07-13 00:56:08,5.47,5.46,10.94,10963.7,ENG-67,CMMS-SIM
F-002687,2026-07-13 08:00:00,20260713,BT-004,CMP-TYR,Sidewall damage,WO-005562,2026-07-13 09:10:41,2026-07-13 19:26:44,10.27,1.18,11.45,10999.2,TYR-65,CMMS-SIM
F-002688,2026-07-16 15:30:00,20260716,BT-004,CMP-HYD,Boom cylinder seal leak,WO-005563,2026-07-16 17:24:44,2026-07-16 17:50:01,0.42,1.91,2.33,11039.5,HYD-41,CMMS-SIM
F-002689,2026-07-22 10:00:00,20260722,BT-004,CMP-HYD,Hose burst,WO-005565,2026-07-22 10:39:07,2026-07-22 13:17:49,2.64,0.65,3.3,11098.3,HYD-10,CMMS-SIM
F-002690,2026-07-28 02:30:00,20260728,BT-004,CMP-ELE,Harness damage,WO-005568,2026-07-28 02:52:15,2026-07-28 10:10:54,7.31,0.37,7.68,11112.4,ELE-63,CMMS-SIM
F-002691,2026-07-30 14:00:00,20260730,BT-004,CMP-HYD,Hose burst,WO-005569,2026-07-30 15:09:11,2026-07-30 17:18:49,2.16,1.15,3.31,11149.7,HYD-24,CMMS-SIM
F-002692,2026-08-13 03:30:00,20260813,BT-004,CMP-TYR,Tyre change,WO-005572,2026-08-13 04:01:09,2026-08-13 12:01:44,8.01,0.52,8.53,11207.3,TYR-34,CMMS-SIM
F-002693,2026-08-20 02:00:00,20260820,BT-004,CMP-ELE,Lighting circuit fault,WO-005573,2026-08-20 02:15:32,2026-08-20 06:47:42,4.54,0.26,4.8,11276.2,ELE-04,CMMS-SIM
F-002694,2026-08-29 10:30:00,20260829,BT-004,CMP-ELE,Sensor failure,WO-005575,2026-08-29 10:59:30,2026-08-29 19:41:06,8.69,0.49,9.19,11350.5,ELE-53,CMMS-SIM
F-002695,2026-09-06 03:00:00,20260906,BT-004,CMP-ELE,Sensor failure,WO-005577,2026-09-06 04:10:52,2026-09-06 07:13:44,3.05,1.18,4.23,11434.3,ELE-98,CMMS-SIM
F-002696,2026-09-06 17:30:00,20260906,BT-004,CMP-TYR,Sidewall damage,WO-005578,2026-09-06 17:49:31,2026-09-06 19:59:19,2.16,0.33,2.49,11483.6,TYR-88,CMMS-SIM
F-002697,2026-09-18 12:00:00,20260918,BT-004,CMP-TYR,Sidewall damage,WO-005579,2026-09-18 12:38:55,2026-09-18 15:41:35,3.04,0.65,3.69,11525.8,TYR-64,CMMS-SIM
F-002698,2025-10-05 05:00:00,20251005,BT-005,CMP-ELE,Sensor failure,WO-005581,2025-10-05 05:22:29,2025-10-05 10:12:17,4.83,0.37,5.2,8017.2,ELE-07,CMMS-SIM
F-002699,2025-10-05 10:00:00,20251005,BT-005,CMP-ELE,Sensor failure,WO-005582,2025-10-05 12:54:35,2025-10-05 13:41:55,0.79,2.91,3.7,8103.0,ELE-82,CMMS-SIM
F-002700,2025-10-06 19:00:00,20251006,BT-005,CMP-ENG,Turbo fault,WO-005583,2025-10-06 19:18:46,2025-10-06 22:20:31,3.03,0.31,3.34,8163.9,ENG-67,CMMS-SIM
F-002701,2025-10-12 08:30:00,20251012,BT-005,CMP-ELE,Starter fault,WO-005585,2025-10-12 09:08:23,2025-10-12 19:24:45,10.27,0.64,10.91,8218.4,ELE-11,CMMS-SIM
F-002702,2025-10-13 14:00:00,20251013,BT-005,CMP-OTH,Other mechanical fault,WO-005586,2025-10-13 15:17:06,2025-10-13 18:08:26,2.86,1.29,4.14,8266.8,OTH-74,CMMS-SIM
F-002703,2025-10-14 12:30:00,20251014,BT-005,CMP-HYD,Valve block leak,WO-005587,2025-10-14 13:56:13,2025-10-14 16:47:37,2.86,1.44,4.29,8294.9,HYD-45,CMMS-SIM
F-002704,2025-10-17 22:00:00,20251017,BT-005,CMP-HYD,Boom cylinder seal leak,WO-005588,2025-10-17 23:49:26,2025-10-18 03:19:05,3.49,1.82,5.32,8316.1,HYD-15,CMMS-SIM
F-002705,2025-10-19 12:00:00,20251019,BT-005,CMP-HYD,Boom cylinder seal leak,WO-005589,2025-10-19 13:19:12,2025-10-19 15:04:04,1.75,1.32,3.07,8353.8,HYD-32,CMMS-SIM
F-002706,2025-11-05 11:00:00,20251105,BT-005,CMP-TYR,Track tension failure,WO-005596,2025-11-05 12:35:24,2025-11-05 18:46:24,6.18,1.59,7.77,8393.2,TYR-43,CMMS-SIM
F-002707,2025-11-06 14:30:00,20251106,BT-005,CMP-TYR,Track tension failure,WO-005598,2025-11-06 15:06:31,2025-11-06 18:37:15,3.51,0.61,4.12,8421.4,TYR-59,CMMS-SIM
F-002708,2025-11-09 19:00:00,20251109,BT-005,CMP-HYD,Valve block leak,WO-005600,2025-11-09 22:34:54,2025-11-10 06:01:09,7.44,3.58,11.02,8472.2,HYD-37,CMMS-SIM
F-002709,2025-11-10 11:00:00,20251110,BT-005,CMP-HYD,Valve block leak,WO-005601,2025-11-10 11:04:50,2025-11-10 14:55:49,3.85,0.08,3.93,8493.3,HYD-19,CMMS-SIM
F-002710,2025-11-10 22:30:00,20251110,BT-005,CMP-ELE,Lighting circuit fault,WO-005602,2025-11-10 22:34:40,2025-11-11 02:15:59,3.69,0.08,3.77,8531.9,ELE-35,CMMS-SIM
F-002711,2025-11-12 18:30:00,20251112,BT-005,CMP-OTH,Other mechanical fault,WO-005603,2025-11-12 18:39:22,2025-11-13 00:29:55,5.84,0.16,6.0,8550.0,OTH-82,CMMS-SIM
F-002712,2025-11-20 15:00:00,20251120,BT-005,CMP-HYD,Hose burst,WO-005606,2025-11-20 16:14:52,2025-11-21 02:32:41,10.3,1.25,11.54,8589.5,HYD-27,CMMS-SIM
F-002713,2025-11-22 15:00:00,20251122,BT-005,CMP-TYR,Sidewall damage,WO-005609,2025-11-22 15:25:58,2025-11-22 16:58:29,1.54,0.43,1.97,8621.7,TYR-64,CMMS-SIM
F-002714,2025-11-27 14:00:00,20251127,BT-005,CMP-OTH,Other mechanical fault,WO-005610,2025-11-27 14:38:46,2025-11-27 22:39:54,8.02,0.65,8.67,8685.7,OTH-53,CMMS-SIM
F-002715,2025-11-28 13:30:00,20251128,BT-005,CMP-HYD,Hose burst,WO-005611,2025-11-28 15:28:45,2025-11-28 19:35:52,4.12,1.98,6.1,8703.0,HYD-99,CMMS-SIM
F-002716,2025-12-06 22:00:00,20251206,BT-005,CMP-ELE,Starter fault,WO-005614,2025-12-06 22:06:06,2025-12-07 00:41:22,2.59,0.1,2.69,8736.2,ELE-13,CMMS-SIM
F-002717,2025-12-15 09:00:00,20251215,BT-005,CMP-HYD,Hose burst,WO-005615,2025-12-15 09:17:12,2025-12-15 12:19:48,3.04,0.29,3.33,8803.7,HYD-44,CMMS-SIM
F-002718,2025-12-18 03:00:00,20251218,BT-005,CMP-SVC,Service-related defect,WO-005618,2025-12-18 07:59:48,2025-12-18 10:41:00,2.69,5.0,7.68,8817.3,SVC-06,CMMS-SIM
F-002719,2025-12-18 23:00:00,20251218,BT-005,CMP-TYR,Tyre change,WO-005619,2025-12-18 23:16:12,2025-12-19 03:52:32,4.61,0.27,4.88,8905.1,TYR-91,CMMS-SIM
F-002720,2025-12-27 20:30:00,20251227,BT-005,CMP-HYD,Main pump failure,WO-005620,2025-12-27 22:34:10,2025-12-28 05:49:03,7.25,2.07,9.32,8916.0,HYD-21,CMMS-SIM
F-002721,2025-12-28 18:30:00,20251228,BT-005,CMP-SVC,Service-related defect,WO-005621,2025-12-28 19:52:33,2025-12-29 07:16:23,11.4,1.38,12.77,8994.4,SVC-77,CMMS-SIM
F-002722,2025-12-31 03:00:00,20251231,BT-005,CMP-ELE,Lighting circuit fault,WO-005622,2025-12-31 04:07:41,2025-12-31 06:16:19,2.14,1.13,3.27,9031.4,ELE-05,CMMS-SIM
F-002723,2025-12-31 10:30:00,20251231,BT-005,CMP-HYD,Hose burst,WO-005623,2025-12-31 12:48:01,2025-12-31 18:14:17,5.44,2.3,7.74,9068.8,HYD-01,CMMS-SIM
F-002724,2025-12-31 14:30:00,20251231,BT-005,CMP-ELE,Lighting circuit fault,WO-005624,2025-12-31 20:14:52,2026-01-01 05:36:43,9.36,5.75,15.11,9114.6,ELE-67,CMMS-SIM
F-002725,2026-01-01 02:30:00,20260101,BT-005,CMP-TYR,Tyre change,WO-005625,2026-01-01 02:33:13,2026-01-01 09:03:19,6.5,0.05,6.56,9191.8,TYR-12,CMMS-SIM
F-002726,2026-01-02 02:00:00,20260102,BT-005,CMP-HYD,Valve block leak,WO-005626,2026-01-02 02:44:48,2026-01-02 04:31:27,1.78,0.75,2.52,9204.1,HYD-80,CMMS-SIM
F-002727,2026-01-05 17:30:00,20260105,BT-005,CMP-SVC,Service-related defect,WO-005627,2026-01-05 18:09:45,2026-01-06 00:42:36,6.55,0.66,7.21,9292.5,SVC-32,CMMS-SIM
F-002728,2026-01-06 08:00:00,20260106,BT-005,CMP-HYD,Boom cylinder seal leak,WO-005628,2026-01-06 09:50:15,2026-01-06 11:26:40,1.61,1.84,3.44,9328.9,HYD-98,CMMS-SIM
F-002729,2026-01-21 15:00:00,20260121,BT-005,CMP-OTH,Other mechanical fault,WO-005632,2026-01-21 15:49:47,2026-01-21 17:33:32,1.73,0.83,2.56,9379.2,OTH-96,CMMS-SIM
F-002730,2026-01-23 03:00:00,20260123,BT-005,CMP-TYR,Sidewall damage,WO-005633,2026-01-23 04:05:40,2026-01-23 09:05:59,5.01,1.09,6.1,9391.6,TYR-45,CMMS-SIM
F-002731,2026-01-23 16:30:00,20260123,BT-005,CMP-HYD,Valve block leak,WO-005634,2026-01-23 17:43:09,2026-01-23 21:07:39,3.41,1.22,4.63,9431.0,HYD-41,CMMS-SIM
F-002732,2026-01-25 19:30:00,20260125,BT-005,CMP-SVC,Service-related defect,WO-005635,2026-01-25 20:22:18,2026-01-25 23:41:36,3.32,0.87,4.19,9450.4,SVC-46,CMMS-SIM
F-002733,2026-01-27 22:30:00,20260127,BT-005,CMP-TYR,Tyre change,WO-005637,2026-01-28 00:46:46,2026-01-28 09:20:25,8.56,2.28,10.84,9515.4,TYR-66,CMMS-SIM
F-002734,2026-01-28 22:00:00,20260128,BT-005,CMP-HYD,Main pump failure,WO-005638,2026-01-28 22:50:49,2026-01-29 03:53:37,5.05,0.85,5.89,9580.7,HYD-90,CMMS-SIM
F-002735,2026-01-29 01:30:00,20260129,BT-005,CMP-HYD,Main pump failure,WO-005639,2026-01-29 03:05:29,2026-01-29 04:57:49,1.87,1.59,3.46,9666.9,HYD-22,CMMS-SIM
F-002736,2026-01-31 02:30:00,20260131,BT-005,CMP-HYD,Hose burst,WO-005640,2026-01-31 02:31:50,2026-01-31 06:57:01,4.42,0.03,4.45,9685.4,HYD-10,CMMS-SIM
F-002737,2026-02-10 06:30:00,20260210,BT-005,CMP-HYD,Valve block leak,WO-005641,2026-02-10 09:31:19,2026-02-10 14:40:57,5.16,3.02,8.18,9732.3,HYD-54,CMMS-SIM
F-002738,2026-02-20 09:00:00,20260220,BT-005,CMP-ELE,Sensor failure,WO-005643,2026-02-20 14:12:23,2026-02-20 22:54:00,8.69,5.21,13.9,9791.5,ELE-24,CMMS-SIM
F-002739,2026-02-20 20:00:00,20260220,BT-005,CMP-ELE,Sensor failure,WO-005644,2026-02-20 22:17:26,2026-02-21 02:25:08,4.13,2.29,6.42,9859.8,ELE-81,CMMS-SIM
F-002740,2026-02-22 05:30:00,20260222,BT-005,CMP-HYD,Valve block leak,WO-005646,2026-02-22 06:27:40,2026-02-22 15:35:03,9.12,0.96,10.08,9891.3,HYD-23,CMMS-SIM
F-002741,2026-02-23 12:30:00,20260223,BT-005,CMP-OTH,Other mechanical fault,WO-005647,2026-02-23 12:36:53,2026-02-23 16:20:55,3.73,0.11,3.85,9930.2,OTH-19,CMMS-SIM
F-002742,2026-02-28 14:00:00,20260228,BT-005,CMP-STR,Crack inspection,WO-005649,2026-02-28 14:51:09,2026-02-28 19:48:49,4.96,0.85,5.81,10013.9,STR-21,CMMS-SIM
F-002743,2026-03-01 23:30:00,20260301,BT-005,CMP-BRK,Brake pressure fault,WO-005650,2026-03-02 01:23:33,2026-03-02 07:09:02,5.76,1.89,7.65,10049.9,BRK-41,CMMS-SIM
F-002744,2026-03-02 17:30:00,20260302,BT-005,CMP-HYD,Main pump failure,WO-005651,2026-03-03 05:19:36,2026-03-03 14:54:13,9.58,11.83,21.4,10091.5,HYD-90,CMMS-SIM
F-002745,2026-03-09 06:30:00,20260309,BT-005,CMP-HYD,Valve block leak,WO-005654,2026-03-09 10:16:24,2026-03-09 21:36:14,11.33,3.77,15.1,10113.4,HYD-32,CMMS-SIM
F-002746,2026-03-09 17:30:00,20260309,BT-005,CMP-BRK,Brake wear alarm,WO-005655,2026-03-09 18:26:53,2026-03-09 22:51:49,4.42,0.95,5.36,10141.9,BRK-62,CMMS-SIM
F-002747,2026-03-11 04:00:00,20260311,BT-005,CMP-BRK,Brake wear alarm,WO-005656,2026-03-11 04:33:58,2026-03-11 12:09:55,7.6,0.57,8.17,10176.7,BRK-81,CMMS-SIM
F-002748,2026-03-18 03:00:00,20260318,BT-005,CMP-ENG,Turbo fault,WO-005658,2026-03-18 04:05:39,2026-03-18 08:45:28,4.66,1.09,5.76,10265.6,ENG-89,CMMS-SIM
F-002749,2026-03-28 15:00:00,20260328,BT-005,CMP-HYD,Valve block leak,WO-005659,2026-03-28 15:03:21,2026-03-28 19:00:22,3.95,0.06,4.01,10354.0,HYD-56,CMMS-SIM
F-002750,2026-04-10 09:00:00,20260410,BT-005,CMP-TYR,Tyre change,WO-005661,2026-04-10 11:30:46,2026-04-10 13:15:57,1.75,2.51,4.27,10390.7,TYR-60,CMMS-SIM
F-002751,2026-04-17 15:30:00,20260417,BT-005,CMP-HYD,Valve block leak,WO-005662,2026-04-17 17:09:10,2026-04-18 02:03:35,8.91,1.65,10.56,10471.3,HYD-42,CMMS-SIM
F-002752,2026-04-20 05:30:00,20260420,BT-005,CMP-ENG,Fuel system fault,WO-005664,2026-04-20 09:42:02,2026-04-20 14:12:50,4.51,4.2,8.71,10543.0,ENG-97,CMMS-SIM
F-002753,2026-04-25 22:00:00,20260425,BT-005,CMP-HYD,Boom cylinder seal leak,WO-005666,2026-04-26 00:18:38,2026-04-26 03:27:28,3.15,2.31,5.46,10575.6,HYD-29,CMMS-SIM
F-002754,2026-04-27 23:30:00,20260427,BT-005,CMP-TYR,Track tension failure,WO-005668,2026-04-28 00:17:55,2026-04-28 06:38:24,6.34,0.8,7.14,10619.5,TYR-30,CMMS-SIM
F-002755,2026-05-05 20:30:00,20260505,BT-005,CMP-ELE,Starter fault,WO-005669,2026-05-06 00:10:11,2026-05-06 07:21:44,7.19,3.67,10.86,10687.0,ELE-93,CMMS-SIM
F-002756,2026-05-11 19:30:00,20260511,BT-005,CMP-BRK,Brake wear alarm,WO-005672,2026-05-11 19:54:15,2026-05-11 23:03:56,3.16,0.4,3.57,10724.0,BRK-77,CMMS-SIM
F-002757,2026-05-20 22:00:00,20260520,BT-005,CMP-TYR,Sidewall damage,WO-005673,2026-05-20 23:10:58,2026-05-21 00:21:37,1.18,1.18,2.36,10789.4,TYR-39,CMMS-SIM
F-002758,2026-05-25 05:30:00,20260525,BT-005,CMP-TRN,Transmission shift fault,WO-005674,2026-05-25 05:49:25,2026-05-25 22:49:59,17.01,0.32,17.33,10835.5,TRN-98,CMMS-SIM
F-002759,2026-05-25 09:00:00,20260525,BT-005,CMP-ENG,Fuel system fault,WO-005675,2026-05-25 09:20:19,2026-05-25 14:00:59,4.68,0.34,5.02,10867.5,ENG-65,CMMS-SIM
F-002760,2026-05-29 20:00:00,20260529,BT-005,CMP-ENG,Turbo fault,WO-005678,2026-05-29 23:24:01,2026-05-30 06:04:08,6.67,3.4,10.07,10914.3,ENG-27,CMMS-SIM
F-002761,2026-06-10 02:00:00,20260610,BT-005,CMP-HYD,Boom cylinder seal leak,WO-005679,2026-06-10 02:56:21,2026-06-10 14:36:03,11.66,0.94,12.6,10955.2,HYD-49,CMMS-SIM
F-002762,2026-06-10 10:30:00,20260610,BT-005,CMP-HYD,Boom cylinder seal leak,WO-005680,2026-06-10 11:51:41,2026-06-10 18:55:42,7.07,1.36,8.43,10969.3,HYD-57,CMMS-SIM
F-002763,2026-06-14 14:00:00,20260614,BT-005,CMP-HYD,Boom cylinder seal leak,WO-005681,2026-06-14 14:54:15,2026-06-14 17:19:52,2.43,0.9,3.33,10982.7,HYD-90,CMMS-SIM
F-002764,2026-06-14 18:00:00,20260614,BT-005,CMP-HYD,Valve block leak,WO-005682,2026-06-14 20:29:18,2026-06-15 02:16:36,5.79,2.49,8.28,11036.4,HYD-75,CMMS-SIM
F-002765,2026-06-22 09:00:00,20260622,BT-005,CMP-HYD,Main pump failure,WO-005684,2026-06-22 09:25:08,2026-06-22 15:14:27,5.82,0.42,6.24,11077.2,HYD-13,CMMS-SIM
F-002766,2026-07-01 16:00:00,20260701,BT-005,CMP-TYR,Track tension failure,WO-005687,2026-07-01 19:12:19,2026-07-01 21:27:47,2.26,3.21,5.46,11090.2,TYR-95,CMMS-SIM
F-002767,2026-07-09 16:00:00,20260709,BT-005,CMP-ELE,Harness damage,WO-005690,2026-07-09 17:12:05,2026-07-09 19:13:31,2.02,1.2,3.23,11125.6,ELE-84,CMMS-SIM
F-002768,2026-07-12 16:30:00,20260712,BT-005,CMP-HYD,Hose burst,WO-005692,2026-07-12 19:32:50,2026-07-13 02:06:58,6.57,3.05,9.62,11160.1,HYD-10,CMMS-SIM
F-002769,2026-07-18 11:30:00,20260718,BT-005,CMP-ELE,Lighting circuit fault,WO-005693,2026-07-18 15:18:26,2026-07-18 21:01:51,5.72,3.81,9.53,11224.6,ELE-98,CMMS-SIM
F-002770,2026-07-19 04:30:00,20260719,BT-005,CMP-BRK,Brake pressure fault,WO-005694,2026-07-19 04:44:33,2026-07-19 10:11:13,5.44,0.24,5.69,11245.8,BRK-53,CMMS-SIM
F-002771,2026-07-22 22:00:00,20260722,BT-005,CMP-HYD,Main pump failure,WO-005695,2026-07-23 02:48:14,2026-07-23 06:04:43,3.27,4.8,8.08,11307.5,HYD-91,CMMS-SIM
F-002772,2026-07-29 18:00:00,20260729,BT-005,CMP-HYD,Main pump failure,WO-005696,2026-07-29 18:19:46,2026-07-29 22:29:56,4.17,0.33,4.5,11395.4,HYD-97,CMMS-SIM
F-002773,2026-08-02 17:30:00,20260802,BT-005,CMP-TYR,Track tension failure,WO-005697,2026-08-02 20:16:32,2026-08-03 03:39:25,7.38,2.78,10.16,11469.0,TYR-50,CMMS-SIM
F-002774,2026-08-12 02:00:00,20260812,BT-005,CMP-ELE,Harness damage,WO-005698,2026-08-12 02:33:38,2026-08-12 05:48:00,3.24,0.56,3.8,11528.5,ELE-92,CMMS-SIM
F-002775,2025-10-02 09:00:00,20251002,BT-006,CMP-ELE,Starter fault,WO-005703,2025-10-02 10:09:59,2025-10-02 15:09:40,4.99,1.17,6.16,8035.5,ELE-40,CMMS-SIM
F-002776,2025-10-04 16:30:00,20251004,BT-006,CMP-ELE,Lighting circuit fault,WO-005704,2025-10-04 17:59:21,2025-10-05 04:41:12,10.7,1.49,12.19,8059.0,ELE-98,CMMS-SIM
F-002777,2025-10-05 16:00:00,20251005,BT-006,CMP-STR,Frame repair,WO-005705,2025-10-05 16:15:31,2025-10-05 20:42:16,4.45,0.26,4.7,8131.8,STR-31,CMMS-SIM
F-002778,2025-10-08 16:30:00,20251008,BT-006,CMP-ENG,Turbo fault,WO-005708,2025-10-08 17:23:57,2025-10-09 04:34:40,11.18,0.9,12.08,8183.1,ENG-68,CMMS-SIM
F-002779,2025-10-13 21:00:00,20251013,BT-006,CMP-HYD,Hose burst,WO-005711,2025-10-13 23:05:46,2025-10-13 23:29:56,0.4,2.1,2.5,8223.5,HYD-02,CMMS-SIM
F-002780,2025-10-20 23:00:00,20251020,BT-006,CMP-HYD,Boom cylinder seal leak,WO-005715,2025-10-21 00:49:57,2025-10-21 16:09:15,15.32,1.83,17.15,8267.7,HYD-70,CMMS-SIM
F-002781,2025-10-23 00:00:00,20251023,BT-006,CMP-ELE,Sensor failure,WO-005717,2025-10-23 02:22:02,2025-10-23 07:41:34,5.33,2.37,7.69,8319.6,ELE-57,CMMS-SIM
F-002782,2025-10-29 01:00:00,20251029,BT-006,CMP-ELE,Sensor failure,WO-005721,2025-10-29 01:38:20,2025-10-29 02:06:37,0.47,0.64,1.11,8355.0,ELE-54,CMMS-SIM
F-002783,2025-10-31 05:30:00,20251031,BT-006,CMP-HYD,Valve block leak,WO-005723,2025-10-31 07:32:09,2025-10-31 13:37:27,6.09,2.04,8.12,8416.7,HYD-20,CMMS-SIM
F-002784,2025-11-01 04:00:00,20251101,BT-006,CMP-ELE,Sensor failure,WO-005724,2025-11-01 09:03:16,2025-11-01 14:13:30,5.17,5.05,10.23,8450.4,ELE-51,CMMS-SIM
F-002785,2025-11-13 08:30:00,20251113,BT-006,CMP-ELE,Lighting circuit fault,WO-005725,2025-11-13 12:57:44,2025-11-13 20:06:11,7.14,4.46,11.6,8495.4,ELE-52,CMMS-SIM
F-002786,2025-11-18 00:00:00,20251118,BT-006,CMP-ELE,Lighting circuit fault,WO-005727,2025-11-18 00:44:32,2025-11-18 06:58:18,6.23,0.74,6.97,8573.0,ELE-59,CMMS-SIM
F-002787,2025-12-02 01:30:00,20251202,BT-006,CMP-HYD,Valve block leak,WO-005731,2025-12-02 01:48:19,2025-12-02 13:37:43,11.82,0.31,12.13,8635.7,HYD-20,CMMS-SIM
F-002788,2025-12-03 05:30:00,20251203,BT-006,CMP-BRK,Brake wear alarm,WO-005733,2025-12-03 05:54:10,2025-12-03 09:21:28,3.45,0.4,3.86,8682.9,BRK-54,CMMS-SIM
F-002789,2025-12-07 02:00:00,20251207,BT-006,CMP-TYR,Track tension failure,WO-005735,2025-12-07 03:49:55,2025-12-07 07:51:55,4.03,1.83,5.87,8735.7,TYR-44,CMMS-SIM
F-002790,2025-12-10 19:00:00,20251210,BT-006,CMP-HYD,Hose burst,WO-005736,2025-12-10 21:18:16,2025-12-11 01:38:00,4.33,2.3,6.63,8776.7,HYD-03,CMMS-SIM
F-002791,2025-12-20 11:00:00,20251220,BT-006,CMP-TYR,Sidewall damage,WO-005744,2025-12-20 11:29:58,2025-12-20 18:46:50,7.28,0.5,7.78,8823.8,TYR-34,CMMS-SIM
F-002792,2025-12-26 12:30:00,20251226,BT-006,CMP-ELE,Sensor failure,WO-005746,2025-12-26 13:27:00,2025-12-26 17:56:57,4.5,0.95,5.45,8861.6,ELE-83,CMMS-SIM
F-002793,2025-12-27 18:30:00,20251227,BT-006,CMP-HYD,Valve block leak,WO-005747,2025-12-27 19:04:41,2025-12-28 02:06:04,7.02,0.58,7.6,8886.0,HYD-94,CMMS-SIM
F-002794,2025-12-27 23:00:00,20251227,BT-006,CMP-ELE,Sensor failure,WO-005748,2025-12-27 23:31:17,2025-12-28 03:10:43,3.66,0.52,4.18,8902.2,ELE-35,CMMS-SIM
F-002795,2026-01-01 05:30:00,20260101,BT-006,CMP-ELE,Sensor failure,WO-005751,2026-01-01 05:42:15,2026-01-01 09:43:37,4.02,0.2,4.23,8931.6,ELE-11,CMMS-SIM
F-002796,2026-01-03 15:00:00,20260103,BT-006,CMP-HYD,Valve block leak,WO-005753,2026-01-03 15:16:00,2026-01-03 23:48:46,8.55,0.27,8.81,8996.7,HYD-40,CMMS-SIM
F-002797,2026-01-05 17:00:00,20260105,BT-006,CMP-HYD,Hose burst,WO-005754,2026-01-06 00:10:50,2026-01-06 01:17:57,1.12,7.18,8.3,9084.3,HYD-35,CMMS-SIM
F-002798,2026-01-12 14:00:00,20260112,BT-006,CMP-TYR,Sidewall damage,WO-005757,2026-01-12 15:35:04,2026-01-13 00:09:50,8.58,1.58,10.16,9137.2,TYR-96,CMMS-SIM
F-002799,2026-01-15 19:00:00,20260115,BT-006,CMP-ELE,Lighting circuit fault,WO-005760,2026-01-15 20:10:20,2026-01-16 03:49:27,7.65,1.17,8.82,9200.1,ELE-54,CMMS-SIM
F-002800,2026-01-15 23:00:00,20260115,BT-006,CMP-HYD,Main pump failure,WO-005761,2026-01-16 01:53:10,2026-01-16 08:08:05,6.25,2.89,9.13,9219.1,HYD-68,CMMS-SIM
F-002801,2026-01-26 22:30:00,20260126,BT-006,CMP-ENG,Turbo fault,WO-005764,2026-01-26 22:48:23,2026-01-27 03:23:52,4.59,0.31,4.9,9246.5,ENG-94,CMMS-SIM
F-002802,2026-01-28 16:30:00,20260128,BT-006,CMP-TYR,Track tension failure,WO-005765,2026-01-28 17:02:34,2026-01-28 22:35:11,5.54,0.54,6.09,9282.8,TYR-90,CMMS-SIM
F-002803,2026-01-30 02:00:00,20260130,BT-006,CMP-TYR,Tyre change,WO-005767,2026-01-30 02:09:21,2026-01-30 11:14:07,9.08,0.16,9.24,9355.0,TYR-25,CMMS-SIM
F-002804,2026-01-31 13:30:00,20260131,BT-006,CMP-HYD,Boom cylinder seal leak,WO-005769,2026-01-31 16:05:25,2026-01-31 19:56:22,3.85,2.59,6.44,9432.6,HYD-84,CMMS-SIM
F-002805,2026-02-06 09:00:00,20260206,BT-006,CMP-ELE,Harness damage,WO-005771,2026-02-06 12:01:54,2026-02-06 19:50:45,7.81,3.03,10.85,9449.1,ELE-44,CMMS-SIM
F-002806,2026-02-09 05:30:00,20260209,BT-006,CMP-ELE,Lighting circuit fault,WO-005773,2026-02-09 06:10:54,2026-02-09 09:58:55,3.8,0.68,4.48,9537.7,ELE-57,CMMS-SIM
F-002807,2026-02-09 22:00:00,20260209,BT-006,CMP-ELE,Lighting circuit fault,WO-005774,2026-02-09 23:08:19,2026-02-10 10:08:37,11.01,1.14,12.14,9585.3,ELE-29,CMMS-SIM
F-002808,2026-02-17 00:00:00,20260217,BT-006,CMP-HYD,Hose burst,WO-005779,2026-02-17 02:01:36,2026-02-17 10:10:10,8.14,2.03,10.17,9655.0,HYD-64,CMMS-SIM
F-002809,2026-02-21 21:30:00,20260221,BT-006,CMP-HYD,Hose burst,WO-005781,2026-02-21 23:04:03,2026-02-22 00:26:50,1.38,1.57,2.95,9729.6,HYD-11,CMMS-SIM
F-002810,2026-02-24 19:30:00,20260224,BT-006,CMP-ENG,Cooling issue,WO-005784,2026-02-24 19:47:28,2026-02-24 22:48:24,3.02,0.29,3.31,9779.1,ENG-31,CMMS-SIM
F-002811,2026-03-08 09:30:00,20260308,BT-006,CMP-ELE,Starter fault,WO-005788,2026-03-08 09:41:09,2026-03-08 15:14:55,5.56,0.19,5.75,9820.6,ELE-66,CMMS-SIM
F-002812,2026-03-09 23:30:00,20260309,BT-006,CMP-HYD,Boom cylinder seal leak,WO-005790,2026-03-10 00:46:25,2026-03-10 04:10:30,3.4,1.27,4.68,9884.7,HYD-89,CMMS-SIM
F-002813,2026-03-10 07:00:00,20260310,BT-006,CMP-ELE,Starter fault,WO-005791,2026-03-10 07:36:57,2026-03-10 15:01:11,7.4,0.62,8.02,9928.3,ELE-38,CMMS-SIM
F-002814,2026-03-13 17:00:00,20260313,BT-006,CMP-HYD,Valve block leak,WO-005792,2026-03-13 20:29:10,2026-03-13 21:47:32,1.31,3.49,4.79,9979.4,HYD-35,CMMS-SIM
F-002815,2026-03-15 22:00:00,20260315,BT-006,CMP-HYD,Main pump failure,WO-005795,2026-03-15 22:59:55,2026-03-16 00:09:33,1.16,1.0,2.16,10046.9,HYD-88,CMMS-SIM
F-002816,2026-03-16 04:00:00,20260316,BT-006,CMP-HYD,Hose burst,WO-005796,2026-03-16 04:00:06,2026-03-16 05:21:51,1.36,0.0,1.36,10070.0,HYD-13,CMMS-SIM
F-002817,2026-03-24 13:30:00,20260324,BT-006,CMP-ENG,Cooling issue,WO-005799,2026-03-24 15:04:04,2026-03-24 21:19:59,6.27,1.57,7.83,10106.1,ENG-17,CMMS-SIM
F-002818,2026-03-29 18:00:00,20260329,BT-006,CMP-TYR,Sidewall damage,WO-005801,2026-03-29 21:01:10,2026-03-29 22:41:41,1.68,3.02,4.69,10154.2,TYR-62,CMMS-SIM
F-002819,2026-04-02 17:00:00,20260402,BT-006,CMP-HYD,Hose burst,WO-005804,2026-04-02 17:46:26,2026-04-02 21:09:18,3.38,0.77,4.16,10186.1,HYD-36,CMMS-SIM
F-002820,2026-04-05 18:30:00,20260405,BT-006,CMP-HYD,Main pump failure,WO-005807,2026-04-05 20:05:31,2026-04-05 21:16:47,1.19,1.59,2.78,10218.6,HYD-69,CMMS-SIM
F-002821,2026-04-10 19:30:00,20260410,BT-006,CMP-HYD,Boom cylinder seal leak,WO-005810,2026-04-10 20:18:15,2026-04-11 04:14:30,7.94,0.8,8.74,10263.4,HYD-62,CMMS-SIM
F-002822,2026-04-14 16:00:00,20260414,BT-006,CMP-HYD,Boom cylinder seal leak,WO-005816,2026-04-14 16:24:17,2026-04-14 19:09:50,2.76,0.4,3.16,10281.8,HYD-28,CMMS-SIM
F-002823,2026-04-20 19:00:00,20260420,BT-006,CMP-OTH,Other mechanical fault,WO-005818,2026-04-20 19:08:15,2026-04-20 21:58:59,2.85,0.14,2.98,10336.9,OTH-02,CMMS-SIM
F-002824,2026-04-24 06:30:00,20260424,BT-006,CMP-ELE,Harness damage,WO-005819,2026-04-24 07:09:42,2026-04-24 12:09:49,5.0,0.66,5.66,10382.7,ELE-49,CMMS-SIM
F-002825,2026-04-30 13:30:00,20260430,BT-006,CMP-ELE,Starter fault,WO-005821,2026-04-30 14:31:30,2026-04-30 19:05:18,4.56,1.03,5.59,10469.2,ELE-01,CMMS-SIM
F-002826,2026-05-03 01:00:00,20260503,BT-006,CMP-TYR,Tyre change,WO-005822,2026-05-03 03:07:36,2026-05-03 08:08:44,5.02,2.13,7.15,10487.6,TYR-78,CMMS-SIM
F-002827,2026-05-03 17:00:00,20260503,BT-006,CMP-ELE,Harness damage,WO-005823,2026-05-03 18:28:08,2026-05-04 01:48:52,7.35,1.47,8.81,10571.9,ELE-78,CMMS-SIM
F-002828,2026-05-05 09:30:00,20260505,BT-006,CMP-ELE,Sensor failure,WO-005825,2026-05-05 11:42:32,2026-05-05 18:17:41,6.59,2.21,8.79,10583.8,ELE-15,CMMS-SIM
F-002829,2026-05-10 18:30:00,20260510,BT-006,CMP-ELE,Harness damage,WO-005826,2026-05-10 21:49:43,2026-05-11 03:54:17,6.08,3.33,9.4,10630.5,ELE-52,CMMS-SIM
F-002830,2026-05-12 23:00:00,20260512,BT-006,CMP-HYD,Valve block leak,WO-005829,2026-05-12 23:20:48,2026-05-13 02:34:51,3.23,0.35,3.58,10664.2,HYD-42,CMMS-SIM
F-002831,2026-05-16 23:00:00,20260516,BT-006,CMP-ELE,Sensor failure,WO-005832,2026-05-16 23:44:24,2026-05-17 07:11:31,7.45,0.74,8.19,10712.5,ELE-87,CMMS-SIM
F-002832,2026-05-17 16:30:00,20260517,BT-006,CMP-ELE,Harness damage,WO-005834,2026-05-17 16:45:22,2026-05-17 22:18:49,5.56,0.26,5.81,10725.2,ELE-37,CMMS-SIM
F-002833,2026-05-21 03:30:00,20260521,BT-006,CMP-HYD,Valve block leak,WO-005835,2026-05-21 04:27:48,2026-05-21 06:43:01,2.25,0.96,3.22,10786.0,HYD-43,CMMS-SIM
F-002834,2026-05-31 08:00:00,20260531,BT-006,CMP-ELE,Sensor failure,WO-005841,2026-05-31 10:54:22,2026-05-31 15:26:25,4.53,2.91,7.44,10809.9,ELE-39,CMMS-SIM
F-002835,2026-06-12 00:30:00,20260612,BT-006,CMP-HYD,Boom cylinder seal leak,WO-005844,2026-06-12 02:47:53,2026-06-12 11:21:11,8.56,2.3,10.85,10826.9,HYD-28,CMMS-SIM
F-002836,2026-06-14 21:00:00,20260614,BT-006,CMP-TYR,Tyre change,WO-005846,2026-06-14 21:24:01,2026-06-15 05:52:08,8.47,0.4,8.87,10868.1,TYR-66,CMMS-SIM
F-002837,2026-06-29 17:00:00,20260629,BT-006,CMP-SVC,Service-related defect,WO-005849,2026-06-29 18:51:07,2026-06-29 20:55:57,2.08,1.85,3.93,10883.9,SVC-45,CMMS-SIM
F-002838,2026-07-01 07:30:00,20260701,BT-006,CMP-TYR,Track tension failure,WO-005850,2026-07-01 08:16:18,2026-07-01 16:41:43,8.42,0.77,9.2,10922.7,TYR-10,CMMS-SIM
F-002839,2026-07-01 19:30:00,20260701,BT-006,CMP-HYD,Main pump failure,WO-005851,2026-07-01 21:15:04,2026-07-02 05:29:34,8.24,1.75,9.99,10989.9,HYD-29,CMMS-SIM
F-002840,2026-07-03 20:00:00,20260703,BT-006,CMP-ENG,Fuel system fault,WO-005853,2026-07-03 23:17:50,2026-07-04 07:22:09,8.07,3.3,11.37,11071.8,ENG-36,CMMS-SIM
F-002841,2026-07-16 17:30:00,20260716,BT-006,CMP-HYD,Boom cylinder seal leak,WO-005856,2026-07-16 20:44:04,2026-07-17 05:57:25,9.22,3.23,12.46,11133.1,HYD-74,CMMS-SIM
F-002842,2026-07-23 23:30:00,20260723,BT-006,CMP-HYD,Hose burst,WO-005858,2026-07-23 23:32:33,2026-07-24 10:34:04,11.03,0.04,11.07,11150.1,HYD-28,CMMS-SIM
F-002843,2026-08-09 06:00:00,20260809,BT-006,CMP-ELE,Harness damage,WO-005861,2026-08-09 10:11:58,2026-08-09 13:29:38,3.29,4.2,7.49,11194.6,ELE-83,CMMS-SIM
F-002844,2026-09-09 16:30:00,20260909,BT-006,CMP-ELE,Sensor failure,WO-005867,2026-09-09 17:14:11,2026-09-09 20:56:28,3.7,0.74,4.44,11218.6,ELE-03,CMMS-SIM
F-002845,2026-09-14 08:30:00,20260914,BT-006,CMP-ENG,Turbo fault,WO-005868,2026-09-14 09:34:54,2026-09-14 13:31:48,3.95,1.08,5.03,11273.4,ENG-91,CMMS-SIM
F-002846,2025-10-01 01:00:00,20251001,UV-001,CMP-ELE,Sensor failure,WO-005869,2025-10-01 04:46:58,2025-10-01 07:20:54,2.57,3.78,6.35,8043.7,ELE-85,CMMS-SIM
F-002847,2025-10-03 14:00:00,20251003,UV-001,CMP-ELE,Starter fault,WO-005872,2025-10-03 14:54:46,2025-10-03 16:51:45,1.95,0.91,2.86,8124.0,ELE-49,CMMS-SIM
F-002848,2025-10-09 14:30:00,20251009,UV-001,CMP-ELE,Harness damage,WO-005874,2025-10-09 16:37:15,2025-10-09 18:58:07,2.35,2.12,4.47,8171.7,ELE-72,CMMS-SIM
F-002849,2025-10-11 10:30:00,20251011,UV-001,CMP-HYD,Hose burst,WO-005875,2025-10-11 11:48:55,2025-10-11 15:53:17,4.07,1.32,5.39,8241.1,HYD-02,CMMS-SIM
F-002850,2025-10-19 23:30:00,20251019,UV-001,CMP-ENG,Fuel system fault,WO-005878,2025-10-20 00:31:18,2025-10-20 09:45:43,9.24,1.02,10.26,8262.7,ENG-35,CMMS-SIM
F-002851,2025-10-20 17:00:00,20251020,UV-001,CMP-TYR,Sidewall damage,WO-005879,2025-10-20 18:03:48,2025-10-21 01:57:49,7.9,1.06,8.96,8300.4,TYR-63,CMMS-SIM
F-002852,2025-10-24 07:00:00,20251024,UV-001,CMP-HYD,Boom cylinder seal leak,WO-005880,2025-10-24 08:31:25,2025-10-24 10:42:46,2.19,1.52,3.71,8359.9,HYD-19,CMMS-SIM
F-002853,2025-11-03 02:30:00,20251103,UV-001,CMP-HYD,Hose burst,WO-005886,2025-11-03 05:21:09,2025-11-03 08:34:44,3.23,2.85,6.08,8445.0,HYD-63,CMMS-SIM
F-002854,2025-11-07 03:30:00,20251107,UV-001,CMP-ELE,Harness damage,WO-005889,2025-11-07 03:50:22,2025-11-07 08:20:43,4.51,0.34,4.85,8513.7,ELE-73,CMMS-SIM
F-002855,2025-11-09 01:00:00,20251109,UV-001,CMP-ELE,Lighting circuit fault,WO-005890,2025-11-09 02:39:32,2025-11-09 12:16:56,9.62,1.66,11.28,8575.9,ELE-73,CMMS-SIM
F-002856,2025-11-12 11:30:00,20251112,UV-001,CMP-HYD,Boom cylinder seal leak,WO-005892,2025-11-12 13:56:00,2025-11-12 20:41:39,6.76,2.43,9.19,8624.3,HYD-01,CMMS-SIM
F-002857,2025-11-24 13:00:00,20251124,UV-001,CMP-TYR,Sidewall damage,WO-005898,2025-11-24 13:48:41,2025-11-24 19:27:45,5.65,0.81,6.46,8705.5,TYR-05,CMMS-SIM
F-002858,2025-11-25 13:30:00,20251125,UV-001,CMP-TRN,Torque converter issue,WO-005899,2025-11-25 14:01:24,2025-11-25 17:24:54,3.39,0.52,3.92,8724.4,TRN-33,CMMS-SIM
F-002859,2025-11-29 05:30:00,20251129,UV-001,CMP-ELE,Harness damage,WO-005900,2025-11-29 06:03:59,2025-11-29 10:45:33,4.69,0.57,5.26,8740.8,ELE-46,CMMS-SIM
F-002860,2025-12-05 13:00:00,20251205,UV-001,CMP-ELE,Starter fault,WO-005906,2025-12-05 13:41:29,2025-12-05 22:34:16,8.88,0.69,9.57,8769.9,ELE-49,CMMS-SIM
F-002861,2025-12-12 05:30:00,20251212,UV-001,CMP-ELE,Sensor failure,WO-005910,2025-12-12 06:16:24,2025-12-12 18:04:22,11.8,0.77,12.57,8847.7,ELE-77,CMMS-SIM
F-002862,2025-12-19 14:30:00,20251219,UV-001,CMP-HYD,Valve block leak,WO-005913,2025-12-19 20:34:30,2025-12-19 23:18:01,2.73,6.08,8.8,8869.4,HYD-26,CMMS-SIM
F-002863,2026-01-01 20:30:00,20260101,UV-001,CMP-HYD,Main pump failure,WO-005918,2026-01-01 22:59:07,2026-01-02 04:06:40,5.13,2.49,7.61,8902.4,HYD-82,CMMS-SIM
F-002864,2026-01-05 10:00:00,20260105,UV-001,CMP-HYD,Hose burst,WO-005920,2026-01-05 10:11:52,2026-01-05 16:05:07,5.89,0.2,6.09,8966.2,HYD-90,CMMS-SIM
F-002865,2026-01-11 23:30:00,20260111,UV-001,CMP-HYD,Valve block leak,WO-005922,2026-01-12 00:52:20,2026-01-12 06:41:47,5.82,1.37,7.2,8984.5,HYD-88,CMMS-SIM
F-002866,2026-01-12 11:30:00,20260112,UV-001,CMP-BRK,Brake wear alarm,WO-005923,2026-01-12 14:58:16,2026-01-12 15:56:51,0.98,3.47,4.45,8998.3,BRK-20,CMMS-SIM
F-002867,2026-01-14 02:30:00,20260114,UV-001,CMP-TYR,Track tension failure,WO-005925,2026-01-14 05:35:00,2026-01-14 13:37:28,8.04,3.08,11.12,9021.5,TYR-93,CMMS-SIM
F-002868,2026-01-14 23:00:00,20260114,UV-001,CMP-HYD,Main pump failure,WO-005926,2026-01-14 23:31:34,2026-01-15 04:53:05,5.36,0.53,5.88,9090.5,HYD-03,CMMS-SIM
F-002869,2026-01-17 10:30:00,20260117,UV-001,CMP-BRK,Brake wear alarm,WO-005928,2026-01-17 10:51:07,2026-01-17 17:46:12,6.92,0.35,7.27,9129.8,BRK-61,CMMS-SIM
F-002870,2026-01-18 08:00:00,20260118,UV-001,CMP-ELE,Starter fault,WO-005929,2026-01-18 10:04:55,2026-01-18 10:58:47,0.9,2.08,2.98,9219.8,ELE-30,CMMS-SIM
F-002871,2026-02-14 02:00:00,20260214,UV-001,CMP-ELE,Starter fault,WO-005939,2026-02-14 03:05:21,2026-02-14 07:38:20,4.55,1.09,5.64,9290.2,ELE-01,CMMS-SIM
F-002872,2026-02-23 21:00:00,20260223,UV-001,CMP-TYR,Sidewall damage,WO-005943,2026-02-23 23:41:15,2026-02-24 05:16:06,5.58,2.69,8.27,9322.3,TYR-98,CMMS-SIM
F-002873,2026-03-03 06:30:00,20260303,UV-001,CMP-ENG,Cooling issue,WO-005945,2026-03-03 08:55:46,2026-03-03 18:15:36,9.33,2.43,11.76,9363.7,ENG-35,CMMS-SIM
F-002874,2026-03-13 13:00:00,20260313,UV-001,CMP-HYD,Boom cylinder seal leak,WO-005947,2026-03-13 15:04:27,2026-03-13 18:42:07,3.63,2.07,5.7,9446.5,HYD-05,CMMS-SIM
F-002875,2026-03-28 15:30:00,20260328,UV-001,CMP-ELE,Harness damage,WO-005951,2026-03-28 16:44:23,2026-03-28 20:10:33,3.44,1.24,4.68,9499.3,ELE-32,CMMS-SIM
F-002876,2026-04-08 11:00:00,20260408,UV-001,CMP-HYD,Hose burst,WO-005956,2026-04-08 14:32:32,2026-04-08 23:32:35,9.0,3.54,12.54,9530.1,HYD-84,CMMS-SIM
F-002877,2026-04-09 10:30:00,20260409,UV-001,CMP-HYD,Valve block leak,WO-005957,2026-04-09 13:41:25,2026-04-09 19:50:29,6.15,3.19,9.34,9602.6,HYD-21,CMMS-SIM
F-002878,2026-04-13 00:00:00,20260413,UV-001,CMP-HYD,Main pump failure,WO-005958,2026-04-13 01:25:49,2026-04-13 07:16:16,5.84,1.43,7.27,9672.2,HYD-50,CMMS-SIM
F-002879,2026-04-21 06:30:00,20260421,UV-001,CMP-ELE,Harness damage,WO-005961,2026-04-21 07:35:07,2026-04-21 14:29:03,6.9,1.09,7.98,9700.7,ELE-59,CMMS-SIM
F-002880,2026-04-30 01:30:00,20260430,UV-001,CMP-SVC,Service-related defect,WO-005969,2026-04-30 03:02:22,2026-04-30 14:15:52,11.23,1.54,12.76,9777.1,SVC-09,CMMS-SIM
F-002881,2026-05-04 00:30:00,20260504,UV-001,CMP-TYR,Track tension failure,WO-005970,2026-05-04 01:02:42,2026-05-04 02:44:18,1.69,0.55,2.24,9863.1,TYR-89,CMMS-SIM
F-002882,2026-05-06 07:30:00,20260506,UV-001,CMP-SVC,Service-related defect,WO-005971,2026-05-06 08:12:28,2026-05-06 18:30:09,10.29,0.71,11.0,9931.9,SVC-60,CMMS-SIM
F-002883,2026-05-08 20:30:00,20260508,UV-001,CMP-HYD,Main pump failure,WO-005972,2026-05-08 21:26:08,2026-05-09 00:14:21,2.8,0.94,3.74,9947.0,HYD-53,CMMS-SIM
F-002884,2026-05-23 05:30:00,20260523,UV-001,CMP-TYR,Sidewall damage,WO-005975,2026-05-23 06:21:33,2026-05-23 16:49:14,10.46,0.86,11.32,10024.5,TYR-24,CMMS-SIM
F-002885,2026-05-25 02:00:00,20260525,UV-001,CMP-BRK,Brake pressure fault,WO-005976,2026-05-25 02:45:30,2026-05-25 05:21:25,2.6,0.76,3.36,10112.8,BRK-49,CMMS-SIM
F-002886,2026-05-26 23:00:00,20260526,UV-001,CMP-ELE,Lighting circuit fault,WO-005977,2026-05-27 00:41:26,2026-05-27 09:05:35,8.4,1.69,10.09,10160.2,ELE-54,CMMS-SIM
F-002887,2026-06-04 16:00:00,20260604,UV-001,CMP-HYD,Valve block leak,WO-005980,2026-06-04 17:47:29,2026-06-04 20:01:21,2.23,1.79,4.02,10209.8,HYD-08,CMMS-SIM
F-002888,2026-06-04 23:30:00,20260604,UV-001,CMP-ELE,Sensor failure,WO-005981,2026-06-05 00:33:38,2026-06-05 07:38:16,7.08,1.06,8.14,10284.8,ELE-72,CMMS-SIM
F-002889,2026-06-10 09:00:00,20260610,UV-001,CMP-HYD,Main pump failure,WO-005984,2026-06-10 09:59:05,2026-06-10 14:11:27,4.21,0.98,5.19,10312.9,HYD-03,CMMS-SIM
F-002890,2026-06-21 12:30:00,20260621,UV-001,CMP-BRK,Brake wear alarm,WO-005989,2026-06-21 16:59:37,2026-06-21 20:42:55,3.72,4.49,8.22,10395.2,BRK-52,CMMS-SIM
F-002891,2026-06-24 03:30:00,20260624,UV-001,CMP-HYD,Hose burst,WO-005991,2026-06-24 03:58:48,2026-06-24 07:54:18,3.92,0.48,4.41,10475.3,HYD-57,CMMS-SIM
F-002892,2026-06-26 07:00:00,20260626,UV-001,CMP-ELE,Sensor failure,WO-005992,2026-06-26 09:31:29,2026-06-26 13:45:53,4.24,2.52,6.76,10545.8,ELE-72,CMMS-SIM
F-002893,2026-07-19 15:00:00,20260719,UV-001,CMP-HYD,Hose burst,WO-005995,2026-07-19 16:57:43,2026-07-19 23:49:36,6.86,1.96,8.83,10595.6,HYD-48,CMMS-SIM
F-002894,2026-07-27 20:00:00,20260727,UV-001,CMP-BRK,Brake wear alarm,WO-005997,2026-07-27 21:17:36,2026-07-27 23:23:10,2.09,1.29,3.39,10667.8,BRK-03,CMMS-SIM
F-002895,2026-08-06 00:30:00,20260806,UV-001,CMP-ELE,Harness damage,WO-005999,2026-08-06 01:18:06,2026-08-06 11:02:28,9.74,0.8,10.54,10687.5,ELE-83,CMMS-SIM
F-002896,2026-08-22 11:00:00,20260822,UV-001,CMP-ELE,Sensor failure,WO-006001,2026-08-22 11:26:59,2026-08-22 19:22:54,7.93,0.45,8.38,10727.9,ELE-52,CMMS-SIM
F-002897,2026-08-31 11:30:00,20260831,UV-001,CMP-HYD,Valve block leak,WO-006003,2026-08-31 12:01:24,2026-08-31 16:59:06,4.96,0.52,5.49,10767.3,HYD-75,CMMS-SIM
F-002898,2025-10-01 06:00:00,20251001,UV-002,CMP-OTH,Other mechanical fault,WO-006004,2025-10-01 06:16:29,2025-10-01 13:57:11,7.68,0.27,7.95,8039.6,OTH-69,CMMS-SIM
F-002899,2025-10-06 06:30:00,20251006,UV-002,CMP-ELE,Lighting circuit fault,WO-006008,2025-10-06 08:07:39,2025-10-06 13:59:17,5.86,1.63,7.49,8061.8,ELE-02,CMMS-SIM
F-002900,2025-10-07 04:30:00,20251007,UV-002,CMP-ELE,Sensor failure,WO-006009,2025-10-07 08:42:28,2025-10-07 10:08:00,1.43,4.21,5.63,8116.9,ELE-82,CMMS-SIM
F-002901,2025-10-08 03:00:00,20251008,UV-002,CMP-HYD,Main pump failure,WO-006011,2025-10-08 04:09:17,2025-10-08 06:19:46,2.17,1.15,3.33,8172.1,HYD-34,CMMS-SIM
F-002902,2025-10-17 23:00:00,20251017,UV-002,CMP-HYD,Hose burst,WO-006014,2025-10-18 00:44:41,2025-10-18 08:00:29,7.26,1.74,9.01,8209.0,HYD-99,CMMS-SIM
F-002903,2025-10-18 04:00:00,20251018,UV-002,CMP-HYD,Hose burst,WO-006015,2025-10-18 05:41:48,2025-10-18 10:18:44,4.62,1.7,6.31,8241.5,HYD-30,CMMS-SIM
F-002904,2025-10-20 13:00:00,20251020,UV-002,CMP-HYD,Valve block leak,WO-006017,2025-10-20 13:23:53,2025-10-20 19:26:34,6.04,0.4,6.44,8327.9,HYD-70,CMMS-SIM
F-002905,2025-10-24 09:30:00,20251024,UV-002,CMP-ELE,Starter fault,WO-006019,2025-10-24 10:37:03,2025-10-24 22:31:39,11.91,1.12,13.03,8380.2,ELE-15,CMMS-SIM
F-002906,2025-10-30 01:00:00,20251030,UV-002,CMP-TYR,Track tension failure,WO-006021,2025-10-30 02:37:38,2025-10-30 04:37:16,1.99,1.63,3.62,8394.4,TYR-59,CMMS-SIM
F-002907,2025-10-30 17:00:00,20251030,UV-002,CMP-HYD,Hose burst,WO-006022,2025-10-30 17:21:38,2025-10-31 02:20:08,8.98,0.36,9.34,8482.2,HYD-67,CMMS-SIM
F-002908,2025-10-30 20:30:00,20251030,UV-002,CMP-TYR,Tyre change,WO-006023,2025-10-30 21:25:54,2025-10-31 01:28:19,4.04,0.93,4.97,8534.4,TYR-70,CMMS-SIM
F-002909,2025-11-01 00:30:00,20251101,UV-002,CMP-TYR,Tyre change,WO-006024,2025-11-01 06:28:43,2025-11-01 10:15:12,3.77,5.98,9.75,8551.3,TYR-89,CMMS-SIM
F-002910,2025-11-01 18:00:00,20251101,UV-002,CMP-ELE,Sensor failure,WO-006025,2025-11-01 18:09:37,2025-11-01 22:31:57,4.37,0.16,4.53,8635.2,ELE-59,CMMS-SIM
F-002911,2025-11-04 18:00:00,20251104,UV-002,CMP-BRK,Brake wear alarm,WO-006026,2025-11-04 19:28:28,2025-11-05 04:31:00,9.04,1.47,10.52,8690.1,BRK-01,CMMS-SIM
F-002912,2025-11-07 00:00:00,20251107,UV-002,CMP-TYR,Track tension failure,WO-006028,2025-11-07 00:42:14,2025-11-07 03:25:56,2.73,0.7,3.43,8757.9,TYR-29,CMMS-SIM
F-002913,2025-11-13 01:30:00,20251113,UV-002,CMP-HYD,Hose burst,WO-006030,2025-11-13 03:32:33,2025-11-13 07:03:09,3.51,2.04,5.55,8770.9,HYD-04,CMMS-SIM
F-002914,2025-11-19 19:30:00,20251119,UV-002,CMP-ENG,Fuel system fault,WO-006031,2025-11-19 21:58:16,2025-11-20 01:15:53,3.29,2.47,5.76,8859.3,ENG-48,CMMS-SIM
F-002915,2025-11-22 09:00:00,20251122,UV-002,CMP-ELE,Lighting circuit fault,WO-006035,2025-11-22 10:47:56,2025-11-22 12:44:17,1.94,1.8,3.74,8929.6,ELE-90,CMMS-SIM
F-002916,2025-11-25 15:00:00,20251125,UV-002,CMP-ELE,Sensor failure,WO-006039,2025-11-25 17:33:18,2025-11-25 23:00:12,5.45,2.56,8.0,8947.0,ELE-92,CMMS-SIM
F-002917,2025-11-28 11:00:00,20251128,UV-002,CMP-HYD,Main pump failure,WO-006041,2025-11-28 11:46:37,2025-11-28 17:07:14,5.34,0.78,6.12,8974.1,HYD-94,CMMS-SIM
F-002918,2025-12-01 11:00:00,20251201,UV-002,CMP-TYR,Track tension failure,WO-006042,2025-12-01 13:15:43,2025-12-01 21:06:34,7.85,2.26,10.11,9020.1,TYR-62,CMMS-SIM
F-002919,2025-12-06 03:30:00,20251206,UV-002,CMP-ELE,Lighting circuit fault,WO-006045,2025-12-06 05:15:51,2025-12-06 17:00:00,11.74,1.76,13.5,9103.4,ELE-75,CMMS-SIM
F-002920,2025-12-12 06:30:00,20251212,UV-002,CMP-HYD,Boom cylinder seal leak,WO-006046,2025-12-12 08:32:51,2025-12-12 12:54:03,4.35,2.05,6.4,9162.9,HYD-41,CMMS-SIM
F-002921,2025-12-14 06:00:00,20251214,UV-002,CMP-SVC,Service-related defect,WO-006047,2025-12-14 07:06:48,2025-12-14 20:14:05,13.12,1.11,14.23,9179.2,SVC-36,CMMS-SIM
F-002922,2025-12-22 04:00:00,20251222,UV-002,CMP-HYD,Hose burst,WO-006048,2025-12-22 08:24:37,2025-12-22 16:41:07,8.27,4.41,12.69,9198.7,HYD-73,CMMS-SIM
F-002923,2025-12-30 07:30:00,20251230,UV-002,CMP-HYD,Hose burst,WO-006052,2025-12-30 08:09:43,2025-12-30 10:17:23,2.13,0.66,2.79,9254.9,HYD-30,CMMS-SIM
F-002924,2026-01-02 18:30:00,20260102,UV-002,CMP-HYD,Main pump failure,WO-006053,2026-01-02 19:34:37,2026-01-02 20:34:09,0.99,1.08,2.07,9327.6,HYD-42,CMMS-SIM
F-002925,2026-01-05 06:00:00,20260105,UV-002,CMP-HYD,Boom cylinder seal leak,WO-006054,2026-01-05 08:46:31,2026-01-05 10:05:00,1.31,2.78,4.08,9346.8,HYD-18,CMMS-SIM
F-002926,2026-01-11 22:30:00,20260111,UV-002,CMP-ELE,Lighting circuit fault,WO-006057,2026-01-11 22:56:32,2026-01-12 05:23:25,6.45,0.44,6.89,9398.1,ELE-17,CMMS-SIM
F-002927,2026-01-19 09:00:00,20260119,UV-002,CMP-ENG,Turbo fault,WO-006058,2026-01-19 14:45:50,2026-01-20 00:33:28,9.79,5.76,15.56,9411.6,ENG-35,CMMS-SIM
F-002928,2026-01-23 20:30:00,20260123,UV-002,CMP-TYR,Track tension failure,WO-006059,2026-01-23 20:38:25,2026-01-23 23:54:45,3.27,0.14,3.41,9479.0,TYR-62,CMMS-SIM
F-002929,2026-01-29 10:00:00,20260129,UV-002,CMP-HYD,Valve block leak,WO-006061,2026-01-29 11:07:29,2026-01-29 23:31:51,12.41,1.12,13.53,9508.9,HYD-83,CMMS-SIM
F-002930,2026-02-04 17:00:00,20260204,UV-002,CMP-ENG,Fuel system fault,WO-006063,2026-02-04 17:06:56,2026-02-04 19:26:41,2.33,0.12,2.44,9583.6,ENG-85,CMMS-SIM
F-002931,2026-02-20 16:00:00,20260220,UV-002,CMP-ELE,Harness damage,WO-006067,2026-02-20 19:11:23,2026-02-20 23:34:54,4.39,3.19,7.58,9600.5,ELE-36,CMMS-SIM
F-002932,2026-02-20 20:00:00,20260220,UV-002,CMP-OTH,Other mechanical fault,WO-006068,2026-02-20 20:33:48,2026-02-21 00:09:18,3.59,0.56,4.16,9652.7,OTH-35,CMMS-SIM
F-002933,2026-02-24 11:00:00,20260224,UV-002,CMP-BRK,Brake wear alarm,WO-006069,2026-02-24 11:06:16,2026-02-24 12:58:42,1.87,0.1,1.98,9728.9,BRK-87,CMMS-SIM
F-002934,2026-03-09 20:30:00,20260309,UV-002,CMP-TYR,Track tension failure,WO-006074,2026-03-10 00:58:18,2026-03-10 07:45:51,6.79,4.47,11.26,9797.9,TYR-13,CMMS-SIM
F-002935,2026-03-25 23:30:00,20260325,UV-002,CMP-TYR,Sidewall damage,WO-006076,2026-03-26 00:31:13,2026-03-26 13:48:47,13.29,1.02,14.31,9877.3,TYR-74,CMMS-SIM
F-002936,2026-03-30 04:00:00,20260330,UV-002,CMP-ELE,Harness damage,WO-006077,2026-03-30 05:52:35,2026-03-30 09:13:43,3.35,1.88,5.23,9939.4,ELE-78,CMMS-SIM
F-002937,2026-04-01 23:00:00,20260401,UV-002,CMP-TYR,Sidewall damage,WO-006078,2026-04-02 00:55:36,2026-04-02 03:28:57,2.56,1.93,4.48,10009.6,TYR-07,CMMS-SIM
F-002938,2026-04-16 11:30:00,20260416,UV-002,CMP-ELE,Lighting circuit fault,WO-006082,2026-04-16 13:13:48,2026-04-16 20:09:40,6.93,1.73,8.66,10087.2,ELE-75,CMMS-SIM
F-002939,2026-04-19 13:30:00,20260419,UV-002,CMP-ENG,Turbo fault,WO-006083,2026-04-19 14:59:28,2026-04-20 01:23:35,10.4,1.49,11.89,10169.4,ENG-46,CMMS-SIM
F-002940,2026-04-21 17:00:00,20260421,UV-002,CMP-TYR,Sidewall damage,WO-006084,2026-04-21 18:20:35,2026-04-22 03:11:26,8.85,1.34,10.19,10253.4,TYR-76,CMMS-SIM
F-002941,2026-05-07 14:30:00,20260507,UV-002,CMP-HYD,Hose burst,WO-006087,2026-05-07 15:52:36,2026-05-07 20:28:45,4.6,1.38,5.98,10311.9,HYD-97,CMMS-SIM
F-002942,2026-05-13 16:30:00,20260513,UV-002,CMP-ELE,Starter fault,WO-006089,2026-05-13 18:40:38,2026-05-13 22:33:17,3.88,2.18,6.05,10355.4,ELE-11,CMMS-SIM
F-002943,2026-05-16 09:00:00,20260516,UV-002,CMP-ELE,Harness damage,WO-006091,2026-05-16 10:50:17,2026-05-16 19:23:23,8.55,1.84,10.39,10386.3,ELE-61,CMMS-SIM
F-002944,2026-05-26 05:00:00,20260526,UV-002,CMP-ELE,Starter fault,WO-006092,2026-05-26 07:17:45,2026-05-26 23:35:01,16.29,2.3,18.58,10403.1,ELE-02,CMMS-SIM
F-002945,2026-05-26 11:30:00,20260526,UV-002,CMP-TYR,Tyre change,WO-006093,2026-05-26 12:05:03,2026-05-26 15:05:42,3.01,0.58,3.6,10432.6,TYR-69,CMMS-SIM
F-002946,2026-06-01 13:30:00,20260601,UV-002,CMP-TYR,Sidewall damage,WO-006094,2026-06-01 14:03:16,2026-06-01 18:36:56,4.56,0.55,5.12,10478.6,TYR-44,CMMS-SIM
F-002947,2026-06-03 03:30:00,20260603,UV-002,CMP-ELE,Starter fault,WO-006095,2026-06-03 05:51:57,2026-06-03 15:45:07,9.89,2.37,12.25,10564.6,ELE-74,CMMS-SIM
F-002948,2026-06-08 02:30:00,20260608,UV-002,CMP-ELE,Sensor failure,WO-006096,2026-06-08 04:46:35,2026-06-08 12:44:21,7.96,2.28,10.24,10618.6,ELE-31,CMMS-SIM
F-002949,2026-07-03 05:30:00,20260703,UV-002,CMP-ELE,Lighting circuit fault,WO-006100,2026-07-03 07:49:44,2026-07-03 15:40:48,7.85,2.33,10.18,10651.9,ELE-63,CMMS-SIM
F-002950,2026-07-10 09:00:00,20260710,UV-002,CMP-HYD,Boom cylinder seal leak,WO-006101,2026-07-10 10:43:24,2026-07-10 14:28:46,3.76,1.72,5.48,10665.0,HYD-02,CMMS-SIM
F-002951,2026-08-30 03:30:00,20260830,UV-002,CMP-ELE,Sensor failure,WO-006108,2026-08-30 04:41:27,2026-08-30 16:31:00,11.83,1.19,13.02,10675.0,ELE-91,CMMS-SIM
F-002952,2025-10-14 16:00:00,20251014,UV-003,CMP-HYD,Hose burst,WO-006111,2025-10-14 19:26:12,2025-10-15 01:41:00,6.25,3.44,9.68,8089.1,HYD-59,CMMS-SIM
F-002953,2025-10-15 17:30:00,20251015,UV-003,CMP-ELE,Starter fault,WO-006113,2025-10-15 21:22:41,2025-10-16 03:31:34,6.15,3.88,10.03,8109.9,ELE-54,CMMS-SIM
F-002954,2025-10-18 12:00:00,20251018,UV-003,CMP-ELE,Harness damage,WO-006114,2025-10-18 18:18:34,2025-10-18 23:48:02,5.49,6.31,11.8,8199.3,ELE-82,CMMS-SIM
F-002955,2025-10-19 10:00:00,20251019,UV-003,CMP-ENG,Cooling issue,WO-006115,2025-10-19 11:53:36,2025-10-19 16:45:01,4.86,1.89,6.75,8279.2,ENG-58,CMMS-SIM
F-002956,2025-10-28 20:30:00,20251028,UV-003,CMP-HYD,Main pump failure,WO-006119,2025-10-28 20:37:31,2025-10-29 03:34:09,6.94,0.13,7.07,8326.4,HYD-38,CMMS-SIM
F-002957,2025-11-11 17:30:00,20251111,UV-003,CMP-ENG,Turbo fault,WO-006121,2025-11-11 20:54:57,2025-11-12 04:45:09,7.84,3.42,11.25,8352.3,ENG-54,CMMS-SIM
F-002958,2025-11-20 04:00:00,20251120,UV-003,CMP-TRN,Torque converter issue,WO-006125,2025-11-20 05:45:11,2025-11-20 09:18:31,3.56,1.75,5.31,8386.4,TRN-56,CMMS-SIM
F-002959,2025-11-23 06:30:00,20251123,UV-003,CMP-ELE,Harness damage,WO-006126,2025-11-23 06:45:49,2025-11-23 13:20:57,6.59,0.26,6.85,8414.8,ELE-22,CMMS-SIM
F-002960,2025-11-25 17:30:00,20251125,UV-003,CMP-ELE,Sensor failure,WO-006127,2025-11-25 19:10:09,2025-11-26 04:34:10,9.4,1.67,11.07,8495.0,ELE-52,CMMS-SIM
F-002961,2025-11-28 02:00:00,20251128,UV-003,CMP-HYD,Valve block leak,WO-006129,2025-11-28 04:26:20,2025-11-28 07:05:59,2.66,2.44,5.1,8506.6,HYD-04,CMMS-SIM
F-002962,2025-12-02 23:30:00,20251202,UV-003,CMP-HYD,Hose burst,WO-006130,2025-12-02 23:56:42,2025-12-03 04:33:51,4.62,0.45,5.06,8596.0,HYD-71,CMMS-SIM
F-002963,2025-12-04 16:30:00,20251204,UV-003,CMP-TYR,Sidewall damage,WO-006131,2025-12-04 17:45:29,2025-12-05 00:00:23,6.25,1.26,7.51,8607.9,TYR-13,CMMS-SIM
F-002964,2025-12-05 11:00:00,20251205,UV-003,CMP-HYD,Hose burst,WO-006132,2025-12-05 12:12:15,2025-12-05 17:35:24,5.39,1.2,6.59,8648.8,HYD-73,CMMS-SIM
F-002965,2025-12-07 19:00:00,20251207,UV-003,CMP-BRK,Brake pressure fault,WO-006134,2025-12-07 19:10:13,2025-12-07 23:11:11,4.02,0.17,4.19,8668.7,BRK-42,CMMS-SIM
F-002966,2025-12-08 15:00:00,20251208,UV-003,CMP-HYD,Boom cylinder seal leak,WO-006135,2025-12-08 15:37:04,2025-12-08 19:56:53,4.33,0.62,4.95,8707.2,HYD-17,CMMS-SIM
F-002967,2025-12-11 21:00:00,20251211,UV-003,CMP-ELE,Lighting circuit fault,WO-006136,2025-12-12 03:37:57,2025-12-12 07:03:57,3.43,6.63,10.07,8721.0,ELE-42,CMMS-SIM
F-002968,2025-12-18 12:00:00,20251218,UV-003,CMP-ELE,Harness damage,WO-006139,2025-12-18 12:56:10,2025-12-18 16:45:36,3.82,0.94,4.76,8745.8,ELE-76,CMMS-SIM
F-002969,2025-12-25 08:00:00,20251225,UV-003,CMP-TYR,Track tension failure,WO-006145,2025-12-25 08:15:02,2025-12-25 12:47:01,4.53,0.25,4.78,8821.8,TYR-23,CMMS-SIM
F-002970,2025-12-28 20:30:00,20251228,UV-003,CMP-ELE,Harness damage,WO-006147,2025-12-28 21:31:11,2025-12-29 03:09:10,5.63,1.02,6.65,8840.5,ELE-01,CMMS-SIM
F-002971,2026-01-14 19:30:00,20260114,UV-003,CMP-ELE,Sensor failure,WO-006153,2026-01-14 20:36:35,2026-01-15 07:25:47,10.82,1.11,11.93,8903.9,ELE-05,CMMS-SIM
F-002972,2026-01-20 21:30:00,20260120,UV-003,CMP-ELE,Lighting circuit fault,WO-006157,2026-01-21 00:12:47,2026-01-21 03:50:37,3.63,2.71,6.34,8985.1,ELE-57,CMMS-SIM
F-002973,2026-01-25 00:00:00,20260125,UV-003,CMP-TYR,Track tension failure,WO-006159,2026-01-25 00:05:03,2026-01-25 03:25:16,3.34,0.08,3.42,9000.4,TYR-09,CMMS-SIM
F-002974,2026-01-29 20:30:00,20260129,UV-003,CMP-OTH,Other mechanical fault,WO-006162,2026-01-30 00:47:59,2026-01-30 08:21:38,7.56,4.3,11.86,9056.7,OTH-08,CMMS-SIM
F-002975,2026-01-30 20:00:00,20260130,UV-003,CMP-ENG,Cooling issue,WO-006163,2026-01-30 22:15:52,2026-01-31 00:41:18,2.42,2.26,4.69,9117.5,ENG-30,CMMS-SIM
F-002976,2026-02-02 00:00:00,20260202,UV-003,CMP-HYD,Hose burst,WO-006165,2026-02-02 05:40:21,2026-02-02 06:31:44,0.86,5.67,6.53,9143.2,HYD-62,CMMS-SIM
F-002977,2026-02-02 09:00:00,20260202,UV-003,CMP-ELE,Harness damage,WO-006166,2026-02-02 09:44:36,2026-02-02 12:13:24,2.48,0.74,3.22,9187.2,ELE-08,CMMS-SIM
F-002978,2026-02-07 00:00:00,20260207,UV-003,CMP-HYD,Valve block leak,WO-006167,2026-02-07 02:31:59,2026-02-07 05:37:30,3.09,2.53,5.63,9274.3,HYD-25,CMMS-SIM
F-002979,2026-02-09 23:30:00,20260209,UV-003,CMP-TYR,Tyre change,WO-006168,2026-02-10 02:40:52,2026-02-10 09:27:26,6.78,3.18,9.96,9296.7,TYR-89,CMMS-SIM
F-002980,2026-02-10 15:30:00,20260210,UV-003,CMP-ELE,Harness damage,WO-006169,2026-02-10 16:32:35,2026-02-10 22:04:19,5.53,1.04,6.57,9353.6,ELE-36,CMMS-SIM
F-002981,2026-02-12 06:00:00,20260212,UV-003,CMP-ENG,Turbo fault,WO-006171,2026-02-12 10:30:55,2026-02-12 12:14:03,1.72,4.52,6.23,9381.3,ENG-27,CMMS-SIM
F-002982,2026-02-14 15:30:00,20260214,UV-003,CMP-HYD,Hose burst,WO-006173,2026-02-14 17:16:59,2026-02-14 20:05:33,2.81,1.78,4.59,9456.0,HYD-58,CMMS-SIM
F-002983,2026-02-20 01:30:00,20260220,UV-003,CMP-HYD,Main pump failure,WO-006175,2026-02-20 03:46:31,2026-02-20 16:17:57,12.52,2.28,14.8,9478.4,HYD-96,CMMS-SIM
F-002984,2026-02-24 02:30:00,20260224,UV-003,CMP-ENG,Cooling issue,WO-006177,2026-02-24 05:29:58,2026-02-24 17:32:44,12.05,3.0,15.05,9543.3,ENG-26,CMMS-SIM
F-002985,2026-03-06 01:30:00,20260306,UV-003,CMP-SVC,Service-related defect,WO-006179,2026-03-06 04:31:15,2026-03-06 13:17:22,8.77,3.02,11.79,9630.0,SVC-34,CMMS-SIM
F-002986,2026-03-13 11:30:00,20260313,UV-003,CMP-HYD,Valve block leak,WO-006182,2026-03-13 12:30:03,2026-03-13 15:45:32,3.26,1.0,4.26,9695.0,HYD-16,CMMS-SIM
F-002987,2026-03-21 16:00:00,20260321,UV-003,CMP-BRK,Brake wear alarm,WO-006183,2026-03-21 17:57:07,2026-03-21 21:55:18,3.97,1.95,5.92,9712.3,BRK-55,CMMS-SIM
F-002988,2026-03-31 07:30:00,20260331,UV-003,CMP-STR,Crack inspection,WO-006186,2026-03-31 10:07:29,2026-03-31 17:44:19,7.61,2.62,10.24,9786.2,STR-27,CMMS-SIM
F-002989,2026-04-07 18:30:00,20260407,UV-003,CMP-TYR,Tyre change,WO-006190,2026-04-07 19:24:29,2026-04-08 03:24:46,8.0,0.91,8.91,9873.8,TYR-57,CMMS-SIM
F-002990,2026-04-15 12:30:00,20260415,UV-003,CMP-BRK,Brake pressure fault,WO-006192,2026-04-15 16:00:24,2026-04-16 03:45:10,11.75,3.51,15.25,9888.7,BRK-55,CMMS-SIM
F-002991,2026-04-24 04:00:00,20260424,UV-003,CMP-HYD,Boom cylinder seal leak,WO-006194,2026-04-24 05:27:56,2026-04-24 10:42:02,5.23,1.47,6.7,9970.3,HYD-96,CMMS-SIM
F-002992,2026-05-02 01:00:00,20260502,UV-003,CMP-ELE,Lighting circuit fault,WO-006198,2026-05-02 01:16:59,2026-05-02 03:57:10,2.67,0.28,2.95,9998.9,ELE-70,CMMS-SIM
F-002993,2026-05-07 08:00:00,20260507,UV-003,CMP-ENG,Turbo fault,WO-006200,2026-05-07 10:30:51,2026-05-07 17:23:56,6.88,2.51,9.4,10071.3,ENG-94,CMMS-SIM
F-002994,2026-05-30 01:00:00,20260530,UV-003,CMP-HYD,Hose burst,WO-006209,2026-05-30 02:30:31,2026-05-30 17:26:28,14.93,1.51,16.44,10125.8,HYD-28,CMMS-SIM
F-002995,2026-06-07 09:30:00,20260607,UV-003,CMP-BRK,Brake pressure fault,WO-006211,2026-06-07 10:33:41,2026-06-07 16:02:49,5.49,1.06,6.55,10148.4,BRK-89,CMMS-SIM
F-002996,2026-06-21 22:00:00,20260621,UV-003,CMP-HYD,Main pump failure,WO-006215,2026-06-21 23:06:14,2026-06-22 04:58:26,5.87,1.1,6.97,10184.3,HYD-15,CMMS-SIM
F-002997,2026-06-28 04:00:00,20260628,UV-003,CMP-ELE,Sensor failure,WO-006216,2026-06-28 07:45:21,2026-06-28 10:30:10,2.75,3.76,6.5,10234.3,ELE-92,CMMS-SIM
F-002998,2026-07-05 19:00:00,20260705,UV-003,CMP-ELE,Harness damage,WO-006217,2026-07-05 21:59:14,2026-07-06 02:56:46,4.96,2.99,7.95,10290.8,ELE-61,CMMS-SIM
F-002999,2026-07-09 09:00:00,20260709,UV-003,CMP-HYD,Hose burst,WO-006219,2026-07-09 09:40:18,2026-07-09 15:26:37,5.77,0.67,6.44,10339.8,HYD-19,CMMS-SIM
F-003000,2026-07-21 23:00:00,20260721,UV-003,CMP-TYR,Tyre change,WO-006222,2026-07-21 23:34:12,2026-07-22 00:24:05,0.83,0.57,1.4,10412.7,TYR-68,CMMS-SIM
F-003001,2026-08-04 03:30:00,20260804,UV-003,CMP-HYD,Valve block leak,WO-006225,2026-08-04 06:02:31,2026-08-04 08:30:13,2.46,2.54,5.0,10425.6,HYD-81,CMMS-SIM
F-003002,2026-08-20 14:00:00,20260820,UV-003,CMP-TYR,Tyre change,WO-006227,2026-08-20 15:06:11,2026-08-20 19:28:57,4.38,1.1,5.48,10436.8,TYR-39,CMMS-SIM
F-003003,2026-08-23 11:00:00,20260823,UV-003,CMP-ELE,Harness damage,WO-006228,2026-08-23 11:51:29,2026-08-23 22:46:38,10.92,0.86,11.78,10454.0,ELE-30,CMMS-SIM
F-003004,2025-10-01 18:00:00,20251001,UV-004,CMP-ELE,Harness damage,WO-006230,2025-10-01 21:53:27,2025-10-02 01:45:05,3.86,3.89,7.75,8060.2,ELE-19,CMMS-SIM
F-003005,2025-10-02 20:30:00,20251002,UV-004,CMP-HYD,Main pump failure,WO-006232,2025-10-02 22:45:32,2025-10-03 11:49:53,13.07,2.26,15.33,8094.4,HYD-92,CMMS-SIM
F-003006,2025-10-06 04:30:00,20251006,UV-004,CMP-HYD,Hose burst,WO-006236,2025-10-06 04:58:31,2025-10-06 11:18:28,6.33,0.48,6.81,8144.0,HYD-64,CMMS-SIM
F-003007,2025-10-07 10:00:00,20251007,UV-004,CMP-HYD,Valve block leak,WO-006238,2025-10-07 11:15:05,2025-10-07 17:17:06,6.03,1.25,7.29,8219.4,HYD-23,CMMS-SIM
F-003008,2025-10-09 02:00:00,20251009,UV-004,CMP-STR,Frame repair,WO-006240,2025-10-09 02:14:20,2025-10-09 08:54:20,6.67,0.24,6.91,8266.9,STR-19,CMMS-SIM
F-003009,2025-10-11 12:30:00,20251011,UV-004,CMP-TYR,Tyre change,WO-006242,2025-10-11 13:44:47,2025-10-11 18:35:21,4.84,1.25,6.09,8323.7,TYR-22,CMMS-SIM
F-003010,2025-10-11 23:30:00,20251011,UV-004,CMP-ELE,Lighting circuit fault,WO-006243,2025-10-12 01:08:08,2025-10-12 06:34:51,5.45,1.64,7.08,8334.5,ELE-16,CMMS-SIM
F-003011,2025-10-19 04:30:00,20251019,UV-004,CMP-TYR,Tyre change,WO-006244,2025-10-19 04:54:26,2025-10-19 10:17:53,5.39,0.41,5.8,8365.3,TYR-13,CMMS-SIM
F-003012,2025-10-21 20:00:00,20251021,UV-004,CMP-HYD,Valve block leak,WO-006245,2025-10-21 21:37:38,2025-10-21 23:35:08,1.96,1.63,3.59,8428.6,HYD-70,CMMS-SIM
F-003013,2025-10-22 04:00:00,20251022,UV-004,CMP-ENG,Turbo fault,WO-006246,2025-10-22 10:42:48,2025-10-22 15:14:15,4.52,6.71,11.24,8486.2,ENG-70,CMMS-SIM
F-003014,2025-10-27 16:00:00,20251027,UV-004,CMP-HYD,Valve block leak,WO-006249,2025-10-27 18:37:16,2025-10-27 21:47:26,3.17,2.62,5.79,8514.5,HYD-55,CMMS-SIM
F-003015,2025-11-03 01:00:00,20251103,UV-004,CMP-OTH,Other mechanical fault,WO-006252,2025-11-03 05:13:11,2025-11-03 07:18:05,2.08,4.22,6.3,8578.0,OTH-08,CMMS-SIM
F-003016,2025-11-06 20:00:00,20251106,UV-004,CMP-HYD,Valve block leak,WO-006254,2025-11-06 21:05:27,2025-11-07 01:27:20,4.36,1.09,5.46,8622.7,HYD-71,CMMS-SIM
F-003017,2025-11-13 09:00:00,20251113,UV-004,CMP-HYD,Boom cylinder seal leak,WO-006256,2025-11-13 12:01:58,2025-11-13 13:48:21,1.77,3.03,4.81,8637.9,HYD-56,CMMS-SIM
F-003018,2025-11-23 10:00:00,20251123,UV-004,CMP-HYD,Hose burst,WO-006258,2025-11-23 10:18:51,2025-11-23 12:37:04,2.3,0.31,2.62,8708.9,HYD-99,CMMS-SIM
F-003019,2025-11-25 02:00:00,20251125,UV-004,CMP-HYD,Hose burst,WO-006259,2025-11-25 06:22:12,2025-11-25 09:53:02,3.51,4.37,7.88,8780.0,HYD-50,CMMS-SIM
F-003020,2025-12-03 19:30:00,20251203,UV-004,CMP-BRK,Brake pressure fault,WO-006261,2025-12-03 20:27:12,2025-12-04 00:01:03,3.56,0.95,4.52,8867.8,BRK-23,CMMS-SIM
F-003021,2025-12-16 09:30:00,20251216,UV-004,CMP-BRK,Brake pressure fault,WO-006264,2025-12-16 14:28:12,2025-12-17 01:23:45,10.93,4.97,15.9,8918.0,BRK-40,CMMS-SIM
F-003022,2025-12-19 06:30:00,20251219,UV-004,CMP-ELE,Harness damage,WO-006266,2025-12-19 06:58:42,2025-12-19 10:33:51,3.59,0.48,4.06,9006.8,ELE-60,CMMS-SIM
F-003023,2025-12-21 17:30:00,20251221,UV-004,CMP-ELE,Lighting circuit fault,WO-006268,2025-12-21 21:07:33,2025-12-22 00:18:16,3.18,3.63,6.8,9094.4,ELE-18,CMMS-SIM
F-003024,2025-12-23 19:30:00,20251223,UV-004,CMP-BRK,Brake pressure fault,WO-006269,2025-12-23 20:12:13,2025-12-24 02:17:47,6.09,0.7,6.8,9159.3,BRK-71,CMMS-SIM
F-003025,2026-01-08 07:30:00,20260108,UV-004,CMP-HYD,Hose burst,WO-006271,2026-01-08 09:42:41,2026-01-08 14:50:03,5.12,2.21,7.33,9239.1,HYD-25,CMMS-SIM
F-003026,2026-01-24 21:00:00,20260124,UV-004,CMP-ELE,Starter fault,WO-006275,2026-01-24 21:09:12,2026-01-24 23:23:42,2.24,0.15,2.4,9306.5,ELE-32,CMMS-SIM
F-003027,2026-01-25 03:00:00,20260125,UV-004,CMP-ELE,Sensor failure,WO-006276,2026-01-25 05:26:45,2026-01-25 11:53:30,6.45,2.45,8.89,9319.8,ELE-46,CMMS-SIM
F-003028,2026-02-01 08:00:00,20260201,UV-004,CMP-TYR,Tyre change,WO-006279,2026-02-01 08:38:39,2026-02-01 23:38:16,14.99,0.64,15.64,9408.9,TYR-31,CMMS-SIM
F-003029,2026-02-23 04:00:00,20260223,UV-004,CMP-ELE,Harness damage,WO-006282,2026-02-23 05:54:54,2026-02-23 11:27:46,5.55,1.92,7.46,9479.9,ELE-92,CMMS-SIM
F-003030,2026-03-05 22:00:00,20260305,UV-004,CMP-ENG,Cooling issue,WO-006285,2026-03-05 23:03:33,2026-03-06 01:43:11,2.66,1.06,3.72,9519.1,ENG-07,CMMS-SIM
F-003031,2026-03-07 13:00:00,20260307,UV-004,CMP-BRK,Brake wear alarm,WO-006286,2026-03-07 14:41:24,2026-03-08 00:49:34,10.14,1.69,11.83,9594.4,BRK-49,CMMS-SIM
F-003032,2026-03-13 12:30:00,20260313,UV-004,CMP-HYD,Boom cylinder seal leak,WO-006287,2026-03-13 17:40:16,2026-03-13 23:55:31,6.25,5.17,11.43,9629.4,HYD-15,CMMS-SIM
F-003033,2026-03-15 08:00:00,20260315,UV-004,CMP-HYD,Main pump failure,WO-006289,2026-03-15 12:13:40,2026-03-15 13:37:32,1.4,4.23,5.63,9677.5,HYD-01,CMMS-SIM
F-003034,2026-03-16 04:30:00,20260316,UV-004,CMP-TYR,Track tension failure,WO-006291,2026-03-16 07:57:05,2026-03-16 16:15:33,8.31,3.45,11.76,9746.1,TYR-60,CMMS-SIM
F-003035,2026-03-17 18:00:00,20260317,UV-004,CMP-BRK,Brake pressure fault,WO-006292,2026-03-17 22:06:35,2026-03-18 02:21:11,4.24,4.11,8.35,9761.8,BRK-49,CMMS-SIM
F-003036,2026-03-20 11:00:00,20260320,UV-004,CMP-HYD,Boom cylinder seal leak,WO-006294,2026-03-20 15:30:02,2026-03-20 20:18:54,4.81,4.5,9.32,9818.8,HYD-59,CMMS-SIM
F-003037,2026-03-23 16:00:00,20260323,UV-004,CMP-HYD,Main pump failure,WO-006297,2026-03-23 17:39:27,2026-03-23 20:58:26,3.32,1.66,4.97,9895.9,HYD-17,CMMS-SIM
F-003038,2026-03-25 07:00:00,20260325,UV-004,CMP-ELE,Harness damage,WO-006299,2026-03-25 09:07:37,2026-03-25 13:15:38,4.13,2.13,6.26,9906.4,ELE-61,CMMS-SIM
F-003039,2026-03-25 16:30:00,20260325,UV-004,CMP-HYD,Main pump failure,WO-006300,2026-03-25 18:02:22,2026-03-25 23:41:57,5.66,1.54,7.2,9939.8,HYD-49,CMMS-SIM
F-003040,2026-03-30 08:30:00,20260330,UV-004,CMP-HYD,Boom cylinder seal leak,WO-006301,2026-03-30 09:36:59,2026-03-30 13:37:04,4.0,1.12,5.12,9996.0,HYD-03,CMMS-SIM
F-003041,2026-04-07 08:30:00,20260407,UV-004,CMP-ELE,Harness damage,WO-006302,2026-04-07 11:19:11,2026-04-07 19:34:28,8.25,2.82,11.07,10049.4,ELE-17,CMMS-SIM
F-003042,2026-04-13 23:30:00,20260413,UV-004,CMP-BRK,Brake pressure fault,WO-006305,2026-04-14 00:10:47,2026-04-14 06:18:28,6.13,0.68,6.81,10097.7,BRK-06,CMMS-SIM
F-003043,2026-05-02 16:30:00,20260502,UV-004,CMP-ELE,Starter fault,WO-006310,2026-05-02 17:22:46,2026-05-02 20:11:10,2.81,0.88,3.69,10133.2,ELE-51,CMMS-SIM
F-003044,2026-05-02 22:00:00,20260502,UV-004,CMP-ENG,Fuel system fault,WO-006311,2026-05-02 22:56:34,2026-05-03 14:26:31,15.5,0.94,16.44,10184.7,ENG-52,CMMS-SIM
F-003045,2026-05-07 08:30:00,20260507,UV-004,CMP-HYD,Valve block leak,WO-006312,2026-05-07 10:08:25,2026-05-07 17:58:46,7.84,1.64,9.48,10222.6,HYD-88,CMMS-SIM
F-003046,2026-05-21 19:30:00,20260521,UV-004,CMP-TYR,Tyre change,WO-006315,2026-05-21 19:31:58,2026-05-22 00:59:37,5.46,0.03,5.49,10250.9,TYR-91,CMMS-SIM
F-003047,2026-05-27 21:00:00,20260527,UV-004,CMP-BRK,Brake pressure fault,WO-006317,2026-05-27 23:24:53,2026-05-28 03:28:20,4.06,2.41,6.47,10333.4,BRK-64,CMMS-SIM
F-003048,2026-05-29 16:30:00,20260529,UV-004,CMP-TYR,Sidewall damage,WO-006318,2026-05-29 19:21:29,2026-05-29 23:53:45,4.54,2.86,7.4,10415.9,TYR-55,CMMS-SIM
F-003049,2026-06-07 19:30:00,20260607,UV-004,CMP-TRN,Torque converter issue,WO-006322,2026-06-07 22:43:01,2026-06-08 01:45:50,3.05,3.22,6.26,10457.0,TRN-77,CMMS-SIM
F-003050,2026-06-11 02:00:00,20260611,UV-004,CMP-TYR,Sidewall damage,WO-006324,2026-06-11 08:47:12,2026-06-11 16:01:26,7.24,6.79,14.02,10502.8,TYR-64,CMMS-SIM
F-003051,2026-06-25 21:00:00,20260625,UV-004,CMP-HYD,Boom cylinder seal leak,WO-006325,2026-06-25 21:39:05,2026-06-26 02:41:52,5.05,0.65,5.7,10534.5,HYD-30,CMMS-SIM
F-003052,2026-06-27 20:30:00,20260627,UV-004,CMP-HYD,Main pump failure,WO-006326,2026-06-27 20:48:45,2026-06-28 00:29:19,3.68,0.31,3.99,10623.3,HYD-92,CMMS-SIM
F-003053,2026-07-10 00:00:00,20260710,UV-004,CMP-HYD,Boom cylinder seal leak,WO-006328,2026-07-10 01:38:05,2026-07-10 14:00:28,12.37,1.63,14.01,10693.3,HYD-69,CMMS-SIM
F-003054,2026-08-08 15:30:00,20260808,UV-004,CMP-TYR,Sidewall damage,WO-006332,2026-08-08 16:06:42,2026-08-08 19:52:44,3.77,0.61,4.38,10729.6,TYR-36,CMMS-SIM
F-003055,2026-08-16 12:30:00,20260816,UV-004,CMP-HYD,Main pump failure,WO-006334,2026-08-16 13:56:39,2026-08-16 17:48:50,3.87,1.44,5.31,10803.8,HYD-70,CMMS-SIM
